title,id,type,release_date,overview,rating,popularity,genres,release_year,original_title,genre,description,year,poster,source,source_id
Our Fault,1156594.0,movie,2025-10-15,"Jenna and Lion's wedding brings about the long-awaited reunion between Noah and Nick after their breakup. Nick's inability to forgive Noah stands as an insurmountable barrier. He, heir to his grandfather's businesses, and she, starting her professional life, resist fueling a flame that's still alive. But now that their paths have crossed again, will love be stronger than resentment?",7.937,1160.9712,"[10749, 18]",2025.0,,,,0,,,
Inside Furioza,1072699.0,movie,2025-10-14,"In the wake of murder, new Furioza leader Golden claims the reins of his violent and formidable hooligan gang and takes on a new focus across borders.",6.333,407.1937,"[28, 80, 53]",2025.0,,,,0,,,
Captain Hook - The Cursed Tides,1511789.0,movie,2025-07-11,"In the aftermath of a devastating defeat by his archnemesis Admiral Smee, the notorious Captain James Hook finds refuge in the coastal town of Eldritch Landing, where he forms an unlikely alliance with Silas Blackweather, a local blacksmith seeking retribution for his sister's murder. As they evade Smee's Redcoat Soldiers in the island's dense woodland, ruthless sword fights, ancient curses and conflicting motives will challenge their shared quest for revenge. Together, Hook and Silas navigate uncharted waters to confront the treacherous Admiral Smee, embarking on a journey that will redefine Captain Hook's enduring legacy.",7.5,373.5845,"[12, 28, 27]",2025.0,,,,0,,,
The Conjuring: Last Rites,1038392.0,movie,2025-09-03,Paranormal investigators Ed and Lorraine Warren take on one last terrifying case involving mysterious entities they must confront.,6.978,327.0111,[27],2025.0,,,,0,,,
War of the Worlds,755898.0,movie,2025-07-29,"Will Radford is a top analyst for Homeland Security who tracks potential threats through a mass surveillance program, until one day an attack by an unknown entity leads him to question whether the government is hiding something from him... and from the rest of the world.",4.4,348.4541,"[878, 53]",2025.0,,,,0,,,
Demon Slayer: Kimetsu no Yaiba Infinity Castle,1311031.0,movie,2025-07-18,"The Demon Slayer Corps are drawn into the Infinity Castle, where Tanjiro, Nezuko, and the Hashira face terrifying Upper Rank demons in a desperate fight as the final battle against Muzan Kibutsuji begins.",7.8,299.4665,"[16, 28, 14, 53]",2025.0,,,,0,,,
Stolen Girl,1280450.0,movie,2025-09-04,"In 1993, Maureen’s six-year-old daughter Amina is snuck out of the country by her ex-husband, Karim. After years of unsuccessful attempts to find her, Maureen intersects with a professional retriever of internationally abducted children who promises to help her find Amina in exchange for her collaboration.",6.7,259.397,"[53, 28, 12]",2025.0,,,,0,,,
War 2,1109086.0,movie,2025-08-13,"Years ago Agent Kabir went rogue, became India’s greatest villain ever.  As he descends further into the deepest shadows... India sends its deadliest, most lethal agent after him, Agent Vikram  A Special Units Officer who is more than Kabir’s equal and a relentless Terminator driven by his own demons, determined to put a bullet into Kabir’s skull.",5.214,238.4,"[28, 12, 53]",2025.0,,,,0,,,
My Fault,1010581.0,movie,2023-06-08,"Noah must leave her city, boyfriend, and friends to move into William Leister's mansion, the flashy and wealthy husband of her mother Rafaela. As a proud and independent 17 year old, Noah resists living in a mansion surrounded by luxury. However, it is there where she meets Nick, her new stepbrother, and the clash of their strong personalities becomes evident from the very beginning.",7.766,221.9507,"[18, 10749, 53]",2023.0,,,,0,,,
The Lost Princess,1086910.0,movie,2025-10-16,"After an Ayahuasca vision transports him to a haunted castle, Alec meets Hanna who tales him the story of her mother's forced marriage and how the forbidden passion with her father was in danger when the princess pregnancy became obvious",6.407,193.8143,"[28, 12]",2025.0,,,,0,,,
Marco,1186350.0,movie,2024-12-20,"The adoptive son of the Adattu family, Marco, sets off on a ruthless quest for vengeance after his brother is brutally murdered, finding only betrayal, loss and unimaginable brutality at every step.",6.459,189.3854,"[28, 80, 53]",2024.0,,,,0,,,
The Toxic Avenger Unrated,338969.0,movie,2025-08-28,"When a downtrodden janitor, Winston Gooze, is exposed to a catastrophic toxic accident, he’s transformed into a new kind of hero: The Toxic Avenger. Now, Toxie must rise from outcast to savior, taking on ruthless corporate overlords and corrupt forces who threaten his son, his friends, and his community.",6.336,196.8808,"[28, 35, 878]",2025.0,,,,0,,,
Holy Night: Demon Hunters,793387.0,movie,2025-04-30,"When a devil-worshipping criminal network plunges Seoul into chaos, the police turn to Holy Night—a trio of supernatural demon hunters—to restore order and defeat the rising evil.",6.615,187.4005,"[28, 14, 27, 53]",2025.0,,,,0,,,
The Fantastic 4: First Steps,617126.0,movie,2025-07-23,"Against the vibrant backdrop of a 1960s-inspired, retro-futuristic world, Marvel's First Family is forced to balance their roles as heroes with the strength of their family bond, while defending Earth from a ravenous space god called Galactus and his enigmatic Herald, Silver Surfer.",7.124,187.5392,"[878, 12]",2025.0,,,,0,,,
The Strangers: Chapter 2,1010756.0,movie,2025-09-25,"When The Strangers learn that one of their victims, Maya, is still alive, they return to finish what they’ve started.",5.634,197.5594,"[27, 53]",2025.0,,,,0,,,
Your Fault,1156593.0,movie,2024-12-26,The love between Noah and Nick seems unwavering despite their parents' attempts to separate them. But his job and her entry into college open up their lives to new relationships that will shake the foundations of both their relationship and the Leister family itself.,7.135,170.1676,"[18, 10749]",2024.0,,,,0,,,
The Twits,927254.0,movie,2025-10-17,"When the meanest, nastiest villains pull a trick to take over their town, two brave children team up with a family of magical animals to bring them down.",7.1,161.1194,"[16, 35, 10751, 14]",2025.0,,,,0,,,
Play Dirty,941109.0,movie,2025-09-30,"Expert thief Parker gets a shot at a major heist, but to pull it off he and his team must outsmart a South American dictator, the New York mob, and the world's richest man.",6.628,154.9456,[80],2025.0,,,,0,,,
Black Phone 2,1197137.0,movie,2025-10-15,"Four years after escaping The Grabber, Finney Blake is struggling with his life after captivity. When his sister Gwen begins receiving calls in her dreams from the black phone and seeing disturbing visions of three boys being stalked at a winter camp, the siblings become determined to solve the mystery and confront a killer who has grown more powerful in death and more significant to them than either could imagine.",7.3,154.1022,"[27, 53]",2025.0,,,,0,,,
KPop Demon Hunters,803796.0,movie,2025-06-20,"When K-pop superstars Rumi, Mira and Zoey aren't selling out stadiums, they're using their secret powers to protect their fans from supernatural threats.",8.259,159.0261,"[14, 10402, 35, 16]",2025.0,,,,0,,,
Mission: Impossible - The Final Reckoning,575265.0,movie,2025-05-17,"Ethan Hunt and team continue their search for the terrifying AI known as the Entity — which has infiltrated intelligence networks all over the globe — with the world's governments and a mysterious ghost from Hunt's past on their trail. Joined by new allies and armed with the means to shut the Entity down for good, Hunt is in a race against time to prevent the world as we know it from changing forever.",7.275,147.1501,"[28, 12, 53]",2025.0,,,,0,,,
Martin,861451.0,movie,2024-10-11,"Martin revolves around Lt. Brigadier Arjun Saxena, whose journey takes him from Pakistan to India to discover his real identity and fight against black market dealers, who are involved with terrorists to orchestrate massive attacks in the country.",2.1,275.6851,"[28, 18, 53]",2024.0,,,,0,,,
Vicious,1251717.0,movie,2025-10-18,"When Polly receives a mysterious box, it comes with one rule: place inside something she needs, something she hates, and something she loves. If she doesn’t obey, it will consume everything—and everyone—she’s ever known.",6.233,125.5103,"[27, 53]",2025.0,,,,0,,,
Prisoner of War,1328803.0,movie,2025-09-19,British RAF Wing Commander James Wright is captured by the Japanese during WWII and forced to fight in brutal hand-to-hand combat. The Japanese soldiers get more than they bargained for when Wright’s years of martial arts training in Hong Kong prove him to be a formidable opponent.,6.956,124.5165,"[28, 10752, 53, 36]",2025.0,,,,0,,,
TRON: Ares,533533.0,movie,2025-10-08,"A highly sophisticated Program called Ares is sent from the digital world into the real world on a dangerous mission, marking humankind's first encounter with A.I. beings.",6.417,119.2987,"[878, 12, 28]",2025.0,,,,0,,,
V/H/S/HALLOWEEN,1373445.0,movie,2025-09-19,"A collection of Halloween-themed videotapes unleashes a series of twisted, blood-soaked tales, turning trick-or-treat into a struggle for survival.",6.226,138.3647,"[27, 53, 35]",2025.0,,,,0,,,
Superman,1061474.0,movie,2025-07-09,"Superman, a journalist in Metropolis, embarks on a journey to reconcile his Kryptonian heritage with his human upbringing as Clark Kent.",7.441,119.7394,"[878, 12, 28]",2025.0,,,,0,,,
xXx,7451.0,movie,2002-08-09,"Xander Cage is your standard adrenaline junkie with no fear and a lousy attitude. When the US Government ""recruits"" him to go on a mission, he's not exactly thrilled. His mission: to gather information on an organization that may just be planning the destruction of the world, led by the nihilistic Yorgi.",5.964,121.2967,"[28, 12, 53, 80]",2002.0,,,,0,,,
Mantis,1267319.0,movie,2025-09-26,"Mantis, an ace assassin, returns to the contract killer industry after a hiatus, encountering his trainee friend Jae-yi and a retired legendary killer Dok-go, who now runs the organization.",5.994,118.1283,"[28, 80, 53]",2025.0,,,,0,,,
Caramelo,1277988.0,movie,2025-10-08,"After a life-changing diagnosis, a promising chef finds hope and humor with the help of a fur-midable dog friend.",7.737,111.6724,"[35, 18]",2025.0,,,,0,,,
Night of the Reaper,1502943.0,movie,2025-10-16,"College student Deena visits her home town and is roped into a babysitting gig. Meanwhile, the local sheriff, after receiving a piece of evidence in the mail, falls into an increasingly desperate scavenger hunt involving a series of murders.",6.0,120.109,"[27, 53]",2025.0,,,,0,,,
Bambi: The Reckoning,1049942.0,movie,2025-07-11,"After a mother and son get in a car wreck, they soon become hunted by Bambi, a mutated grief-stricken deer on a deadly rampage seeking revenge for the death of his mother and wife.",6.0,115.3589,"[27, 53]",2025.0,,,,0,,,
Goldilocks and the Three Bears: Death & Porridge,1186274.0,movie,2024-06-05,A group of friends on a rural getaway must fight for their lives against vengeful masked versions of the fairy tale characters.,3.5,102.1945,"[27, 53]",2024.0,,,,0,,,
27 Nights,1327769.0,movie,2025-09-19,"When a woman is admitted by her daughters to a psychiatric clinic for her carefree ways, an expert must judge if she is ill or simply wants to enjoy life.",6.571,144.58,[35],2025.0,,,,0,,,
Valiant One,1009640.0,movie,2025-01-30,"With tensions between North and South Korea, a US helicopter crashes on the North side. The survivors must work together to protect a civilian tech specialist and find their way out without the help of US military support.",6.313,99.0193,"[10752, 53, 28]",2025.0,,,,0,,,
Weapons,1078605.0,movie,2025-08-04,"When all but one child from the same class mysteriously vanish on the same night at exactly the same time, a community is left questioning who or what is behind their disappearance.",7.389,94.4426,"[27, 9648]",2025.0,,,,0,,,
Forgive Me Father,1364992.0,movie,2024-11-04,"When a number of mutilated bodies are discovered in a countryside mansion, seasoned Detective Taylor is charged with finding the killer. An unlikely suspect reveals that some secrets are taken to the grave...and some secrets TAKE US TO THE GRAVE!",6.0,112.7529,"[53, 27, 80]",2024.0,,,,0,,,
Jurassic World Rebirth,1234821.0,movie,2025-07-01,"Five years after the events of Jurassic World Dominion, covert operations expert Zora Bennett is contracted to lead a skilled team on a top-secret mission to secure genetic material from the world's three most massive dinosaurs. When Zora's operation intersects with a civilian family whose boating expedition was capsized, they all find themselves stranded on an island where they come face-to-face with a sinister, shocking discovery that's been hidden from the world for decades.",6.393,96.4793,"[878, 12, 28]",2025.0,,,,0,,,
One Battle After Another,1054867.0,movie,2025-09-23,"Washed-up revolutionary Bob exists in a state of stoned paranoia, surviving off-grid with his spirited, self-reliant daughter, Willa. When his evil nemesis resurfaces after 16 years and she goes missing, the former radical scrambles to find her, father and daughter both battling the consequences of his past.",7.771,85.8105,"[28, 53, 80]",2025.0,,,,0,,,
How to Train Your Dragon,1087192.0,movie,2025-06-06,"On the rugged isle of Berk, where Vikings and dragons have been bitter enemies for generations, Hiccup stands apart, defying centuries of tradition when he befriends Toothless, a feared Night Fury dragon. Their unlikely bond reveals the true nature of dragons, challenging the very foundations of Viking society.",8.017,87.3961,"[14, 10751, 28, 12]",2025.0,,,,0,,,
My Fault: London,1294203.0,movie,2025-02-12,"18-year-old Noah moves from America to London, with her mother who's recently fallen in love with William, a wealthy British businessman. Noah meets William’s son, bad-boy Nick, and soon discovers there is an attraction between them neither can avoid. As Noah spends the summer adjusting to her new life, her devastating past will catch up with her while falling in love for the first time.",7.466,84.2565,"[10749, 18]",2025.0,,,,0,,,
Gabby's Dollhouse: The Movie,1280282.0,movie,2025-09-13,"Gabby heads out on a road trip with her Grandma Gigi to the urban wonderland of Cat Francisco. But when Gabby's dollhouse, her most prized possession, ends up in the hands of an eccentric cat lady named Vera, Gabby sets off on an adventure through the real world to get the Gabby Cats back together and save the dollhouse before it's too late.",6.891,91.0102,"[10751, 35, 12, 16]",2025.0,,,,0,,,
Django Undisputed,1357886.0,movie,2024-04-22,"Determined to exact his justice, Django faces dangerous challenges and bloody clashes to restore order in a territory dominated by lawlessness and injustice.",6.1,78.1932,[37],2024.0,,,,0,,,
Fight Another Day,1053008.0,movie,2024-10-09,"Follows a tough cop, who after being transported to a dystopian future, must enter a deadly combat tournament to be able to return to his past.",5.111,78.3968,[28],2024.0,,,,0,,,
F1,911430.0,movie,2025-06-25,Racing legend Sonny Hayes is coaxed out of retirement to lead a struggling Formula 1 team—and mentor a young hotshot driver—while chasing one more chance at glory.,7.832,82.6644,"[28, 18]",2025.0,,,,0,,,
Brute 1976,1221415.0,movie,2024-03-13,"In 1976 a group of people in the desert for a photo shoot, stumble upon an abandoned town called Savage. But they are not alone. A family of masked psychopaths have claimed Savage as their own and are hell bent on living up to its name.",3.9,89.4464,[27],2024.0,,,,0,,,
A Big Bold Beautiful Journey,1241921.0,movie,2025-09-17,"Sarah and David are single strangers who meet at a mutual friend’s wedding and soon, through a surprising twist of fate, find themselves on a funny, fantastical, sweeping adventure together where they get to re-live important moments from their respective pasts, illuminating how they got to where they are in the present... and possibly getting a chance to alter their futures.",6.415,75.8111,"[10749, 14, 18]",2025.0,,,,0,,,
Ne Zha 2,980477.0,movie,2025-01-29,"After a catastrophic event leaves their bodies destroyed, Ne Zha and Ao Bing are granted a fragile second chance at life. As tensions rise between the dragon clans and celestial forces, the two must undergo a series of perilous trials that will test their bond, challenge their identities, and decide the fate of both mortals and immortals.",8.032,74.6905,"[16, 14, 12, 28]",2025.0,,,,0,,,
Maintenance Required,1352755.0,movie,2025-10-07,"Charlie, the fiercely independent owner of an all-female mechanic shop, is forced to reevaluate her future when a flashy corporate competitor moves in across the street. Seeking comfort, she turns to an anonymous online confidant - unaware she's confiding in Beau, the very rival threatening her business. As sparks fly both online and off, the truth threatens to blow everything apart.",5.538,66.2598,"[10749, 35]",2025.0,,,,0,,,
HIM,986097.0,movie,2025-09-18,"After suffering a potentially career-ending brain trauma, Cameron Cade receives a lifeline when his hero, legendary eight-time Championship quarterback and cultural megastar Isaiah White, offers to train Cam at Isaiah's isolated compound that he shares with his celebrity influencer wife. But as Cam's training accelerates, Isaiah's charisma begins to curdle into something darker.",5.882,60.4542,"[27, 9648]",2025.0,,,,0,,,
Assassin,1552819.0,movie,2025-09-26,,4.375,68.2813,[28],2025.0,,,,0,,,
She Walks in Darkness,1275151.0,movie,2025-10-03,"A young agent leaves everything behind to pose as a member of ETA, risking her life to uncover the terrorists' hideouts in the south of France.",6.3,69.3412,"[18, 53]",2025.0,,,,0,,,
Nobody 2,1007734.0,movie,2025-08-13,"Former assassin Hutch Mansell takes his family on a nostalgic vacation to a small-town theme park, only to be pulled back into violence when they clash with a corrupt operator, a crooked sheriff, and a ruthless crime boss.",7.096,70.3389,"[28, 53]",2025.0,,,,0,,,
The Bad Guys 2,1175942.0,movie,2025-07-24,"The now-reformed Bad Guys are trying (very, very hard) to be good, but instead find themselves hijacked into a high-stakes, globe-trotting heist, masterminded by a new team of criminals they never saw coming: The Bad Girls.",7.796,65.1516,"[10751, 35, 80, 12, 16]",2025.0,,,,0,,,
Good News,1296404.0,movie,2025-09-05,"When hijackers seize a Japanese flight and demand to fly to Pyongyang, a mysterious mastermind hatches a zany scheme to reroute the plane to Seoul.",6.8,63.8318,"[53, 35, 36]",2025.0,,,,0,,,
Gypsy Moon,1549457.0,movie,2024-02-14,"The year is 1799 Romania. The Gypsy people on the verge of having their lands taken over by bloodthirsty rulers known as ""The Order"" An officer of the Order ""Captain"" finds his way into a twist of fate and his bloodthirsty companions.",7.0,50.4541,"[14, 53]",2024.0,,,,0,,,
No Tears in Hell,1512581.0,movie,2025-08-12,"In the frozen darkness of an Alaskan winter, a mother and son turn their home into a house of nightmares — luring victims into a twisted web of abuse and cannibalism. Based on the terrifying true story of Russian serial killer Alexander Spesivtsev.",6.286,43.4676,"[27, 80]",2025.0,,,,0,,,
Interstellar,157336.0,movie,2014-11-05,The adventures of a group of explorers who make use of a newly discovered wormhole to surpass the limitations on human space travel and conquer the vast distances involved in an interstellar voyage.,8.461,76.1836,"[12, 18, 878]",2014.0,,,,0,,,
The Black Phone,756999.0,movie,2022-06-16,"Finney Blake, a shy but clever 13-year-old boy, is abducted by a sadistic killer and trapped in a soundproof basement where screaming is of little use. When a disconnected phone on the wall begins to ring, Finney discovers that he can hear the voices of the killer’s previous victims. And they are dead set on making sure that what happened to them doesn’t happen to Finney.",7.556,75.81,"[27, 53]",2022.0,,,,0,,,
Chainsaw Man - The Movie: Reze Arc,1218925.0,movie,2025-09-19,"In a brutal war between devils, hunters, and secret enemies, a mysterious girl named Reze has stepped into Denji's world, and he faces his deadliest battle yet, fueled by love in a world where survival knows no rules.",8.478,57.3413,"[16, 28, 14]",2025.0,,,,0,,,
Lilo & Stitch,552524.0,movie,2025-05-17,The wildly funny and touching story of a lonely Hawaiian girl and the fugitive alien who helps to mend her broken family.,7.251,62.9649,"[10751, 878, 35, 12]",2025.0,,,,0,,,
Laila,1403735.0,movie,2025-02-14,"Sonu Model, a renowned beautician from the old city, is forced to disguise himself as Laila, leading to a series of comedic, romantic, and action-packed events. Chaos ensues in this hilarious laugh riot",5.167,59.2952,"[35, 10749]",2025.0,,,,0,,,
Grafted,1201262.0,movie,2024-09-12,"When an awkward but brilliant Chinese student wins a scholarship into a prestigious New Zealand University, she finds a new way of achieving the popularity she craves one bloody body at a time.",5.543,59.2202,[27],2024.0,,,,0,,,
The Ugly Stepsister,1284120.0,movie,2025-03-07,"In a fairy-tale kingdom where beauty is a brutal business, Elvira battles to compete with her incredibly beautiful stepsister, and she will go to any length to catch the prince’s eye.",7.237,57.5438,"[27, 35, 14, 18]",2025.0,,,,0,,,
The Lost Bus,1236470.0,movie,2025-09-19,A determined father risks everything to rescue a dedicated teacher and her students from a raging wildfire.,7.2,52.7419,"[18, 9648, 53]",2025.0,,,,0,,,
Sorority,1477114.0,movie,2025-06-20,"A tale of seduction and mystery. A fearless pre-law student joins an elite sorority led by a powerful heiress. As secrets unfold, she’s torn between the woman who awakened her desire and a truth that could destroy them both.",6.6,54.9143,"[18, 10749]",2025.0,,,,0,,,
Late Bloomer,1275585.0,movie,2024-04-30,"When Therese learns that her days are numbered, she seeks the help of her friend Maddie to find guys to have sex with, but she soon discovers her real sexual cravings.",6.4,62.1363,[18],2024.0,,,,0,,,
Bitter Souls,1375402.0,movie,2024-10-23,"After a tragic accident, a teenage girl is resurrected with the use of black magic. She uses her new-found powers to exact vengeance on her tormentors.",3.0,62.0382,[27],2024.0,,,,0,,,
Everybody Loves Me When I'm Dead,1429750.0,movie,2025-10-10,Two bank employees steal from a dead woman's account and unwittingly entangle themselves in Pattaya's criminal underworld.,5.813,52.1271,"[53, 80, 18]",2025.0,,,,0,,,
Living Large,947512.0,movie,2024-10-17,"A 12-year-old boy faces bullying due to his weight and decides to take charge of his life by adopting a healthier lifestyle and trying to win the heart of the girl he admires. Through his journey, he learns the importance of positivity and standing against body shaming, discovering that true confidence comes from embracing who you are.",6.1,57.5316,"[16, 10751, 35]",2024.0,,,,0,,,
Ice Road: Vengeance,1119878.0,movie,2025-06-27,"Big rig ice road driver Mike McCann travels to Nepal to scatter his late brother’s ashes on Mt. Everest. While on a packed tour bus traversing the deadly 12,000 ft. terrain of the infamous Road to the Sky, McCann and his mountain guide encounter a group of mercenaries and must fight to save themselves, the busload of innocent travelers, and the local villagers’ homeland.",6.315,49.389,"[28, 53, 18]",2025.0,,,,0,,,
The Time That Remains,1550223.0,movie,2025-10-15,"Surrounded by a string of deaths, an older woman relives her romance with a mysterious, ageless lover as an inspector closes in on their dark secret.",6.75,49.6076,"[18, 10749, 14]",2025.0,,,,0,,,
Elio,1022787.0,movie,2025-06-18,"Elio, a space fanatic with an active imagination, finds himself on a cosmic misadventure where he must form new bonds with eccentric alien lifeforms, navigate a crisis of intergalactic proportions and somehow discover who he is truly meant to be.",6.959,49.635,"[10751, 35, 12, 16, 878]",2025.0,,,,0,,,
The Naked Gun,1035259.0,movie,2025-07-30,Only one man has the particular set of skills... to lead Police Squad and save the world: Lt. Frank Drebin Jr.,6.601,47.6567,"[35, 28, 80]",2025.0,,,,0,,,
Final Destination Bloodlines,574475.0,movie,2025-05-14,"Plagued by a violent recurring nightmare, college student Stefanie heads home to track down the one person who might be able to break the cycle and save her family from the grisly demise that inevitably awaits them all.",7.106,48.4923,"[27, 9648]",2025.0,,,,0,,,
M3GAN 2.0,1071585.0,movie,2025-06-25,"After the underlying tech for M3GAN is stolen and misused by a powerful defense contractor to create a military-grade weapon known as Amelia, M3GAN's creator Gemma realizes that the only option is to resurrect M3GAN and give her a few upgrades, making her faster, stronger, and more lethal.",7.4,45.243,"[28, 878, 53]",2025.0,,,,0,,,
Ne Zha,615453.0,movie,2019-07-26,"A young boy is born as the reincarnation of a demonic power, into a society that hates and fears him. Destined by prophecy to bring destruction to the world, Nezha must choose between good and evil to see if he can change his fate.",7.889,48.815,"[16, 14, 12]",2019.0,,,,0,,,
The Avengers,24428.0,movie,2012-04-25,"When an unexpected enemy emerges and threatens global safety and security, Nick Fury, director of the international peacekeeping agency known as S.H.I.E.L.D., finds himself in need of a team to pull the world back from the brink of disaster. Spanning the globe, a daring recruitment effort begins!",7.829,49.1755,"[878, 28, 12]",2012.0,,,,0,,,
Aztec Batman: Clash of Empires,987400.0,movie,2025-09-18,"In the time of the Aztec empire, tragedy strikes Yohualli Coatl when his father is murdered by Spanish conquistadors. To warn King Moctezuma and his high priest, Yoka, of imminent danger, Yohualli escapes to Tenochtitlán. There, he trains in the temple of the bat god Tzinacan with his mentor, developing equipment and weaponry to confront the Spanish invasion and avenge his father’s death. Along the way, he encounters key figures like the fierce Jaguar Woman and the conquistador Hernán Cortés.",7.883,45.056,"[16, 28, 12, 14]",2025.0,,,,0,,,
Ballerina,541671.0,movie,2025-06-04,"Taking place during the events of John Wick: Chapter 3 – Parabellum, Eve Macarro begins her training in the assassin traditions of the Ruska Roma.",7.338,45.0561,"[28, 53, 80]",2025.0,,,,0,,,
St. Patrick's Day Massacre,1377413.0,movie,2025-03-10,"On a trip to Dublin to celebrate St. Patrick's Day, four friends agree to spend the night in an abandoned tavern, where they are stalked by an undead killer in search of revenge for a tragedy that occurred centuries before.",3.0,49.3297,[27],2025.0,,,,0,,,
Striking Rescue,1382406.0,movie,2024-12-05,A veteran Muay Thai expert goes on a take-no-prisoners mission of revenge after his wife and daughter are brutally murdered by mysterious forces.,7.512,43.4464,"[28, 80, 53]",2024.0,,,,0,,,
Moana 2,1241982.0,movie,2024-11-21,"After receiving an unexpected call from her wayfinding ancestors, Moana journeys alongside Maui and a new crew to the far seas of Oceania and into dangerous, long-lost waters for an adventure unlike anything she's ever faced.",7.035,41.4867,"[10751, 35, 12, 16, 14]",2024.0,,,,0,,,
Stay,1547527.0,movie,2025-10-07,"Kiara, a PhD author on African spirituality, and Miles, a former MMA fighter turned trainer, facing the end of their marriage. They encounter supernatural forces and go from fighting one another to fighting for their lives. To survive, they must conquer darkness with love.",3.917,33.9998,"[53, 27]",2025.0,,,,0,,,
Ruth & Boaz,1371189.0,movie,2025-09-25,"A talented singer leaves the Atlanta music scene and starts over in small-town Tennessee, where she finds love and new purpose but can't escape the past.",7.745,38.5107,"[10749, 18, 10402]",2025.0,,,,0,,,
Corpse Bride,3933.0,movie,2005-09-12,"In a 19th-century European village, a young man about to be married is whisked away to the underworld and wed to a mysterious corpse bride, while his real bride waits bereft in the land of the living.",7.584,42.9566,"[10749, 14, 16]",2005.0,,,,0,,,
The Substance,933260.0,movie,2024-09-07,"A fading celebrity decides to use a black market drug, a cell-replicating substance that temporarily creates a younger, better version of herself.",7.148,39.958,"[18, 27, 878]",2024.0,,,,0,,,
A Working Man,1197306.0,movie,2025-03-26,"Levon Cade left behind a decorated military career in the black ops to live a simple life working construction. But when his boss's daughter, who is like family to him, is taken by human traffickers, his search to bring her home uncovers a world of corruption far greater than he ever could have imagined.",6.703,41.1103,"[28, 80, 53]",2025.0,,,,0,,,
The Day the Earth Blew Up: A Looney Tunes Movie,870360.0,movie,2024-08-01,"Porky and Daffy, the classic animated odd couple, turn into unlikely heroes when their antics at the local bubble gum factory uncover a secret alien mind control plot. Against all odds, the two are determined to save their town (and the world!)...that is if they don't drive each other crazy in the process.",7.7,38.6089,"[10751, 35, 12, 16, 878]",2024.0,,,,0,,,
I Swear,1044736.0,movie,2025-03-26,"Thirtysomething Marco goes through life without a compass. Employed at a Forbach recycling center, he finds comfort in alcohol. And a little with Madeleine, a mature woman with whom he secretly has a relationship. One day, he is drawn by lot to be a juror of Assisi. Incapable of discernment for himself, Marco will have to decide the life of a young arsonist accused of manslaughter.",5.8,42.0665,[18],2025.0,,,,0,,,
Inside Out 2,1022789.0,movie,2024-06-11,"Teenager Riley's mind headquarters is undergoing a sudden demolition to make room for something entirely unexpected: new Emotions! Joy, Sadness, Anger, Fear and Disgust, who’ve long been running a successful operation by all accounts, aren’t sure how to feel when Anxiety shows up. And it looks like she’s not alone.",7.553,35.7263,"[16, 12, 35, 10751]",2024.0,,,,0,,,
Coco,354912.0,movie,2017-10-27,"Despite his family’s baffling generations-old ban on music, Miguel dreams of becoming an accomplished musician like his idol, Ernesto de la Cruz. Desperate to prove his talent, Miguel finds himself in the stunning and colorful Land of the Dead following a mysterious chain of events. Along the way, he meets charming trickster Hector, and together, they set off on an extraordinary journey to unlock the real story behind Miguel's family history.",8.202,39.3851,"[10751, 16, 10402, 12]",2017.0,,,,0,,,
As Good as Dead,1028248.0,movie,2022-12-16,An ex-cop in self-imposed witness protection in Mexico becomes a target when a fight video of his apprentice goes viral.,6.191,35.864,"[28, 80]",2022.0,,,,0,,,
Motherland,1223422.0,movie,2025-09-12,"In an alternate present society where the state frees parents from the burden of raising children, a rule enforcer learns a shocking truth that sparks her rebellion.",6.864,30.5347,"[18, 878, 53]",2025.0,,,,0,,,
French Lover,1289888.0,movie,2025-09-25,"When a jaded actor meets a down-on-her-luck waitress in Paris, their unexpected love story begins — but will it survive the glare of the spotlight?",5.801,37.8826,"[10749, 35]",2025.0,,,,0,,,
Red Sonja,13494.0,movie,2025-07-31,A young girl rises from the ashes of tragedy to become the most feared warrior woman of all time: the She-Devil with a Sword.,5.7,37.6343,"[12, 28, 14]",2025.0,,,,0,,,
Avatar: The Way of Water,76600.0,movie,2022-12-14,"Set more than a decade after the events of the first film, learn the story of the Sully family (Jake, Neytiri, and their kids), the trouble that follows them, the lengths they go to keep each other safe, the battles they fight to stay alive, and the tragedies they endure.",7.61,37.0001,"[28, 12, 878]",2022.0,,,,0,,,
Together,1242011.0,movie,2025-07-28,"With a move to the countryside already testing the limits of a couple's relationship, a supernatural encounter begins an extreme transformation of their love, their lives, and their flesh.",7.181,34.7877,"[27, 10749]",2025.0,,,,0,,,
Monster: The Ed Gein Story,286801.0,tv,2025-10-03,"The shocking true-life tale of Ed Gein, the infamous murderer and grave robber who inspired many of Hollywood's most iconic on-screen killers.",7.378,212.1717,"[18, 80]",2025.0,,,,0,,,
Grey's Anatomy,1416.0,tv,2005-03-27,Follows the personal and professional lives of a group of doctors at Seattle’s Grey Sloan Memorial Hospital.,8.217,183.8679,[18],2005.0,,,,0,,,
Law & Order: Special Victims Unit,2734.0,tv,1999-09-20,"In the criminal justice system, sexually-based offenses are considered especially heinous. In New York City, the dedicated detectives who investigate these vicious felonies are members of an elite squad known as the Special Victims Unit. These are their stories.",7.939,166.4626,"[80, 18, 9648]",1999.0,,,,0,,,
Dexter,1405.0,tv,2006-10-01,"Dexter Morgan, a blood spatter pattern analyst for the Miami Metro Police also leads a secret life as a serial killer, hunting down criminals who have slipped through the cracks of justice.",8.2,159.2146,"[80, 18, 9648]",2006.0,,,,0,,,
Pili,19530.0,tv,1988-06-01,"Pili is a puppet show from Taiwan. It is made by Pili International Multimedia. The TV series started in 1985, and it still continues today. It is one of the most popular TV shows in Taiwan. Pili puppet show is performed by many kinds of puppets, some of them are cool, some are intelligent, and some are funny. Unlike traditional puppet shows, Pili puppet show uses state-of-the-art animation to help present its fighting art. The delicate design of the appearance and characteristics of each puppet has made Pili puppet show a well-known entertainment in Taiwan.",7.4,158.5082,"[10759, 18]",1988.0,,,,0,,,
Tulsa King,153312.0,tv,2022-11-13,"Just after he is released from prison after 25 years, New York mafia capo Dwight “The General” Manfredi is unceremoniously exiled by his boss to set up shop in Tulsa, Okla. Realizing that his mob family may not have his best interests in mind, Dwight slowly builds a “crew” from a group of unlikely characters, to help him establish a new criminal empire in a place that to him might as well be another planet.",8.322,152.3224,"[80, 18, 35]",2022.0,,,,0,,,
One-Punch Man,63926.0,tv,2015-10-05,"The most powerful superhero in the world can kill anyone with one blow. But nothing can challenge him, so he struggles with ennui and depression.",8.4,151.2825,"[16, 35, 10759, 10765]",2015.0,,,,0,,,
The Last Frontier,221079.0,tv,2025-10-09,When a prison transport plane crashes in the remote Alaskan wilderness—freeing dozens of violent inmates—the region's lone marshal must protect the town he's vowed to keep safe.,7.925,143.2231,"[80, 18]",2025.0,,,,0,,,
The Rookie,79744.0,tv,2018-10-16,"Starting over isn't easy, especially for small-town guy John Nolan who, after a life-altering incident, is pursuing his dream of being an LAPD officer. As the force's oldest rookie, he’s met with skepticism from some higher-ups who see him as just a walking midlife crisis.",8.531,150.9169,"[80, 18, 35]",2018.0,,,,0,,,
Supernatural,1622.0,tv,2005-09-13,"When they were boys, Sam and Dean Winchester lost their mother to a mysterious and demonic supernatural force. Subsequently, their father raised them to be soldiers. He taught them about the paranormal evil that lives in the dark corners and on the back roads of America ... and he taught them how to kill it. Now, the Winchester brothers crisscross the country in their '67 Chevy Impala, battling every kind of supernatural threat they encounter along the way. ",8.3,132.1008,"[18, 9648, 10765]",2005.0,,,,0,,,
NCIS,4614.0,tv,2003-09-23,"From murder and espionage to terrorism and stolen submarines, a team of special agents investigates any crime that has a shred of evidence connected to Navy and Marine Corps personnel, regardless of rank or position.",7.6,133.294,"[80, 18, 10759]",2003.0,,,,0,,,
Secret Lives,14610.0,tv,1999-01-25,Salatut elämät (Secret Lives) is a Finnish television soap opera that premiered on MTV3 on 25 January 1999. The series' storylines follow the daily lives of several families who live in the same apartment block in Helsinki.,4.5,118.1744,"[10766, 18]",1999.0,,,,0,,,
Fuse,16656.0,tv,1962-06-04,"Fitil is a popular Soviet/Russian television satirical/comedy short film series which ran for about 500 episodes. Some of the episodes were aimed at children, and were called Фитилёк, Fitilyok, Little Fuse. Each issue contained from the few short segments: documentary, fictional and animated ones. Directed by various artists, including Leonid Gaidai who presented his famous trio of Nikulin, Vitsin and Morgunov into the cast. It was called in USSR as ""the anecdotes from the Soviet government"".",7.6,121.5014,"[35, 99, 16, 10751]",1962.0,,,,0,,,
Family Guy,1434.0,tv,1999-01-31,"Sick, twisted, politically incorrect and Freakin' Sweet animated series featuring the adventures of the dysfunctional Griffin family. Bumbling Peter and long-suffering Lois have three kids. Stewie (a brilliant but sadistic baby bent on killing his mother and taking over the world), Meg (the oldest, and is the most unpopular girl in town) and Chris (the middle kid, he's not very bright but has a passion for movies). The final member of the family is Brian - a talking dog and much more than a pet, he keeps Stewie in check whilst sipping Martinis and sorting through his own life issues.",7.398,124.37,"[16, 35]",1999.0,,,,0,,,
Tagesschau,94722.0,tv,1952-12-26,"German daily news program, the oldest still existing program on German television.",6.8,126.1671,[10763],1952.0,,,,0,,,
Game of Thrones,1399.0,tv,2011-04-17,"Seven noble families fight for control of the mythical land of Westeros. Friction between the houses leads to full-scale war. All while a very ancient evil awakens in the farthest north. Amidst the war, a neglected military order of misfits, the Night's Watch, is all that stands between the realms of men and icy horrors beyond.",8.459,116.1133,"[10765, 18, 10759]",2011.0,,,,0,,,
Shameless,34307.0,tv,2011-01-09,"Chicagoan Frank Gallagher is the proud single dad of six smart, industrious, independent kids, who without him would be... perhaps better off. When Frank's not at the bar spending what little money they have, he's passed out on the floor. But the kids have found ways to grow up in spite of him. They may not be like any family you know, but they make no apologies for being exactly who they are.",8.2,119.2418,"[18, 35]",2011.0,,,,0,,,
Stranger Things,66732.0,tv,2016-07-15,"When a young boy vanishes, a small town uncovers a mystery involving secret experiments, terrifying supernatural forces, and one strange little girl.",8.6,113.0058,"[18, 10765, 9648]",2016.0,,,,0,,,
Wednesday,119051.0,tv,2022-11-23,"Smart, sarcastic and a little dead inside, Wednesday Addams investigates twisted mysteries while making new friends — and foes — at Nevermore Academy.",8.381,106.5058,"[10765, 9648, 35]",2022.0,,,,0,,,
Ninja Boy Rantaro,34860.0,tv,1993-04-10,"Rantarō, Shinbei and Kirimaru are ninja  apprentices in the Ninja Gakuen, where first grade ones are called  ""Nintamas"". They must learn  everything a ninja must know, but as for our heroes, money, food or  playing are more interesting. The series show the everyday adventures of  our heroes.",6.5,111.9516,"[35, 10759, 10762, 16, 10751]",1993.0,,,,0,,,
Criminal Minds,4057.0,tv,2005-09-22,"An elite team of FBI profilers analyze the country's most twisted criminal minds, anticipating their next moves before they strike again. The Behavioral Analysis Unit's most experienced agent is David Rossi, a founding member of the BAU who returns to help the team solve new cases.",8.3,111.9077,"[80, 18, 9648]",2005.0,,,,0,,,
Dinastía Casillas,302463.0,tv,2025-10-07,,8.5,105.4924,"[18, 10759, 9648]",2025.0,,,,0,,,
The Simpsons,456.0,tv,1989-12-17,"Set in Springfield, the average American town, the show focuses on the antics and everyday adventures of the Simpson family; Homer, Marge, Bart, Lisa and Maggie, as well as a virtual cast of thousands. Since the beginning, the series has been a pop culture icon, attracting hundreds of celebrities to guest star. The show has also made name for itself in its fearless satirical take on politics, media and American life in general.",8.013,114.8845,"[10751, 16, 35]",1989.0,,,,0,,,
Peacemaker,110492.0,tv,2022-01-13,"The continuing story of Peacemaker, a vainglorious superhero/supervillain who believes in peace at any cost — no matter how many people he has to kill. After a miraculous recovery from his duel with Bloodsport, Peacemaker soon discovers that his freedom comes at a price.",8.21,101.5643,"[10759, 10765, 18]",2022.0,,,,0,,,
The Tonight Show Starring Johnny Carson,2261.0,tv,1962-10-01,"The Tonight Show Starring Johnny Carson is a talk show hosted by Johnny Carson under The Tonight Show franchise from 1962 to 1992. It originally aired during late-night. For its first ten years, Carson's Tonight Show was based in New York City with occasional trips to Burbank, California; in May 1972, the show moved permanently to Burbank, California. In 2002, The Tonight Show Starring Johnny Carson was ranked #12 on TV Guide's 50 Greatest TV Shows of All Time.",7.5,109.3826,[10767],1962.0,,,,0,,,
House,1408.0,tv,2004-11-16,"Dr. Gregory House, a drug-addicted, unconventional, misanthropic medical genius, leads a team of diagnosticians at the fictional Princeton–Plainsboro Teaching Hospital in New Jersey.",8.59,102.4868,"[18, 35, 9648]",2004.0,,,,0,,,
Breaking Bad,1396.0,tv,2008-01-20,"Walter White, a New Mexico chemistry teacher, is diagnosed with Stage III cancer and given a prognosis of only two years left to live. He becomes filled with a sense of fearlessness and an unrelenting desire to secure his family's financial future at any cost as he enters the dangerous world of drugs and crime.",8.924,102.3009,"[18, 80]",2008.0,,,,0,,,
Gen V,205715.0,tv,2023-09-28,"At America's only college for superheroes, gifted students put their moral boundaries to the test, competing for the university's top ranking, and a chance to join The Seven, Vought International's elite superhero team. When the school's dark secrets come to light, they must decide what kind of heroes they want to become.",7.7,96.4789,"[10759, 18, 10765]",2023.0,,,,0,,,
Alice in Borderland,110316.0,tv,2020-12-10,"With his two friends, a video-game-obsessed young man finds himself in a strange version of Tokyo where they must compete in dangerous games to win.",8.1,91.0532,"[9648, 18, 10759]",2020.0,,,,0,,,
Sazae-san,153485.0,tv,1969-10-14,The adventures of Sazae Fuguta and her family and friends in their Tokyo suburb.,6.5,99.9992,"[16, 35, 10751]",1969.0,,,,0,,,
Only You,199332.0,tv,2010-10-30,,0.0,90.1616,[10764],2010.0,,,,0,,,
Young Hearts,14424.0,tv,1995-04-24,"Malhação is a Brazilian television series for the teenage audience. The soap started in 1995, and was set in a fictional Gym Club called Malhação on Barra da Tijuca, Rio de Janeiro. Through the years the location varied slightly. Although the name of the soap remains the same, it is now set in the Múltipla Escolha High School.",6.3,91.9472,"[10766, 35, 18]",1995.0,,,,0,,,
Law & Order,549.0,tv,1990-09-13,"In cases ripped from the headlines, police investigate serious and often deadly crimes, weighing the evidence and questioning the suspects until someone is taken into custody. The district attorney's office then builds a case to convict the perpetrator by proving the person guilty beyond a reasonable doubt. Working together, these expert teams navigate all sides of the complex criminal justice system to make New York a safer place.",7.391,123.5742,"[80, 18]",1990.0,,,,0,,,
Na Wspólnej,14750.0,tv,2003-01-27,"Na Wspólnej is a Polish soap opera. It has been running since 2003 on the TVN channel as its flagship primetime weekday soap opera. It is loosely based on the German production Unter Uns and it follows the lives of the inhabitants of an apartment block in Wspólna Street, Warsaw. Episodes tend to last around 20 minutes. It is a Polish version of the Hungarian ""Barátok közt"".

The series is shot almost entirely in Warsaw and produced by the Polish branch of Freemantle Media. On 9 September 2008 it celebrated its 1000th episode; ""Na Wspólnej"" was the fourth Polish television series ever to achieve such status. A special episode was broadcast in which characters from some other of TVN's most popular shows visited Wspólna Street.",4.4,90.3452,[10766],2003.0,,,,0,,,
The Blacklist,46952.0,tv,2013-09-23,"Raymond ""Red"" Reddington, one of the FBI's most wanted fugitives, surrenders in person at FBI Headquarters in Washington, D.C. He claims that he and the FBI have the same interests: bringing down dangerous criminals and terrorists. In the last two decades, he's made a list of criminals and terrorists that matter the most but the FBI cannot find because it does not know they exist. Reddington calls this ""The Blacklist"". Reddington will co-operate, but insists that he will speak only to Elizabeth Keen, a rookie FBI profiler.",7.641,94.0616,"[18, 80, 9648]",2013.0,,,,0,,,
HK 80's,228091.0,tv,1981-06-08,"This sitcom  series premiered in 1981 and changed its name every year, from ""Hong Kong 81"" to ""Hong Kong 86."" It was eventually replaced by a new sitcom called ""City Stories."" A total of 1330 episodes were produced, making it the second-longest-running series in Hong Kong, after ""Come Home Love: Lo and Behold"".

Each episode of this series is inspired by current social issues, with early storylines often satirizing society's flaws. The characters, such as ""Chen Ji,"" ""Mrs. Shun,"" ""Uncle Mao,"" ""Jue Wu Yin,"" ""Miss Su,"" ""A Wei,"" and ""Ah Kang,"" mostly hail from the grassroots, leaving a lasting impression on the audience. For example, ""Mrs. Shun,"" portrayed by Lydia Shum, later became a term to describe uneducated women who follow trends blindly. ""Chen Ji,"" played by Lawrence Ng, is a stockbroker who loves to show off his wealth, and his behavior typified that of many Hong Kongers, becoming a byword for the city's nouveau riche.",0.0,91.0553,"[35, 18, 10751]",1981.0,,,,0,,,
Burn the House Down,210268.0,tv,2023-07-13,"After her mother took the blame for a tragic fire 13 years ago, Anzu plots revenge by working as a housekeeper under a pseudonym for her icy stepmother.",7.3,145.0012,"[18, 9648]",2023.0,,,,0,,,
Smallville,4604.0,tv,2001-10-16,The origins of the world’s greatest hero–from Krypton refugee Kal-el’s arrival on Earth through his tumultuous teen years to Clark Kent’s final steps toward embracing his destiny as the Man of Steel.,8.196,82.3897,"[10765, 10759, 18]",2001.0,,,,0,,,
The Daily Show,2224.0,tv,1996-07-22,"The World's Fakest News Team tackle the biggest stories in news, politics and pop culture.",6.388,88.5254,"[10763, 35]",1996.0,,,,0,,,
The World Heritage,82172.0,tv,2014-07-05,"TBS’s ”World Heritage,” is a 30-minute weekly documentary series that is registered by UNESCO under Natural Heritage, Cultural Heritage and Cultural Sciences. The program started in spring, 1996, and over a span of 10 years has covered about 560 topics around the world. To better convey the grandeur of these treasures of the world, TBS has shot the series in High-Definition. High quality images, impeccable narrative, and beautiful music...the elements are simple and straightforward. The producers feel that this style of presentation works best to visually document and preserve the wonders of the world, and continue to do so to this day.",8.0,85.0742,[99],2014.0,,,,0,,,
Binnelanders,206559.0,tv,2005-10-13,"A South African Afrikaans soap opera. It is set in and around the fictional private hospital, Binneland Kliniek, in Pretoria, and the storyline follows the trials, trauma and tribulations of the staff and patients of the hospital.",5.606,86.3183,[10766],2005.0,,,,0,,,
Alpha Forum,101253.0,tv,1998-01-07,,0.0,81.644,[10767],1998.0,,,,0,,,
Prison Break,2288.0,tv,2005-08-29,"Due to a political conspiracy, an innocent man is sent to death row and his only hope is his brother, who makes it his mission to deliberately get himself sent to the same prison in order to break the both of them out, from the inside out.",8.076,78.7712,"[10759, 80, 18]",2005.0,,,,0,,,
CSI: Crime Scene Investigation,1431.0,tv,2000-10-06,"A Las Vegas team of forensic investigators are trained to solve criminal cases by scouring the crime scene, collecting irrefutable evidence and finding the missing pieces that solve the mystery.",7.636,85.0457,"[80, 18, 9648]",2000.0,,,,0,,,
FROM,124364.0,tv,2022-02-20,"Unravel the mystery of a nightmarish town in middle America that traps all those who enter. As the unwilling residents fight to keep a sense of normalcy and search for a way out, they must also survive the threats of the surrounding forest – including the terrifying creatures that come out when the sun goes down.",8.2,79.8736,"[9648, 18, 10765]",2022.0,,,,0,,,
Die Küchenschlacht,46034.0,tv,2008-01-14,,8.0,81.5556,[10764],2008.0,,,,0,,,
Spartacus,46296.0,tv,2010-01-22,"Torn from his homeland and the woman he loves, Spartacus is condemned to the brutal world of the arena where blood and death are primetime entertainment.",8.028,80.9594,[18],2010.0,,,,0,,,
Bones,1911.0,tv,2005-09-13,"Dr. Temperance Brennan and her colleagues at the Jeffersonian's Medico-Legal Lab assist Special Agent Seeley Booth with murder investigations when the remains are so badly decomposed, burned or destroyed that the standard identification methods are useless.",8.209,81.5573,"[80, 18]",2005.0,,,,0,,,
Adam's Sweet Agony,241002.0,tv,2024-01-08,"This is the story of a boy, who became the lone Adam among four billion Eves. In a world where a pandemic has rendered all men impotent, high school student Itsuki is the exception who escaped it. In order to protect this secret, he transfers to a very special high school, which turns out to be composed of 90% girls! There, he encounters an upbeat and friendly senior, a sexually frustrated female teacher, a tomboyish school 'prince,' and an heiress from a wealthy family. For Itsuki, who has his pick of any woman in the world, the question remains: which one will he choose?",6.4,80.9411,[16],2024.0,,,,0,,,
Esref Ruya,283123.0,tv,2025-03-19,"As a child, Eşref fell in love from afar with a girl he called “Rüya” and spent years searching for her, only to become a powerful mafia figure along the way. Meanwhile, Nisan, an idealistic musician, finds herself in grave danger after performing at a wedding held at Eşref’s hotel. Eşref falls for Nisan, unaware that she is both the long-lost Rüya he has been chasing for years and a police informant. Trapped in a whirlwind of love, betrayal, and power struggles, Eşref is forced into a brutal reckoning—both with his criminal empire and his own emotions.",7.1,66.9524,[18],2025.0,,,,0,,,
"My Gift Lvl 9999 Unlimited Gacha: Backstabbed in a Backwater Dungeon, I'm Out for Revenge!",278635.0,tv,2025-10-03,"God created nine races in the ancient times. Humans were the weakest, most ridiculed race among them. Light, a human boy, was fortunate enough to be invited to join a party of all nine races called the ""Assembly of the Races."" He was happy being a member for a while, but that was a short dream. His hopes were only to be betrayed by his fellow members at the largest, most heinous dungeon ""Abyss."" After surviving by himself at the bottom of Abyss, Light learns the true meaning of his gift ""Unlimited Gacha."" Light will rise from the worst despair to build his own empire of the strongest players.",7.5,75.6786,"[16, 10759, 10765, 18]",2025.0,,,,0,,,
Kamen Rider,2661.0,tv,1971-04-03,"Takeshi Hongo is a promising young man with a passion for motorcycle racing. However, his dreams are suddenly ruined when he gets kidnapped by Shocker, the evil secret organization planning to dominate the world. After being remodeled into a cyborg, Takeshi escapes and swears to protect the world from the inhuman monsters.",6.4,75.2134,"[10759, 10765, 18]",1971.0,,,,0,,,
Kangsi Coming,6836.0,tv,2004-01-05,"KangXi Lai Le is a Taiwanese variety-comedy talk show hosted by variety show veterans Dee Hsu and Kevin Tsai. It was produced by Chungta Production from 2004 to 2009, and currently produced by Gold Star Production along with the writing and production staff of GUESS. It was first broadcast on 5 January 2004 and currently airs Monday to Friday at 22:00-23:00 on cable TV CTi Variety. In most episodes, the hosts interview a panel of celebrities in various and controversial topics while employing their signature comedic bantering. It is broadcast in Hong Kong on ATV Home under the name of Variety Show of Mr Con and Ms Csi.

Although it is broadcast in Taiwan, the show is very successful and popular among Chinese speaking audiences across the world who watch uploaded re-runs over the internet or through bootleg DVDs. The show has been mentioned in other Taiwanese variety and talk shows, mainly from presenters who appeared on the show.",7.7,65.0305,"[10767, 10764]",2004.0,,,,0,,,
Big Brother,11366.0,tv,2000-07-18,"A British reality television game show in which a number of contestants live in an isolated house for several weeks, trying to avoid being evicted by the public with the aim of winning a large cash prize at the end of the run.",4.317,78.9087,[10764],2000.0,,,,0,,,
Midsomer Murders,764.0,tv,1997-03-23,"The peacefulness of the Midsomer community is shattered by violent crimes, suspects are placed under suspicion, and it is up to a veteran DCI and his young sergeant to calmly and diligently eliminate the innocent and ruthlessly pursue the guilty. ",7.5,77.6901,"[80, 18, 9648]",1997.0,,,,0,,,
The Walking Dead: Daryl Dixon,211684.0,tv,2023-09-10,"Daryl washes ashore in France and struggles to piece together how he got there and why. The series tracks his journey across a broken but resilient France as he hopes to find a way back home. As he makes the journey, though, the connections he forms along the way complicate his ultimate plan.",8.1,73.9179,"[10765, 10759, 18]",2023.0,,,,0,,,
RadhaKrishn,86310.0,tv,2018-10-01,"The story of Radha and Krishna is the epitome of eternal love, which transcends eras and emotions.",9.0,75.1177,"[18, 10751, 35, 10759, 10766]",2018.0,,,,0,,,
Old Money,278009.0,tv,2025-10-10,Nihal's affluent life comes under threat when a self-made tycoon with an eye for money — and an even sharper one for love — shakes up Istanbul's elite.,3.125,63.03,[18],2025.0,,,,0,,,
Gachiakuta,256721.0,tv,2025-07-06,"Accused of murder and thrown into the Pit, a young orphan joins a group of monster fighters with special powers to uncover the truth and seek vengeance.",8.943,72.2702,"[16, 10759, 18, 10765]",2025.0,,,,0,,,
The Tonight Show Starring Jimmy Fallon,59941.0,tv,2014-02-17,"After Jay Leno's second retirement from the program, Jimmy Fallon stepped in as his permanent replacement. After 42 years in Los Angeles the program was brought back to New York.",5.9,79.3333,"[35, 10767]",2014.0,,,,0,,,
Sturm der Liebe,45789.0,tv,2005-09-26,"These are the stories of relationships taking place in the fictional five-star hotel Fürstenhof, located in Feldkirchen-Westerham near Rosenheim with the plot revolving around members of the family room area, the hotel owners, and employees.",6.0,75.4616,"[18, 10766]",2005.0,,,,0,,,
The Vampire Diaries,18165.0,tv,2009-09-10,"The story of two vampire brothers obsessed with the same girl, who bears a striking resemblance to the beautiful but ruthless vampire they knew and loved in 1864.",8.3,73.4413,"[18, 10765]",2009.0,,,,0,,,
The Office,2316.0,tv,2005-03-24,"The everyday lives of office employees in the Scranton, Pennsylvania branch of the fictional Dunder Mifflin Paper Company.",8.585,79.5684,[35],2005.0,,,,0,,,
South Park,2190.0,tv,1997-08-13,"Follow the misadventures of four irreverent grade-schoolers in the quiet, dysfunctional town of South Park, Colorado.",8.346,72.8055,"[16, 35]",1997.0,,,,0,,,
The Mike Douglas Show,10536.0,tv,1961-12-11,"The Mike Douglas Show is an American daytime television talk show hosted by Mike Douglas that originally aired only in the Cleveland area during much of its first two years on the air. It then went into syndication in 1963 and remained on television until 1982. It was distributed by Westinghouse Broadcasting and for much of its run, originated from studios of two of the company's TV stations in Cleveland and Philadelphia.",5.4,70.5991,"[35, 10767]",1961.0,,,,0,,,
Néro the Assassin,249551.0,tv,2025-10-08,"France, 1504. A ruthless assassin goes on the run with his estranged daughter in his quest to protect her from deadly enemies and evil forces.",6.94,61.6931,"[18, 10759]",2025.0,,,,0,,,
Državni posao,46831.0,tv,2012-09-24,"The backbone of the ""Državni Posao (Government Job)"" are satirical talks between the three actors, the comments are reminiscent of the ""stand-up"" form. These are short, witty comments and observations on daily life, circumstances, sociopolitical situation, sports, entertainment world, their personal opinions on various topics. The main idea is to present day in a non-existent government company and three employees of thinking about daily events in it, but also about life and society in general. Topics drawn from the daily and weekly press, for various blogs, websites, talk about movies, series, shows - radio and television. The idea is that actors humorously comment on current events, to laugh viewers and encourage them to think about them.",7.9,73.3674,[35],2012.0,,,,0,,,
Doraemon,57911.0,tv,1979-04-02,Doraemon is an anime TV series created by Fujiko F. Fujio and based on the manga series of the same name. This anime is the much more successful successor of the 1973 anime.,7.7,71.389,"[10759, 16, 35, 10765, 10762, 10751]",1979.0,,,,0,,,
Slow Horses,95480.0,tv,2022-04-01,"Follow a dysfunctional team of MI5 agents—and their obnoxious boss, the notorious Jackson Lamb—as they navigate the espionage world's smoke and mirrors to defend England from sinister forces.",7.972,73.3018,"[80, 18, 35]",2022.0,,,,0,,,
Raw,4656.0,tv,1993-01-11,"A regularly scheduled, live, year-round program featuring some of the biggest WWE Superstars.",6.771,74.4565,[10764],1993.0,,,,0,,,
No One Saw Us Leave,246027.0,tv,2025-10-15,"A mother faces stigma and a painful separation when her husband takes their children abroad, forever changing her life.",7.583,74.2967,[18],2025.0,,,,0,,,
Radio Arvyla,32580.0,tv,2008-04-14,"Radio Arvyla is a Greek live show hosted by ANT1 in Thessaloniki. It first aired on April 2008. It is hosted by Antonis Kanakis, Giannis Servetas, Stathis Panagiotopoulos and Christos Kiousis. It mainly criticizes the political life and what prevails in the modern social life through parodies, videos and jokes. It's a show that isn't afraid to show the truth and most of the time, it does that, with a humorous way.",5.5,71.5423,"[35, 10763]",2008.0,,,,0,,,
American Dad!,1433.0,tv,2005-02-06,"The series focuses on an eccentric motley crew that is the Smith family and their three housemates: Father, husband, and breadwinner Stan Smith; his better half housewife, Francine Smith; their college-aged daughter, Hayley Smith; and their high-school-aged son, Steve Smith. Outside of the Smith family, there are three additional main characters, including Hayley's boyfriend turned husband, Jeff Fischer; the family's man-in-a-goldfish-body pet, Klaus; and most notably the family's zany alien, Roger, who is ""full of masquerades, brazenness, and shocking antics.""",6.992,80.1579,"[16, 35]",2005.0,,,,0,,,
Suits,37680.0,tv,2011-06-23,"While running from a drug deal gone bad, Mike Ross, a brilliant young college-dropout, slips into a job interview with one of New York City's best legal closers, Harvey Specter. Tired of cookie-cutter law school grads, Harvey takes a gamble by hiring Mike on the spot after he recognizes his raw talent and photographic memory.",8.227,73.4183,[18],2011.0,,,,0,,,
A Kindred Spirit,15844.0,tv,1995-05-15,"A Kindred Spirit was a television drama series that was broadcast on TVB Jade in Hong Kong from 15 May 1995 to 13 November 1999. It is one of the longest running drama shows in Hong Kong television history. Its exceptional longevity still amazes people in a city where scripted TV drama programs typically only last around 20 episodes. The total number of episodes is 1,128. Each episode airs a few days in each week.

The show centres on a family who operates a barbecue pork restaurant in Happy Valley, Hong Kong, and their life.",0.0,70.64,"[18, 35]",1995.0,,,,0,,,
Vikings,44217.0,tv,2013-03-03,"The adventures of Ragnar Lothbrok, the greatest hero of his age. The series tells the sagas of Ragnar's band of Viking brothers and his family, as he rises to become King of the Viking tribes. As well as being a fearless warrior, Ragnar embodies the Norse traditions of devotion to the gods. Legend has it that he was a direct descendant of Odin, the god of war and warriors.",8.094,68.3564,"[10759, 18, 10768]",2013.0,,,,0,,,
The Walking Dead,1402.0,tv,2010-10-31,Sheriff's deputy Rick Grimes awakens from a coma to find a post-apocalyptic world dominated by flesh-eating zombies. He sets out to find his family and encounters many other survivors along the way.,8.091,70.4291,"[10759, 18, 10765]",2010.0,,,,0,,,
If You Are the One,103751.0,tv,2010-01-15,"With a viewing audience of up to 50 million per episode, this popular Chinese dating show is a cultural phenomenon. A lone male suitor has to impress a panel of 24 single women, who can then register their interest or disinterest in the man through the use of their podium lights. Popular host Meng Fei oversees the action in front of a large studio audience.",10.0,68.1845,[],2010.0,,,,0,,,
SPY x FAMILY,120089.0,tv,2022-04-09,"A spy, an assassin and a telepath come together to pose as a family, each for their own reasons, while hiding their true identities from each other.",8.539,67.3997,"[16, 35, 10759]",2022.0,,,,0,,,
Task,228305.0,tv,2025-09-07,"In the working-class suburbs of Philadelphia, an FBI agent heads a task force assembled to put an end to a string of violent robberies led by an unsuspecting family man.",5.979,67.3927,"[80, 18]",2025.0,,,,0,,,
Boots,225647.0,tv,2025-10-09,"In 1990, a bullied, gay high school student named Cameron joins the Marine Corps with his straight best friend, Ray — a dangerous move when being gay in the military meant jail time or worse. As these two friends plunge into Marine Corps boot camp, where the landmines are both literal and metaphorical, they join a platoon of young men on a harrowing journey of transformation.",8.313,68.4782,"[35, 18, 10768]",2025.0,,,,0,,,
The Summer I Turned Pretty,194766.0,tv,2022-06-16,"Every summer, Belly and her family head to the Fishers’ beach house in Cousins. Every summer is the same ... until Belly turns sixteen. Relationships will be tested, painful truths will be revealed, and Belly will be forever changed. It’s a summer of first love, first heartbreak and growing up — it's the summer she turns pretty.",8.14,65.0904,[18],2022.0,,,,0,,,
Chicago Fire,44006.0,tv,2012-10-10,"An edge-of-your-seat view into the lives of everyday heroes committed to one of America's noblest professions. For the firefighters, rescue squad and paramedics of Chicago Firehouse 51, no occupation is more stressful or dangerous, yet so rewarding and exhilarating. These courageous men and women are among the elite who forge headfirst into danger when everyone else is running the other way and whose actions make the difference between life and death.",8.409,69.8692,[18],2012.0,,,,0,,,
Miraculous: Tales of Ladybug & Cat Noir,65334.0,tv,2015-10-19,"Marinette and Adrien, two Parisian teenagers, are entrusted with powerful jewels in order to transform into superheroes Ladybug and Cat Noir. But neither hero knows the other's true identity — or that they're classmates!",8.046,65.896,"[10759, 16, 10762]",2015.0,,,,0,,,
Friends,1668.0,tv,1994-09-22,"Six young people from New York City, on their own and struggling to survive in the real world, find the companionship, comfort and support they get from each other to be the perfect antidote to the pressures of life.",8.425,73.3503,[35],1994.0,,,,0,,,
Blue Bloods,32692.0,tv,2010-09-24,"A drama about a multi-generational family of cops dedicated to New York City law enforcement. Frank Reagan is the New York Police Commissioner and heads both the police force and the Reagan brood. He runs his department as diplomatically as he runs his family, even when dealing with the politics that plagued his unapologetically bold father, Henry, during his stint as Chief.",7.796,71.5151,"[80, 18]",2010.0,,,,0,,,
Golden Boy,210865.0,tv,2022-09-23,"A young girl is forced to marry a rich groom. The groom is not only rich, but also allows himself to live without any restrictions or obligations. Will married life change his habits? And how will such a man be accepted by a good-hearted wife?",8.279,64.8086,"[10751, 18]",2022.0,,,,0,,,
Shin Chan,30623.0,tv,1992-04-13,"Shin-chan, the boy next door, is a walking disaster, creating chaos wherever he goes. With the body of a child and the mind of an adult, Shinchan is wreaking more havoc than any child before. Shin-chan is carefree, optimistic and gets excited about everything. This 5 year-old likes to do things his way.",7.8,67.2753,"[16, 35, 10762]",1992.0,,,,0,,,
Two and a Half Men,2691.0,tv,2003-09-22,A hedonistic jingle writer's free-wheeling life comes to an abrupt halt when his brother and 10-year-old nephew move into his beach-front house.,7.447,65.1754,[35],2003.0,,,,0,,,
Castle,1419.0,tv,2009-03-09,"After a serial killer imitates the plots of his novels, successful mystery novelist Richard ""Rick"" Castle receives permission from the Mayor of New York City to tag along with an NYPD homicide investigation team for research purposes.",8.0,67.6876,"[18, 80]",2009.0,,,,0,,,
Alien: Earth,157239.0,tv,2025-08-12,"When the mysterious deep space research vessel USCSS Maginot crash-lands on Earth, Wendy and a ragtag group of tactical soldiers make a fateful discovery that puts them face-to-face with the planet's greatest threat.",7.48,63.82,"[10765, 18]",2025.0,,,,0,,,
Law of the Jungle,52910.0,tv,2011-10-21,"Law of the Jungle is a hybrid reality show combining elements of drama and documentary. The show is hosted by comedian Kim Byung Man, and each episode invites various celebrities from the various field. So far, many of idol stars and famous actors have appeared on the show. The show introduces viewers to exotic locations around the world where celebrities must work together in order to complete missions and survive. The cast celebrities travel to less habituated, natural places to survive on their own and experience life with local tribes and people. In each location, the guests are tasked to hunt and prepare their meals and also create shelter for the tribe. They sometimes confronted by many difficult challenges. Where will the tribe visit? And how will they survive on their own? Stay tuned to check out!",6.0,66.9814,[10764],2011.0,,,,0,,,
Chicago P.D.,58841.0,tv,2014-01-08,"A riveting police drama about the men and women of the Chicago Police Department's District 21 who put it all on the line to serve and protect their community. District 21 is made up of two distinctly different groups: the uniformed cops who patrol the beat and go head-to-head with the city's street crimes and the Intelligence Unit that combats the city's major offenses - organized crime, drug trafficking, high profile murders and beyond.",8.414,55.171,"[80, 18]",2014.0,,,,0,,,
Chibi Maruko-chan,57775.0,tv,1990-01-07,"Meet Maruko, a sweet schoolgirl with a hefty dose of curiosity (and occasional laziness!). She sails through life in a cozy town alongside her loving parents, grandparents, and sister. Maruko has a band of loyal friends, including her closest pal, Tama-chan, but her playful and doting grandpa is at the heart of it all. Life is never dull in this charming series.",7.8,67.2694,"[16, 35]",1990.0,,,,0,,,
Vighnaharta Ganesh,75230.0,tv,2017-08-22,"Vighnaharta Ganesh showcases the journey of the deity Ganesha and presents a magical visual extravaganza with impeccable production design, celestial costumes and ingenious audio-visual experience through Motion Capture technology. This technology will make the emotional journey of how Ganesha transformed from being an ostracized child to ""Prathamesh"" amongst Gods, a more endearing and realistic experience. Motion Capture technology and animatronics which will be used for the first time on Indian Television, after being extensively used in Hollywood. This technology will replace the age old depiction of Lord Ganesha with an inert mask and bring alive the detailed life-like movements and facial expressions to the fore giving the viewers a delightful visual treat. This magnum opus is supported by a stellar star-cast that includes Uzair Basar playing Ganesha, Akanksha Puri as Parvati, Malkhan Singh as Shiv, Basant Bhatt as Kartikeya and Anand Garodia as Narada Muni.",9.5,66.4049,[18],2017.0,,,,0,,,
How I Met Your Mother,1100.0,tv,2005-09-19,A father recounts to his children - through a series of flashbacks - the journey he and his four best friends took leading up to him meeting their mother.,8.142,64.8793,[35],2005.0,,,,0,,,
Reacher,108978.0,tv,2022-02-03,"Jack Reacher, a veteran military police investigator, has just recently entered civilian life. Reacher is a drifter, carrying no phone and the barest of essentials as he travels the country and explores the nation he once served.",8.095,65.5882,"[10759, 18, 80]",2022.0,,,,0,,,
ZIBB,265167.0,tv,2003-11-10,,0.0,68.4867,"[10763, 10767]",2003.0,,,,0,,,
9-1-1,75219.0,tv,2018-01-03,"Explore the high-pressure experiences of police officers, paramedics and firefighters who are thrust into the most frightening, shocking and heart-stopping situations. These emergency responders must try to balance saving those who are at their most vulnerable with solving the problems in their own lives.",8.2,65.6331,"[18, 80, 10759]",2018.0,,,,0,,,
Our Fault,,movie,,,8.004,1160.9712,,,Culpa nuestra,"drama, romance","Jenna and Lion's wedding brings about the long-awaited reunion between Noah and Nick after their breakup. Nick's inability to forgive Noah stands as an insurmountable barrier. He, heir to his grandfather's businesses, and she, starting her professional life, resist fueling a flame that's still alive. But now that their paths have crossed again, will love be stronger than resentment?",2025,https://image.tmdb.org/t/p/w500/yzqHt4m1SeY9FbPrfZ0C2Hi9x1s.jpg,tmdb,tmdb:movie:1156594
Inside Furioza,,movie,,,6.333,407.1937,,,Druga Furioza,"action, crime, thriller","In the wake of murder, new Furioza leader Golden claims the reins of his violent and formidable hooligan gang and takes on a new focus across borders.",2025,https://image.tmdb.org/t/p/w500/dbe1zKVKNBIczdmRcm7jxEphYLz.jpg,tmdb,tmdb:movie:1072699
Captain Hook - The Cursed Tides,,movie,,,7.5,373.5845,,,Captain Hook - The Cursed Tides,"action, adventure, horror","In the aftermath of a devastating defeat by his archnemesis Admiral Smee, the notorious Captain James Hook finds refuge in the coastal town of Eldritch Landing, where he forms an unlikely alliance with Silas Blackweather, a local blacksmith seeking retribution for his sister's murder. As they evade Smee's Redcoat Soldiers in the island's dense woodland, ruthless sword fights, ancient curses and conflicting motives will challenge their shared quest for revenge. Together, Hook and Silas navigate uncharted waters to confront the treacherous Admiral Smee, embarking on a journey that will redefine Captain Hook's enduring legacy.",2025,https://image.tmdb.org/t/p/w500/7SHFZKfd270y47sXN2WsURUO3ml.jpg,tmdb,tmdb:movie:1511789
The Conjuring: Last Rites,,movie,,,6.978,327.0111,,,The Conjuring: Last Rites,horror,Paranormal investigators Ed and Lorraine Warren take on one last terrifying case involving mysterious entities they must confront.,2025,https://image.tmdb.org/t/p/w500/7JzOmJ1fIU43I3gLHYsY8UzNzjG.jpg,tmdb,tmdb:movie:1038392
War of the Worlds,,movie,,,4.4,348.4541,,,War of the Worlds,"science fiction, thriller","Will Radford is a top analyst for Homeland Security who tracks potential threats through a mass surveillance program, until one day an attack by an unknown entity leads him to question whether the government is hiding something from him... and from the rest of the world.",2025,https://image.tmdb.org/t/p/w500/yvirUYrva23IudARHn3mMGVxWqM.jpg,tmdb,tmdb:movie:755898
Demon Slayer: Kimetsu no Yaiba Infinity Castle,,movie,,,7.8,299.4665,,,劇場版「鬼滅の刃」無限城編 第一章 猗窩座再来,"action, animation, fantasy, thriller","The Demon Slayer Corps are drawn into the Infinity Castle, where Tanjiro, Nezuko, and the Hashira face terrifying Upper Rank demons in a desperate fight as the final battle against Muzan Kibutsuji begins.",2025,https://image.tmdb.org/t/p/w500/fWVSwgjpT2D78VUh6X8UBd2rorW.jpg,tmdb,tmdb:movie:1311031
Stolen Girl,,movie,,,6.7,259.397,,,Stolen Girl,"action, adventure, thriller","In 1993, Maureen’s six-year-old daughter Amina is snuck out of the country by her ex-husband, Karim. After years of unsuccessful attempts to find her, Maureen intersects with a professional retriever of internationally abducted children who promises to help her find Amina in exchange for her collaboration.",2025,https://image.tmdb.org/t/p/w500/fZlNXEHZsBp7unqw009MeBbMv87.jpg,tmdb,tmdb:movie:1280450
War 2,,movie,,,5.259,238.4,,,वॉर 2,"action, adventure, thriller","Years ago Agent Kabir went rogue, became India’s greatest villain ever.  As he descends further into the deepest shadows... India sends its deadliest, most lethal agent after him, Agent Vikram  A Special Units Officer who is more than Kabir’s equal and a relentless Terminator driven by his own demons, determined to put a bullet into Kabir’s skull.",2025,https://image.tmdb.org/t/p/w500/2Yc8Kl2ldPpDzLrG2M5Ddv62FXB.jpg,tmdb,tmdb:movie:1109086
My Fault,,movie,,,7.766,221.9507,,,Culpa mía,"drama, romance, thriller","Noah must leave her city, boyfriend, and friends to move into William Leister's mansion, the flashy and wealthy husband of her mother Rafaela. As a proud and independent 17 year old, Noah resists living in a mansion surrounded by luxury. However, it is there where she meets Nick, her new stepbrother, and the clash of their strong personalities becomes evident from the very beginning.",2023,https://image.tmdb.org/t/p/w500/w46Vw536HwNnEzOa7J24YH9DPRS.jpg,tmdb,tmdb:movie:1010581
The Lost Princess,,movie,,,6.407,193.8143,,,The Lost Princess,"action, adventure","After an Ayahuasca vision transports him to a haunted castle, Alec meets Hanna who tales him the story of her mother's forced marriage and how the forbidden passion with her father was in danger when the princess pregnancy became obvious",2025,https://image.tmdb.org/t/p/w500/31S2ISsDtbnxb0kuXZl1SxSMD0K.jpg,tmdb,tmdb:movie:1086910
Marco,,movie,,,6.459,189.3854,,,മാർക്കോ,"action, crime, thriller","The adoptive son of the Adattu family, Marco, sets off on a ruthless quest for vengeance after his brother is brutally murdered, finding only betrayal, loss and unimaginable brutality at every step.",2024,https://image.tmdb.org/t/p/w500/il3ao5gcF6fZNqo1o9o7lusmEyU.jpg,tmdb,tmdb:movie:1186350
The Toxic Avenger Unrated,,movie,,,6.336,196.8808,,,The Toxic Avenger Unrated,"action, comedy, science fiction","When a downtrodden janitor, Winston Gooze, is exposed to a catastrophic toxic accident, he’s transformed into a new kind of hero: The Toxic Avenger. Now, Toxie must rise from outcast to savior, taking on ruthless corporate overlords and corrupt forces who threaten his son, his friends, and his community.",2025,https://image.tmdb.org/t/p/w500/sIonGSpGNtH72OzbJllPOEMNjVU.jpg,tmdb,tmdb:movie:338969
Holy Night: Demon Hunters,,movie,,,6.615,187.4005,,,거룩한 밤: 데몬 헌터스,"action, fantasy, horror, thriller","When a devil-worshipping criminal network plunges Seoul into chaos, the police turn to Holy Night—a trio of supernatural demon hunters—to restore order and defeat the rising evil.",2025,https://image.tmdb.org/t/p/w500/v3Mo77Qjp6pctpD4eJaNT6kFRSB.jpg,tmdb,tmdb:movie:793387
The Fantastic 4: First Steps,,movie,,,7.1,187.5392,,,The Fantastic 4: First Steps,"adventure, science fiction","Against the vibrant backdrop of a 1960s-inspired, retro-futuristic world, Marvel's First Family is forced to balance their roles as heroes with the strength of their family bond, while defending Earth from a ravenous space god called Galactus and his enigmatic Herald, Silver Surfer.",2025,https://image.tmdb.org/t/p/w500/cm8TNGBGG0aBfWj0LgrESHv8tir.jpg,tmdb,tmdb:movie:617126
The Strangers: Chapter 2,,movie,,,5.657,197.5594,,,The Strangers: Chapter 2,"horror, thriller","When The Strangers learn that one of their victims, Maya, is still alive, they return to finish what they’ve started.",2025,https://image.tmdb.org/t/p/w500/pqADzs5SJvI2jC0DThPVMuNJcWS.jpg,tmdb,tmdb:movie:1010756
Your Fault,,movie,,,7.135,170.1676,,,Culpa tuya,"drama, romance",The love between Noah and Nick seems unwavering despite their parents' attempts to separate them. But his job and her entry into college open up their lives to new relationships that will shake the foundations of both their relationship and the Leister family itself.,2024,https://image.tmdb.org/t/p/w500/1sQA7lfcF9yUyoLYC0e6Zo3jmxE.jpg,tmdb,tmdb:movie:1156593
The Twits,,movie,,,7.1,161.1194,,,The Twits,"animation, comedy, family, fantasy","When the meanest, nastiest villains pull a trick to take over their town, two brave children team up with a family of magical animals to bring them down.",2025,https://image.tmdb.org/t/p/w500/izYZGeOHhPWiga8Hb5P4JYfcH8T.jpg,tmdb,tmdb:movie:927254
Play Dirty,,movie,,,6.628,154.9456,,,Play Dirty,crime,"Expert thief Parker gets a shot at a major heist, but to pull it off he and his team must outsmart a South American dictator, the New York mob, and the world's richest man.",2025,https://image.tmdb.org/t/p/w500/ovZ0zq0NwRghtWI1oLaM0lWuoEw.jpg,tmdb,tmdb:movie:941109
Black Phone 2,,movie,,,7.348,154.1022,,,Black Phone 2,"horror, thriller","Four years after escaping The Grabber, Finney Blake is struggling with his life after captivity. When his sister Gwen begins receiving calls in her dreams from the black phone and seeing disturbing visions of three boys being stalked at a winter camp, the siblings become determined to solve the mystery and confront a killer who has grown more powerful in death and more significant to them than either could imagine.",2025,https://image.tmdb.org/t/p/w500/evbguUd1BwExQgXMjG9n9AHMQpN.jpg,tmdb,tmdb:movie:1197137
KPop Demon Hunters,,movie,,,8.259,159.0261,,,KPop Demon Hunters,"animation, comedy, fantasy, music","When K-pop superstars Rumi, Mira and Zoey aren't selling out stadiums, they're using their secret powers to protect their fans from supernatural threats.",2025,https://image.tmdb.org/t/p/w500/AjlRXTpRLAIiuofNqKcqrpUfPCZ.jpg,tmdb,tmdb:movie:803796
Mission: Impossible - The Final Reckoning,,movie,,,7.275,147.1501,,,Mission: Impossible - The Final Reckoning,"action, adventure, thriller","Ethan Hunt and team continue their search for the terrifying AI known as the Entity — which has infiltrated intelligence networks all over the globe — with the world's governments and a mysterious ghost from Hunt's past on their trail. Joined by new allies and armed with the means to shut the Entity down for good, Hunt is in a race against time to prevent the world as we know it from changing forever.",2025,https://image.tmdb.org/t/p/w500/z53D72EAOxGRqdr7KXXWp9dJiDe.jpg,tmdb,tmdb:movie:575265
Martin,,movie,,,2.1,275.6851,,,Martin,"action, drama, thriller","Martin revolves around Lt. Brigadier Arjun Saxena, whose journey takes him from Pakistan to India to discover his real identity and fight against black market dealers, who are involved with terrorists to orchestrate massive attacks in the country.",2024,https://image.tmdb.org/t/p/w500/bYe2ZjUhb4Kje0BpWE6kN34u2hv.jpg,tmdb,tmdb:movie:861451
Vicious,,movie,,,6.233,125.5103,,,Vicious,"horror, thriller","When Polly receives a mysterious box, it comes with one rule: place inside something she needs, something she hates, and something she loves. If she doesn’t obey, it will consume everything—and everyone—she’s ever known.",2025,https://image.tmdb.org/t/p/w500/dYxrsyUEdFOOq7xzIuvEb1858Sg.jpg,tmdb,tmdb:movie:1251717
Prisoner of War,,movie,,,6.956,124.5165,,,Prisoner of War,"action, history, thriller, war",British RAF Wing Commander James Wright is captured by the Japanese during WWII and forced to fight in brutal hand-to-hand combat. The Japanese soldiers get more than they bargained for when Wright’s years of martial arts training in Hong Kong prove him to be a formidable opponent.,2025,https://image.tmdb.org/t/p/w500/1XET89sjRm9mUuHXhGIlKTNd5uD.jpg,tmdb,tmdb:movie:1328803
TRON: Ares,,movie,,,6.417,119.2987,,,TRON: Ares,"action, adventure, science fiction","A highly sophisticated Program called Ares is sent from the digital world into the real world on a dangerous mission, marking humankind's first encounter with A.I. beings.",2025,https://image.tmdb.org/t/p/w500/chpWmskl3aKm1aTZqUHRCtviwPy.jpg,tmdb,tmdb:movie:533533
V/H/S/HALLOWEEN,,movie,,,6.226,138.3647,,,V/H/S/HALLOWEEN,"comedy, horror, thriller","A collection of Halloween-themed videotapes unleashes a series of twisted, blood-soaked tales, turning trick-or-treat into a struggle for survival.",2025,https://image.tmdb.org/t/p/w500/bvMKSZtN8KAdtlKoYbEi1Zhyaou.jpg,tmdb,tmdb:movie:1373445
Superman,,movie,,,7.441,119.7394,,,Superman,"action, adventure, science fiction","Superman, a journalist in Metropolis, embarks on a journey to reconcile his Kryptonian heritage with his human upbringing as Clark Kent.",2025,https://image.tmdb.org/t/p/w500/wPLysNDLffQLOVebZQCbXJEv6E6.jpg,tmdb,tmdb:movie:1061474
xXx,,movie,,,5.964,121.2967,,,xXx,"action, adventure, crime, thriller","Xander Cage is your standard adrenaline junkie with no fear and a lousy attitude. When the US Government ""recruits"" him to go on a mission, he's not exactly thrilled. His mission: to gather information on an organization that may just be planning the destruction of the world, led by the nihilistic Yorgi.",2002,https://image.tmdb.org/t/p/w500/xeEw3eLeSFmJgXZzmF2Efww0q3s.jpg,tmdb,tmdb:movie:7451
Mantis,,movie,,,5.994,118.1283,,,사마귀,"action, crime, thriller","Mantis, an ace assassin, returns to the contract killer industry after a hiatus, encountering his trainee friend Jae-yi and a retired legendary killer Dok-go, who now runs the organization.",2025,https://image.tmdb.org/t/p/w500/xS9bbciDC5lHPgl79SrPyzxKAXL.jpg,tmdb,tmdb:movie:1267319
Caramelo,,movie,,,7.739,111.6724,,,Caramelo,"comedy, drama","After a life-changing diagnosis, a promising chef finds hope and humor with the help of a fur-midable dog friend.",2025,https://image.tmdb.org/t/p/w500/ur3H6g9xmrLQX2Ioh9z3P904ZSC.jpg,tmdb,tmdb:movie:1277988
Night of the Reaper,,movie,,,6.0,120.109,,,Night of the Reaper,"horror, thriller","College student Deena visits her home town and is roped into a babysitting gig. Meanwhile, the local sheriff, after receiving a piece of evidence in the mail, falls into an increasingly desperate scavenger hunt involving a series of murders.",2025,https://image.tmdb.org/t/p/w500/HVR8cNWzBVoqbEIIqVtLpDvVKn.jpg,tmdb,tmdb:movie:1502943
Bambi: The Reckoning,,movie,,,6.0,115.3589,,,Bambi: The Reckoning,"horror, thriller","After a mother and son get in a car wreck, they soon become hunted by Bambi, a mutated grief-stricken deer on a deadly rampage seeking revenge for the death of his mother and wife.",2025,https://image.tmdb.org/t/p/w500/cy76B7VCiIvqUibGLTgdYlK8kx8.jpg,tmdb,tmdb:movie:1049942
Goldilocks and the Three Bears: Death & Porridge,,movie,,,3.5,102.1945,,,Goldilocks and the Three Bears: Death & Porridge,"horror, thriller",A group of friends on a rural getaway must fight for their lives against vengeful masked versions of the fairy tale characters.,2024,https://image.tmdb.org/t/p/w500/42C0Yq0TwqMUIWOBPNJ53mwWqyh.jpg,tmdb,tmdb:movie:1186274
27 Nights,,movie,,,7.333,144.58,,,27 noches,comedy,"When a woman is admitted by her daughters to a psychiatric clinic for her carefree ways, an expert must judge if she is ill or simply wants to enjoy life.",2025,https://image.tmdb.org/t/p/w500/kVMUTLFbfQvNYdFHiexTDnSHntV.jpg,tmdb,tmdb:movie:1327769
Valiant One,,movie,,,6.313,99.0193,,,Valiant One,"action, thriller, war","With tensions between North and South Korea, a US helicopter crashes on the North side. The survivors must work together to protect a civilian tech specialist and find their way out without the help of US military support.",2025,https://image.tmdb.org/t/p/w500/sT8Z14RDCAd6szzxzWFAU4xcMwg.jpg,tmdb,tmdb:movie:1009640
Weapons,,movie,,,7.39,94.4426,,,Weapons,"horror, mystery","When all but one child from the same class mysteriously vanish on the same night at exactly the same time, a community is left questioning who or what is behind their disappearance.",2025,https://image.tmdb.org/t/p/w500/cpf7vsRZ0MYRQcnLWteD5jK9ymT.jpg,tmdb,tmdb:movie:1078605
Forgive Me Father,,movie,,,6.0,112.7529,,,Forgive Me Father,"crime, horror, thriller","When a number of mutilated bodies are discovered in a countryside mansion, seasoned Detective Taylor is charged with finding the killer. An unlikely suspect reveals that some secrets are taken to the grave...and some secrets TAKE US TO THE GRAVE!",2024,https://image.tmdb.org/t/p/w500/vaLFUD54PGHt83RtgrbrcSB9ZO0.jpg,tmdb,tmdb:movie:1364992
Jurassic World Rebirth,,movie,,,6.393,96.4793,,,Jurassic World Rebirth,"action, adventure, science fiction","Five years after the events of Jurassic World Dominion, covert operations expert Zora Bennett is contracted to lead a skilled team on a top-secret mission to secure genetic material from the world's three most massive dinosaurs. When Zora's operation intersects with a civilian family whose boating expedition was capsized, they all find themselves stranded on an island where they come face-to-face with a sinister, shocking discovery that's been hidden from the world for decades.",2025,https://image.tmdb.org/t/p/w500/1RICxzeoNCAO5NpcRMIgg1XT6fm.jpg,tmdb,tmdb:movie:1234821
One Battle After Another,,movie,,,7.771,85.8105,,,One Battle After Another,"action, crime, thriller","Washed-up revolutionary Bob exists in a state of stoned paranoia, surviving off-grid with his spirited, self-reliant daughter, Willa. When his evil nemesis resurfaces after 16 years and she goes missing, the former radical scrambles to find her, father and daughter both battling the consequences of his past.",2025,https://image.tmdb.org/t/p/w500/m1jFoahEbeQXtx4zArT2FKdbNIj.jpg,tmdb,tmdb:movie:1054867
How to Train Your Dragon,,movie,,,8.017,87.3961,,,How to Train Your Dragon,"action, adventure, family, fantasy","On the rugged isle of Berk, where Vikings and dragons have been bitter enemies for generations, Hiccup stands apart, defying centuries of tradition when he befriends Toothless, a feared Night Fury dragon. Their unlikely bond reveals the true nature of dragons, challenging the very foundations of Viking society.",2025,https://image.tmdb.org/t/p/w500/53dsJ3oEnBhTBVMigWJ9tkA5bzJ.jpg,tmdb,tmdb:movie:1087192
My Fault: London,,movie,,,7.466,84.2565,,,My Fault: London,"drama, romance","18-year-old Noah moves from America to London, with her mother who's recently fallen in love with William, a wealthy British businessman. Noah meets William’s son, bad-boy Nick, and soon discovers there is an attraction between them neither can avoid. As Noah spends the summer adjusting to her new life, her devastating past will catch up with her while falling in love for the first time.",2025,https://image.tmdb.org/t/p/w500/ttN5D6GKOwKWHmCzDGctAvaNMAi.jpg,tmdb,tmdb:movie:1294203
Gabby's Dollhouse: The Movie,,movie,,,6.891,91.0102,,,Gabby's Dollhouse: The Movie,"adventure, animation, comedy, family","Gabby heads out on a road trip with her Grandma Gigi to the urban wonderland of Cat Francisco. But when Gabby's dollhouse, her most prized possession, ends up in the hands of an eccentric cat lady named Vera, Gabby sets off on an adventure through the real world to get the Gabby Cats back together and save the dollhouse before it's too late.",2025,https://image.tmdb.org/t/p/w500/t6LLguAmu6iZUN8pWhT7Q0IcaQ5.jpg,tmdb,tmdb:movie:1280282
Django Undisputed,,movie,,,6.1,78.1932,,,Django Undisputed,western,"Determined to exact his justice, Django faces dangerous challenges and bloody clashes to restore order in a territory dominated by lawlessness and injustice.",2024,https://image.tmdb.org/t/p/w500/porcUhC4jqFt72TaxbjOQo2lTzL.jpg,tmdb,tmdb:movie:1357886
Fight Another Day,,movie,,,5.111,78.3968,,,Fight Another Day,action,"Follows a tough cop, who after being transported to a dystopian future, must enter a deadly combat tournament to be able to return to his past.",2024,https://image.tmdb.org/t/p/w500/fKnLt1xQV0RdpN6RViowEiD1dFW.jpg,tmdb,tmdb:movie:1053008
F1,,movie,,,7.834,82.6644,,,F1,"action, drama",Racing legend Sonny Hayes is coaxed out of retirement to lead a struggling Formula 1 team—and mentor a young hotshot driver—while chasing one more chance at glory.,2025,https://image.tmdb.org/t/p/w500/9PXZIUsSDh4alB80jheWX4fhZmy.jpg,tmdb,tmdb:movie:911430
Brute 1976,,movie,,,3.9,89.4464,,,Brute 1976,horror,"In 1976 a group of people in the desert for a photo shoot, stumble upon an abandoned town called Savage. But they are not alone. A family of masked psychopaths have claimed Savage as their own and are hell bent on living up to its name.",2024,https://image.tmdb.org/t/p/w500/jrbYuJNMRPzdQ5RZ2FGKfQbD1Qz.jpg,tmdb,tmdb:movie:1221415
A Big Bold Beautiful Journey,,movie,,,6.4,75.8111,,,A Big Bold Beautiful Journey,"drama, fantasy, romance","Sarah and David are single strangers who meet at a mutual friend’s wedding and soon, through a surprising twist of fate, find themselves on a funny, fantastical, sweeping adventure together where they get to re-live important moments from their respective pasts, illuminating how they got to where they are in the present... and possibly getting a chance to alter their futures.",2025,https://image.tmdb.org/t/p/w500/uMAkmQlKthQpTMiyPAKOYK3JnMs.jpg,tmdb,tmdb:movie:1241921
Ne Zha 2,,movie,,,8.032,74.6905,,,哪吒之魔童闹海,"action, adventure, animation, fantasy","After a catastrophic event leaves their bodies destroyed, Ne Zha and Ao Bing are granted a fragile second chance at life. As tensions rise between the dragon clans and celestial forces, the two must undergo a series of perilous trials that will test their bond, challenge their identities, and decide the fate of both mortals and immortals.",2025,https://image.tmdb.org/t/p/w500/cb5NyNrqiCNNoDkA8FfxHAtypdG.jpg,tmdb,tmdb:movie:980477
Maintenance Required,,movie,,,5.538,66.2598,,,Maintenance Required,"comedy, romance","Charlie, the fiercely independent owner of an all-female mechanic shop, is forced to reevaluate her future when a flashy corporate competitor moves in across the street. Seeking comfort, she turns to an anonymous online confidant - unaware she's confiding in Beau, the very rival threatening her business. As sparks fly both online and off, the truth threatens to blow everything apart.",2025,https://image.tmdb.org/t/p/w500/lM7Q1y0pmHPWZCPmGkAWGKdgu6W.jpg,tmdb,tmdb:movie:1352755
HIM,,movie,,,5.882,60.4542,,,HIM,"horror, mystery","After suffering a potentially career-ending brain trauma, Cameron Cade receives a lifeline when his hero, legendary eight-time Championship quarterback and cultural megastar Isaiah White, offers to train Cam at Isaiah's isolated compound that he shares with his celebrity influencer wife. But as Cam's training accelerates, Isaiah's charisma begins to curdle into something darker.",2025,https://image.tmdb.org/t/p/w500/qPJzcYR2f1O1uynYBCVPPJuOiAH.jpg,tmdb,tmdb:movie:986097
Assassin,,movie,,,4.375,68.2813,,,Assassin,action,,2025,https://image.tmdb.org/t/p/w500/fLRCNUz3MsnC0MdhaWpw3hp4Eye.jpg,tmdb,tmdb:movie:1552819
She Walks in Darkness,,movie,,,6.3,69.3412,,,Un fantasma en la batalla,"drama, thriller","A young agent leaves everything behind to pose as a member of ETA, risking her life to uncover the terrorists' hideouts in the south of France.",2025,https://image.tmdb.org/t/p/w500/lR7TH2IlUJWh92HuiYrlb8rNuCp.jpg,tmdb,tmdb:movie:1275151
Nobody 2,,movie,,,7.096,70.3389,,,Nobody 2,"action, thriller","Former assassin Hutch Mansell takes his family on a nostalgic vacation to a small-town theme park, only to be pulled back into violence when they clash with a corrupt operator, a crooked sheriff, and a ruthless crime boss.",2025,https://image.tmdb.org/t/p/w500/xGLoqM9peusKQeuwlSw2Qlhx740.jpg,tmdb,tmdb:movie:1007734
The Bad Guys 2,,movie,,,7.796,65.1516,,,The Bad Guys 2,"adventure, animation, comedy, crime, family","The now-reformed Bad Guys are trying (very, very hard) to be good, but instead find themselves hijacked into a high-stakes, globe-trotting heist, masterminded by a new team of criminals they never saw coming: The Bad Girls.",2025,https://image.tmdb.org/t/p/w500/c1msaKf1wyuKcmLjjJd6rIBPFcd.jpg,tmdb,tmdb:movie:1175942
Good News,,movie,,,6.8,63.8318,,,굿뉴스,"comedy, history, thriller","When hijackers seize a Japanese flight and demand to fly to Pyongyang, a mysterious mastermind hatches a zany scheme to reroute the plane to Seoul.",2025,https://image.tmdb.org/t/p/w500/uA3o8q7JTym6lUM8pnITwQDfvhO.jpg,tmdb,tmdb:movie:1296404
Gypsy Moon,,movie,,,7.0,50.4541,,,Gypsy Moon,"fantasy, thriller","The year is 1799 Romania. The Gypsy people on the verge of having their lands taken over by bloodthirsty rulers known as ""The Order"" An officer of the Order ""Captain"" finds his way into a twist of fate and his bloodthirsty companions.",2024,https://image.tmdb.org/t/p/w500/70rgRAKWQTmdI5jWGPkAXKJtha0.jpg,tmdb,tmdb:movie:1549457
No Tears in Hell,,movie,,,6.286,43.4676,,,No Tears in Hell,"crime, horror","In the frozen darkness of an Alaskan winter, a mother and son turn their home into a house of nightmares — luring victims into a twisted web of abuse and cannibalism. Based on the terrifying true story of Russian serial killer Alexander Spesivtsev.",2025,https://image.tmdb.org/t/p/w500/a0bODl3Ieix1qcGRLIx6PZvluzB.jpg,tmdb,tmdb:movie:1512581
Interstellar,,movie,,,8.461,76.1836,,,Interstellar,"adventure, drama, science fiction",The adventures of a group of explorers who make use of a newly discovered wormhole to surpass the limitations on human space travel and conquer the vast distances involved in an interstellar voyage.,2014,https://image.tmdb.org/t/p/w500/gEU2QniE6E77NI6lCU6MxlNBvIx.jpg,tmdb,tmdb:movie:157336
The Black Phone,,movie,,,7.556,75.81,,,The Black Phone,"horror, thriller","Finney Blake, a shy but clever 13-year-old boy, is abducted by a sadistic killer and trapped in a soundproof basement where screaming is of little use. When a disconnected phone on the wall begins to ring, Finney discovers that he can hear the voices of the killer’s previous victims. And they are dead set on making sure that what happened to them doesn’t happen to Finney.",2022,https://image.tmdb.org/t/p/w500/p9ZUzCyy9wRTDuuQexkQ78R2BgF.jpg,tmdb,tmdb:movie:756999
Chainsaw Man - The Movie: Reze Arc,,movie,,,8.478,57.3413,,,チェンソーマン レゼ篇,"action, animation, fantasy","In a brutal war between devils, hunters, and secret enemies, a mysterious girl named Reze has stepped into Denji's world, and he faces his deadliest battle yet, fueled by love in a world where survival knows no rules.",2025,https://image.tmdb.org/t/p/w500/xdzLBZjCVSEsic7m7nJc4jNJZVW.jpg,tmdb,tmdb:movie:1218925
Lilo & Stitch,,movie,,,7.25,62.9649,,,Lilo & Stitch,"adventure, comedy, family, science fiction",The wildly funny and touching story of a lonely Hawaiian girl and the fugitive alien who helps to mend her broken family.,2025,https://image.tmdb.org/t/p/w500/ckQzKpQJO4ZQDCN5evdpKcfm7Ys.jpg,tmdb,tmdb:movie:552524
Laila,,movie,,,5.167,59.2952,,,లైలా,"comedy, romance","Sonu Model, a renowned beautician from the old city, is forced to disguise himself as Laila, leading to a series of comedic, romantic, and action-packed events. Chaos ensues in this hilarious laugh riot",2025,https://image.tmdb.org/t/p/w500/aFogllaRGlAhk1nqvVGFpZpl4qU.jpg,tmdb,tmdb:movie:1403735
Grafted,,movie,,,5.543,59.2202,,,Grafted,horror,"When an awkward but brilliant Chinese student wins a scholarship into a prestigious New Zealand University, she finds a new way of achieving the popularity she craves one bloody body at a time.",2024,https://image.tmdb.org/t/p/w500/u53wFzLoJD7om52Hjma8G27LS2h.jpg,tmdb,tmdb:movie:1201262
The Ugly Stepsister,,movie,,,7.2,57.5438,,,Den stygge stesøsteren,"comedy, drama, fantasy, horror","In a fairy-tale kingdom where beauty is a brutal business, Elvira battles to compete with her incredibly beautiful stepsister, and she will go to any length to catch the prince’s eye.",2025,https://image.tmdb.org/t/p/w500/crX9rSg9EohybhkEe8iTQUCe55y.jpg,tmdb,tmdb:movie:1284120
The Lost Bus,,movie,,,7.224,52.7419,,,The Lost Bus,"drama, mystery, thriller",A determined father risks everything to rescue a dedicated teacher and her students from a raging wildfire.,2025,https://image.tmdb.org/t/p/w500/zpygCOYY1DPBkeUsrrznLRN5js5.jpg,tmdb,tmdb:movie:1236470
Sorority,,movie,,,6.6,54.9143,,,Sorority,"drama, romance","A tale of seduction and mystery. A fearless pre-law student joins an elite sorority led by a powerful heiress. As secrets unfold, she’s torn between the woman who awakened her desire and a truth that could destroy them both.",2025,https://image.tmdb.org/t/p/w500/zibf9SwgiEW7Od5kwdRLSoQygRd.jpg,tmdb,tmdb:movie:1477114
Late Bloomer,,movie,,,6.4,62.1363,,,Late Bloomer,drama,"When Therese learns that her days are numbered, she seeks the help of her friend Maddie to find guys to have sex with, but she soon discovers her real sexual cravings.",2024,https://image.tmdb.org/t/p/w500/tuXnHiQkdINIFVio0DkIqSX2zNO.jpg,tmdb,tmdb:movie:1275585
Bitter Souls,,movie,,,3.0,62.0382,,,Bitter Souls,horror,"After a tragic accident, a teenage girl is resurrected with the use of black magic. She uses her new-found powers to exact vengeance on her tormentors.",2024,https://image.tmdb.org/t/p/w500/3gAFijP97n63tFYSFVHKD5hJG65.jpg,tmdb,tmdb:movie:1375402
Everybody Loves Me When I'm Dead,,movie,,,5.813,52.1271,,,ลักกันวันตาย,"crime, drama, thriller",Two bank employees steal from a dead woman's account and unwittingly entangle themselves in Pattaya's criminal underworld.,2025,https://image.tmdb.org/t/p/w500/hsLphtaWaCP306HXW2YUGNXsoMP.jpg,tmdb,tmdb:movie:1429750
Living Large,,movie,,,6.1,57.5316,,,Život k sežrání,"animation, comedy, family","A 12-year-old boy faces bullying due to his weight and decides to take charge of his life by adopting a healthier lifestyle and trying to win the heart of the girl he admires. Through his journey, he learns the importance of positivity and standing against body shaming, discovering that true confidence comes from embracing who you are.",2024,https://image.tmdb.org/t/p/w500/vezwk5UoGlAz3DT4TBrXwqVRhg1.jpg,tmdb,tmdb:movie:947512
Ice Road: Vengeance,,movie,,,6.315,49.389,,,Ice Road: Vengeance,"action, drama, thriller","Big rig ice road driver Mike McCann travels to Nepal to scatter his late brother’s ashes on Mt. Everest. While on a packed tour bus traversing the deadly 12,000 ft. terrain of the infamous Road to the Sky, McCann and his mountain guide encounter a group of mercenaries and must fight to save themselves, the busload of innocent travelers, and the local villagers’ homeland.",2025,https://image.tmdb.org/t/p/w500/cQN9rZj06rXMVkk76UF1DfBAico.jpg,tmdb,tmdb:movie:1119878
The Time That Remains,,movie,,,6.75,49.6076,,,The Time That Remains,"drama, fantasy, romance","Surrounded by a string of deaths, an older woman relives her romance with a mysterious, ageless lover as an inspector closes in on their dark secret.",2025,https://image.tmdb.org/t/p/w500/pjtrhgskggN2uD3lF2A9QxHO2Wd.jpg,tmdb,tmdb:movie:1550223
Elio,,movie,,,6.959,49.635,,,Elio,"adventure, animation, comedy, family, science fiction","Elio, a space fanatic with an active imagination, finds himself on a cosmic misadventure where he must form new bonds with eccentric alien lifeforms, navigate a crisis of intergalactic proportions and somehow discover who he is truly meant to be.",2025,https://image.tmdb.org/t/p/w500/7z8jDiTZZco9moIKpTUImFtTy7o.jpg,tmdb,tmdb:movie:1022787
The Naked Gun,,movie,,,6.592,47.6567,,,The Naked Gun,"action, comedy, crime",Only one man has the particular set of skills... to lead Police Squad and save the world: Lt. Frank Drebin Jr.,2025,https://image.tmdb.org/t/p/w500/rmwQ8GsdQ1M3LtemNWLErle2nBU.jpg,tmdb,tmdb:movie:1035259
Final Destination Bloodlines,,movie,,,7.107,48.4923,,,Final Destination Bloodlines,"horror, mystery","Plagued by a violent recurring nightmare, college student Stefanie heads home to track down the one person who might be able to break the cycle and save her family from the grisly demise that inevitably awaits them all.",2025,https://image.tmdb.org/t/p/w500/6WxhEvFsauuACfv8HyoVX6mZKFj.jpg,tmdb,tmdb:movie:574475
M3GAN 2.0,,movie,,,7.4,45.243,,,M3GAN 2.0,"action, science fiction, thriller","After the underlying tech for M3GAN is stolen and misused by a powerful defense contractor to create a military-grade weapon known as Amelia, M3GAN's creator Gemma realizes that the only option is to resurrect M3GAN and give her a few upgrades, making her faster, stronger, and more lethal.",2025,https://image.tmdb.org/t/p/w500/4a63rQqIDTrYNdcnTXdPsQyxVLo.jpg,tmdb,tmdb:movie:1071585
Ne Zha,,movie,,,7.889,48.815,,,哪吒之魔童降世,"adventure, animation, fantasy","A young boy is born as the reincarnation of a demonic power, into a society that hates and fears him. Destined by prophecy to bring destruction to the world, Nezha must choose between good and evil to see if he can change his fate.",2019,https://image.tmdb.org/t/p/w500/phM9bb6s9c60LA8qwsdk7U1N2cS.jpg,tmdb,tmdb:movie:615453
The Avengers,,movie,,,7.829,49.1755,,,The Avengers,"action, adventure, science fiction","When an unexpected enemy emerges and threatens global safety and security, Nick Fury, director of the international peacekeeping agency known as S.H.I.E.L.D., finds himself in need of a team to pull the world back from the brink of disaster. Spanning the globe, a daring recruitment effort begins!",2012,https://image.tmdb.org/t/p/w500/RYMX2wcKCBAr24UyPD7xwmjaTn.jpg,tmdb,tmdb:movie:24428
Aztec Batman: Clash of Empires,,movie,,,7.883,45.056,,,Batman Azteca: Choque de imperios,"action, adventure, animation, fantasy","In the time of the Aztec empire, tragedy strikes Yohualli Coatl when his father is murdered by Spanish conquistadors. To warn King Moctezuma and his high priest, Yoka, of imminent danger, Yohualli escapes to Tenochtitlán. There, he trains in the temple of the bat god Tzinacan with his mentor, developing equipment and weaponry to confront the Spanish invasion and avenge his father’s death. Along the way, he encounters key figures like the fierce Jaguar Woman and the conquistador Hernán Cortés.",2025,https://image.tmdb.org/t/p/w500/s0Mlo5w4INp3bUdsJo3RaSSMXWz.jpg,tmdb,tmdb:movie:987400
Ballerina,,movie,,,7.338,45.0561,,,Ballerina,"action, crime, thriller","Taking place during the events of John Wick: Chapter 3 – Parabellum, Eve Macarro begins her training in the assassin traditions of the Ruska Roma.",2025,https://image.tmdb.org/t/p/w500/4sbqReLivBN4e7OOwG6PkSGcKHt.jpg,tmdb,tmdb:movie:541671
St. Patrick's Day Massacre,,movie,,,3.0,49.3297,,,St. Patrick's Day Massacre,horror,"On a trip to Dublin to celebrate St. Patrick's Day, four friends agree to spend the night in an abandoned tavern, where they are stalked by an undead killer in search of revenge for a tragedy that occurred centuries before.",2025,https://image.tmdb.org/t/p/w500/mc83CBPbeHQceWwrb8wlvxCaL3k.jpg,tmdb,tmdb:movie:1377413
Striking Rescue,,movie,,,7.512,43.4464,,,惊天大营救,"action, crime, thriller",A veteran Muay Thai expert goes on a take-no-prisoners mission of revenge after his wife and daughter are brutally murdered by mysterious forces.,2024,https://image.tmdb.org/t/p/w500/nML8rOI4GOiiEsXgknuhZeUF8M7.jpg,tmdb,tmdb:movie:1382406
Moana 2,,movie,,,7.035,41.4867,,,Moana 2,"adventure, animation, comedy, family, fantasy","After receiving an unexpected call from her wayfinding ancestors, Moana journeys alongside Maui and a new crew to the far seas of Oceania and into dangerous, long-lost waters for an adventure unlike anything she's ever faced.",2024,https://image.tmdb.org/t/p/w500/aLVkiINlIeCkcZIzb7XHzPYgO6L.jpg,tmdb,tmdb:movie:1241982
Stay,,movie,,,3.9,33.9998,,,Stay,"horror, thriller","Kiara, a PhD author on African spirituality, and Miles, a former MMA fighter turned trainer, facing the end of their marriage. They encounter supernatural forces and go from fighting one another to fighting for their lives. To survive, they must conquer darkness with love.",2025,https://image.tmdb.org/t/p/w500/kRMzvzxjClWJn7bQtaRLQ2qhb6c.jpg,tmdb,tmdb:movie:1547527
Ruth & Boaz,,movie,,,7.745,38.5107,,,Ruth & Boaz,"drama, music, romance","A talented singer leaves the Atlanta music scene and starts over in small-town Tennessee, where she finds love and new purpose but can't escape the past.",2025,https://image.tmdb.org/t/p/w500/mtMJEIHjeHcLtvP0tFPAptk1Var.jpg,tmdb,tmdb:movie:1371189
Corpse Bride,,movie,,,7.584,42.9566,,,Corpse Bride,"animation, fantasy, romance","In a 19th-century European village, a young man about to be married is whisked away to the underworld and wed to a mysterious corpse bride, while his real bride waits bereft in the land of the living.",2005,https://image.tmdb.org/t/p/w500/isb2Qow76GpqYmsSyfdMfsYAjts.jpg,tmdb,tmdb:movie:3933
The Substance,,movie,,,7.148,39.958,,,The Substance,"drama, horror, science fiction","A fading celebrity decides to use a black market drug, a cell-replicating substance that temporarily creates a younger, better version of herself.",2024,https://image.tmdb.org/t/p/w500/lqoMzCcZYEFK729d6qzt349fB4o.jpg,tmdb,tmdb:movie:933260
A Working Man,,movie,,,6.703,41.1103,,,A Working Man,"action, crime, thriller","Levon Cade left behind a decorated military career in the black ops to live a simple life working construction. But when his boss's daughter, who is like family to him, is taken by human traffickers, his search to bring her home uncovers a world of corruption far greater than he ever could have imagined.",2025,https://image.tmdb.org/t/p/w500/6FRFIogh3zFnVWn7Z6zcYnIbRcX.jpg,tmdb,tmdb:movie:1197306
The Day the Earth Blew Up: A Looney Tunes Movie,,movie,,,7.7,38.6089,,,The Day the Earth Blew Up: A Looney Tunes Movie,"adventure, animation, comedy, family, science fiction","Porky and Daffy, the classic animated odd couple, turn into unlikely heroes when their antics at the local bubble gum factory uncover a secret alien mind control plot. Against all odds, the two are determined to save their town (and the world!)...that is if they don't drive each other crazy in the process.",2024,https://image.tmdb.org/t/p/w500/s2lB1kaYCdGSnZX5meQCiOR6HfX.jpg,tmdb,tmdb:movie:870360
I Swear,,movie,,,5.8,42.0665,,,Je le jure,drama,"Thirtysomething Marco goes through life without a compass. Employed at a Forbach recycling center, he finds comfort in alcohol. And a little with Madeleine, a mature woman with whom he secretly has a relationship. One day, he is drawn by lot to be a juror of Assisi. Incapable of discernment for himself, Marco will have to decide the life of a young arsonist accused of manslaughter.",2025,https://image.tmdb.org/t/p/w500/2vRX9FLH18tKXglKYX7N8vj85DW.jpg,tmdb,tmdb:movie:1044736
Inside Out 2,,movie,,,7.553,35.7263,,,Inside Out 2,"adventure, animation, comedy, family","Teenager Riley's mind headquarters is undergoing a sudden demolition to make room for something entirely unexpected: new Emotions! Joy, Sadness, Anger, Fear and Disgust, who’ve long been running a successful operation by all accounts, aren’t sure how to feel when Anxiety shows up. And it looks like she’s not alone.",2024,https://image.tmdb.org/t/p/w500/vpnVM9B6NMmQpWeZvzLvDESb2QY.jpg,tmdb,tmdb:movie:1022789
Coco,,movie,,,8.202,39.3851,,,Coco,"adventure, animation, family, music","Despite his family’s baffling generations-old ban on music, Miguel dreams of becoming an accomplished musician like his idol, Ernesto de la Cruz. Desperate to prove his talent, Miguel finds himself in the stunning and colorful Land of the Dead following a mysterious chain of events. Along the way, he meets charming trickster Hector, and together, they set off on an extraordinary journey to unlock the real story behind Miguel's family history.",2017,https://image.tmdb.org/t/p/w500/6Ryitt95xrO8KXuqRGm1fUuNwqF.jpg,tmdb,tmdb:movie:354912
As Good as Dead,,movie,,,6.191,35.864,,,As Good as Dead,"action, crime",An ex-cop in self-imposed witness protection in Mexico becomes a target when a fight video of his apprentice goes viral.,2022,https://image.tmdb.org/t/p/w500/qqQPxxRQqfLrq0ubfDQCwhJHZ91.jpg,tmdb,tmdb:movie:1028248
Motherland,,movie,,,6.864,30.5347,,,Motherland,"drama, science fiction, thriller","In an alternate present society where the state frees parents from the burden of raising children, a rule enforcer learns a shocking truth that sparks her rebellion.",2025,https://image.tmdb.org/t/p/w500/rE2UnEr9m8iLeuvWxaQyaNDKTHU.jpg,tmdb,tmdb:movie:1223422
French Lover,,movie,,,5.801,37.8826,,,French Lover,"comedy, romance","When a jaded actor meets a down-on-her-luck waitress in Paris, their unexpected love story begins — but will it survive the glare of the spotlight?",2025,https://image.tmdb.org/t/p/w500/bLqPpqNoKbNbXysIeft1tLIl6KB.jpg,tmdb,tmdb:movie:1289888
Red Sonja,,movie,,,5.726,37.6343,,,Red Sonja,"action, adventure, fantasy",A young girl rises from the ashes of tragedy to become the most feared warrior woman of all time: the She-Devil with a Sword.,2025,https://image.tmdb.org/t/p/w500/aE3yh4y0h96CZZpLo0UDFMWZAA9.jpg,tmdb,tmdb:movie:13494
Avatar: The Way of Water,,movie,,,7.61,37.0001,,,Avatar: The Way of Water,"action, adventure, science fiction","Set more than a decade after the events of the first film, learn the story of the Sully family (Jake, Neytiri, and their kids), the trouble that follows them, the lengths they go to keep each other safe, the battles they fight to stay alive, and the tragedies they endure.",2022,https://image.tmdb.org/t/p/w500/t6HIqrRAclMCA60NsSmeqe9RmNV.jpg,tmdb,tmdb:movie:76600
Together,,movie,,,7.179,34.7877,,,Together,"horror, romance","With a move to the countryside already testing the limits of a couple's relationship, a supernatural encounter begins an extreme transformation of their love, their lives, and their flesh.",2025,https://image.tmdb.org/t/p/w500/m52XidzKx94bKlToZfEXUnL3pdy.jpg,tmdb,tmdb:movie:1242011
Monster: The Ed Gein Story,,series,,,7.378,212.1717,,,Monster: The Ed Gein Story,"crime, drama","The shocking true-life tale of Ed Gein, the infamous murderer and grave robber who inspired many of Hollywood's most iconic on-screen killers.",2025,https://image.tmdb.org/t/p/w500/iDHzRALtZCzHVmx7uyjTTKvMAPB.jpg,tmdb,tmdb:tv:286801
Grey's Anatomy,,series,,,8.217,183.8679,,,Grey's Anatomy,drama,Follows the personal and professional lives of a group of doctors at Seattle’s Grey Sloan Memorial Hospital.,2005,https://image.tmdb.org/t/p/w500/hjJkrLXhWvGHpLeLBDFznpBTY1S.jpg,tmdb,tmdb:tv:1416
Law & Order: Special Victims Unit,,series,,,7.939,166.4626,,,Law & Order: Special Victims Unit,"crime, drama, mystery","In the criminal justice system, sexually-based offenses are considered especially heinous. In New York City, the dedicated detectives who investigate these vicious felonies are members of an elite squad known as the Special Victims Unit. These are their stories.",1999,https://image.tmdb.org/t/p/w500/iofokHZoUB4Qhik4PflvJl8TT6a.jpg,tmdb,tmdb:tv:2734
Dexter,,series,,,8.2,159.2146,,,Dexter,"crime, drama, mystery","Dexter Morgan, a blood spatter pattern analyst for the Miami Metro Police also leads a secret life as a serial killer, hunting down criminals who have slipped through the cracks of justice.",2006,https://image.tmdb.org/t/p/w500/q8dWfc4JwQuv3HayIZeO84jAXED.jpg,tmdb,tmdb:tv:1405
Pili,,series,,,7.4,158.5082,,,霹靂布袋戲,"action & adventure, drama","Pili is a puppet show from Taiwan. It is made by Pili International Multimedia. The TV series started in 1985, and it still continues today. It is one of the most popular TV shows in Taiwan. Pili puppet show is performed by many kinds of puppets, some of them are cool, some are intelligent, and some are funny. Unlike traditional puppet shows, Pili puppet show uses state-of-the-art animation to help present its fighting art. The delicate design of the appearance and characteristics of each puppet has made Pili puppet show a well-known entertainment in Taiwan.",1988,https://image.tmdb.org/t/p/w500/c6CKmPSXO8omy0eHQX7TcEtz72i.jpg,tmdb,tmdb:tv:19530
Tulsa King,,series,,,8.322,152.3224,,,Tulsa King,"comedy, crime, drama","Just after he is released from prison after 25 years, New York mafia capo Dwight “The General” Manfredi is unceremoniously exiled by his boss to set up shop in Tulsa, Okla. Realizing that his mob family may not have his best interests in mind, Dwight slowly builds a “crew” from a group of unlikely characters, to help him establish a new criminal empire in a place that to him might as well be another planet.",2022,https://image.tmdb.org/t/p/w500/rOYLWCdAifpUtPlTf1WHxyaxeMt.jpg,tmdb,tmdb:tv:153312
One-Punch Man,,series,,,8.4,151.2825,,,ワンパンマン,"action & adventure, animation, comedy, sci-fi & fantasy","The most powerful superhero in the world can kill anyone with one blow. But nothing can challenge him, so he struggles with ennui and depression.",2015,https://image.tmdb.org/t/p/w500/dT10AxJIXVvRwFAew4tt2RhzJrD.jpg,tmdb,tmdb:tv:63926
The Last Frontier,,series,,,7.9,143.2231,,,The Last Frontier,"crime, drama",When a prison transport plane crashes in the remote Alaskan wilderness—freeing dozens of violent inmates—the region's lone marshal must protect the town he's vowed to keep safe.,2025,https://image.tmdb.org/t/p/w500/4S2gS1mECZ5wDRBVAZE6KWmJHI3.jpg,tmdb,tmdb:tv:221079
The Rookie,,series,,,8.531,150.9169,,,The Rookie,"comedy, crime, drama","Starting over isn't easy, especially for small-town guy John Nolan who, after a life-altering incident, is pursuing his dream of being an LAPD officer. As the force's oldest rookie, he’s met with skepticism from some higher-ups who see him as just a walking midlife crisis.",2018,https://image.tmdb.org/t/p/w500/bL1mwXDnH5fCxqc4S2n40hoVyoe.jpg,tmdb,tmdb:tv:79744
Supernatural,,series,,,8.3,132.1008,,,Supernatural,"drama, mystery, sci-fi & fantasy","When they were boys, Sam and Dean Winchester lost their mother to a mysterious and demonic supernatural force. Subsequently, their father raised them to be soldiers. He taught them about the paranormal evil that lives in the dark corners and on the back roads of America ... and he taught them how to kill it. Now, the Winchester brothers crisscross the country in their '67 Chevy Impala, battling every kind of supernatural threat they encounter along the way.",2005,https://image.tmdb.org/t/p/w500/KoYWXbnYuS3b0GyQPkbuexlVK9.jpg,tmdb,tmdb:tv:1622
NCIS,,series,,,7.6,133.294,,,NCIS,"action & adventure, crime, drama","From murder and espionage to terrorism and stolen submarines, a team of special agents investigates any crime that has a shred of evidence connected to Navy and Marine Corps personnel, regardless of rank or position.",2003,https://image.tmdb.org/t/p/w500/mBcu8d6x6zB1el3MPNl7cZQEQ31.jpg,tmdb,tmdb:tv:4614
Secret Lives,,series,,,4.5,118.1744,,,Salatut elämät,"drama, soap",Salatut elämät (Secret Lives) is a Finnish television soap opera that premiered on MTV3 on 25 January 1999. The series' storylines follow the daily lives of several families who live in the same apartment block in Helsinki.,1999,https://image.tmdb.org/t/p/w500/ugYAGyxwajuplDUUYT8Bzbj8eNR.jpg,tmdb,tmdb:tv:14610
Fuse,,series,,,7.6,121.5014,,,Фитиль,"animation, comedy, documentary, family","Fitil is a popular Soviet/Russian television satirical/comedy short film series which ran for about 500 episodes. Some of the episodes were aimed at children, and were called Фитилёк, Fitilyok, Little Fuse. Each issue contained from the few short segments: documentary, fictional and animated ones. Directed by various artists, including Leonid Gaidai who presented his famous trio of Nikulin, Vitsin and Morgunov into the cast. It was called in USSR as ""the anecdotes from the Soviet government"".",1962,https://image.tmdb.org/t/p/w500/dBgJKqZnmfARnN8bkaA7elWjhz9.jpg,tmdb,tmdb:tv:16656
Family Guy,,series,,,7.398,124.37,,,Family Guy,"animation, comedy","Sick, twisted, politically incorrect and Freakin' Sweet animated series featuring the adventures of the dysfunctional Griffin family. Bumbling Peter and long-suffering Lois have three kids. Stewie (a brilliant but sadistic baby bent on killing his mother and taking over the world), Meg (the oldest, and is the most unpopular girl in town) and Chris (the middle kid, he's not very bright but has a passion for movies). The final member of the family is Brian - a talking dog and much more than a pet, he keeps Stewie in check whilst sipping Martinis and sorting through his own life issues.",1999,https://image.tmdb.org/t/p/w500/8o8kiBkWFK3gVytHdyzEWUBXVfK.jpg,tmdb,tmdb:tv:1434
Tagesschau,,series,,,6.8,126.1671,,,Tagesschau,news,"German daily news program, the oldest still existing program on German television.",1952,https://image.tmdb.org/t/p/w500/7dFZJ2ZJJdcmkp05B9NWlqTJ5tq.jpg,tmdb,tmdb:tv:94722
Game of Thrones,,series,,,8.459,116.1133,,,Game of Thrones,"action & adventure, drama, sci-fi & fantasy","Seven noble families fight for control of the mythical land of Westeros. Friction between the houses leads to full-scale war. All while a very ancient evil awakens in the farthest north. Amidst the war, a neglected military order of misfits, the Night's Watch, is all that stands between the realms of men and icy horrors beyond.",2011,https://image.tmdb.org/t/p/w500/1XS1oqL89opfnbLl8WnZY1O1uJx.jpg,tmdb,tmdb:tv:1399
Shameless,,series,,,8.2,119.2418,,,Shameless,"comedy, drama","Chicagoan Frank Gallagher is the proud single dad of six smart, industrious, independent kids, who without him would be... perhaps better off. When Frank's not at the bar spending what little money they have, he's passed out on the floor. But the kids have found ways to grow up in spite of him. They may not be like any family you know, but they make no apologies for being exactly who they are.",2011,https://image.tmdb.org/t/p/w500/9akij7PqZ1g6zl42DQQTtL9CTSb.jpg,tmdb,tmdb:tv:34307
Stranger Things,,series,,,8.6,113.0058,,,Stranger Things,"drama, mystery, sci-fi & fantasy","When a young boy vanishes, a small town uncovers a mystery involving secret experiments, terrifying supernatural forces, and one strange little girl.",2016,https://image.tmdb.org/t/p/w500/uOOtwVbSr4QDjAGIifLDwpb2Pdl.jpg,tmdb,tmdb:tv:66732
Wednesday,,series,,,8.381,106.5058,,,Wednesday,"comedy, mystery, sci-fi & fantasy","Smart, sarcastic and a little dead inside, Wednesday Addams investigates twisted mysteries while making new friends — and foes — at Nevermore Academy.",2022,https://image.tmdb.org/t/p/w500/36xXlhEpQqVVPuiZhfoQuaY4OlA.jpg,tmdb,tmdb:tv:119051
Ninja Boy Rantaro,,series,,,6.5,111.9516,,,忍たま乱太郎,"action & adventure, animation, comedy, family, kids","Rantarō, Shinbei and Kirimaru are ninja  apprentices in the Ninja Gakuen, where first grade ones are called  ""Nintamas"". They must learn  everything a ninja must know, but as for our heroes, money, food or  playing are more interesting. The series show the everyday adventures of  our heroes.",1993,https://image.tmdb.org/t/p/w500/raKlXyICQBeTxYavErIRybR6g8d.jpg,tmdb,tmdb:tv:34860
Criminal Minds,,series,,,8.3,111.9077,,,Criminal Minds,"crime, drama, mystery","An elite team of FBI profilers analyze the country's most twisted criminal minds, anticipating their next moves before they strike again. The Behavioral Analysis Unit's most experienced agent is David Rossi, a founding member of the BAU who returns to help the team solve new cases.",2005,https://image.tmdb.org/t/p/w500/k6LX0rJOYeF4fNzfVlCGxWPTmE5.jpg,tmdb,tmdb:tv:4057
Dinastía Casillas,,series,,,8.5,105.4924,,,Dinastía Casillas,"action & adventure, drama, mystery",,2025,https://image.tmdb.org/t/p/w500/xbBJBKssJr85OzAJNSuWdkh5p4v.jpg,tmdb,tmdb:tv:302463
The Simpsons,,series,,,8.013,114.8845,,,The Simpsons,"animation, comedy, family","Set in Springfield, the average American town, the show focuses on the antics and everyday adventures of the Simpson family; Homer, Marge, Bart, Lisa and Maggie, as well as a virtual cast of thousands. Since the beginning, the series has been a pop culture icon, attracting hundreds of celebrities to guest star. The show has also made name for itself in its fearless satirical take on politics, media and American life in general.",1989,https://image.tmdb.org/t/p/w500/uWpG7GqfKGQqX4YMAo3nv5OrglV.jpg,tmdb,tmdb:tv:456
Peacemaker,,series,,,8.21,101.5643,,,Peacemaker,"action & adventure, drama, sci-fi & fantasy","The continuing story of Peacemaker, a vainglorious superhero/supervillain who believes in peace at any cost — no matter how many people he has to kill. After a miraculous recovery from his duel with Bloodsport, Peacemaker soon discovers that his freedom comes at a price.",2022,https://image.tmdb.org/t/p/w500/eYzbGcYnOUlvj2fa76pTgIXogd7.jpg,tmdb,tmdb:tv:110492
The Tonight Show Starring Johnny Carson,,series,,,7.5,109.3826,,,The Tonight Show Starring Johnny Carson,talk,"The Tonight Show Starring Johnny Carson is a talk show hosted by Johnny Carson under The Tonight Show franchise from 1962 to 1992. It originally aired during late-night. For its first ten years, Carson's Tonight Show was based in New York City with occasional trips to Burbank, California; in May 1972, the show moved permanently to Burbank, California. In 2002, The Tonight Show Starring Johnny Carson was ranked #12 on TV Guide's 50 Greatest TV Shows of All Time.",1962,https://image.tmdb.org/t/p/w500/uSvET5YUvHNDIeoCpErrbSmasFb.jpg,tmdb,tmdb:tv:2261
House,,series,,,8.59,102.4868,,,House,"comedy, drama, mystery","Dr. Gregory House, a drug-addicted, unconventional, misanthropic medical genius, leads a team of diagnosticians at the fictional Princeton–Plainsboro Teaching Hospital in New Jersey.",2004,https://image.tmdb.org/t/p/w500/3Cz7ySOQJmqiuTdrc6CY0r65yDI.jpg,tmdb,tmdb:tv:1408
Breaking Bad,,series,,,8.924,102.3009,,,Breaking Bad,"crime, drama","Walter White, a New Mexico chemistry teacher, is diagnosed with Stage III cancer and given a prognosis of only two years left to live. He becomes filled with a sense of fearlessness and an unrelenting desire to secure his family's financial future at any cost as he enters the dangerous world of drugs and crime.",2008,https://image.tmdb.org/t/p/w500/ztkUQFLlC19CCMYHW9o1zWhJRNq.jpg,tmdb,tmdb:tv:1396
Gen V,,series,,,7.7,96.4789,,,Gen V,"action & adventure, drama, sci-fi & fantasy","At America's only college for superheroes, gifted students put their moral boundaries to the test, competing for the university's top ranking, and a chance to join The Seven, Vought International's elite superhero team. When the school's dark secrets come to light, they must decide what kind of heroes they want to become.",2023,https://image.tmdb.org/t/p/w500/tEv842Nd5uMSavURG4aQO1pNtst.jpg,tmdb,tmdb:tv:205715
Alice in Borderland,,series,,,8.1,91.0532,,,今際の国のアリス,"action & adventure, drama, mystery","With his two friends, a video-game-obsessed young man finds himself in a strange version of Tokyo where they must compete in dangerous games to win.",2020,https://image.tmdb.org/t/p/w500/Ac8ruycRXzgcsndTZFK6ouGA0FA.jpg,tmdb,tmdb:tv:110316
Sazae-san,,series,,,6.5,99.9992,,,サザエさん,"animation, comedy, family",The adventures of Sazae Fuguta and her family and friends in their Tokyo suburb.,1969,https://image.tmdb.org/t/p/w500/sR3tqK13hhpohIfnpd2z3HkpnUb.jpg,tmdb,tmdb:tv:153485
Only You,,series,,,0.0,90.1616,,,非你莫属,reality,,2010,https://image.tmdb.org/t/p/w500/mwE7mKwab8yIKjbJd302D7NaCgA.jpg,tmdb,tmdb:tv:199332
Young Hearts,,series,,,6.3,91.9472,,,Malhação,"comedy, drama, soap","Malhação is a Brazilian television series for the teenage audience. The soap started in 1995, and was set in a fictional Gym Club called Malhação on Barra da Tijuca, Rio de Janeiro. Through the years the location varied slightly. Although the name of the soap remains the same, it is now set in the Múltipla Escolha High School.",1995,https://image.tmdb.org/t/p/w500/bF24r2FxsjzgkJcrbBU8RC9JVoU.jpg,tmdb,tmdb:tv:14424
Law & Order,,series,,,7.391,123.5742,,,Law & Order,"crime, drama","In cases ripped from the headlines, police investigate serious and often deadly crimes, weighing the evidence and questioning the suspects until someone is taken into custody. The district attorney's office then builds a case to convict the perpetrator by proving the person guilty beyond a reasonable doubt. Working together, these expert teams navigate all sides of the complex criminal justice system to make New York a safer place.",1990,https://image.tmdb.org/t/p/w500/haJ9eHytVO3H3JooMJG1DiWwDNm.jpg,tmdb,tmdb:tv:549
Na Wspólnej,,series,,,4.4,90.3452,,,Na Wspólnej,soap,"Na Wspólnej is a Polish soap opera. It has been running since 2003 on the TVN channel as its flagship primetime weekday soap opera. It is loosely based on the German production Unter Uns and it follows the lives of the inhabitants of an apartment block in Wspólna Street, Warsaw. Episodes tend to last around 20 minutes. It is a Polish version of the Hungarian ""Barátok közt"".

The series is shot almost entirely in Warsaw and produced by the Polish branch of Freemantle Media. On 9 September 2008 it celebrated its 1000th episode; ""Na Wspólnej"" was the fourth Polish television series ever to achieve such status. A special episode was broadcast in which characters from some other of TVN's most popular shows visited Wspólna Street.",2003,https://image.tmdb.org/t/p/w500/uksRhdaOn64bO5d33d7rcTbrhJI.jpg,tmdb,tmdb:tv:14750
The Blacklist,,series,,,7.641,94.0616,,,The Blacklist,"crime, drama, mystery","Raymond ""Red"" Reddington, one of the FBI's most wanted fugitives, surrenders in person at FBI Headquarters in Washington, D.C. He claims that he and the FBI have the same interests: bringing down dangerous criminals and terrorists. In the last two decades, he's made a list of criminals and terrorists that matter the most but the FBI cannot find because it does not know they exist. Reddington calls this ""The Blacklist"". Reddington will co-operate, but insists that he will speak only to Elizabeth Keen, a rookie FBI profiler.",2013,https://image.tmdb.org/t/p/w500/4HTfd1PhgFUenJxVuBDNdLmdr0c.jpg,tmdb,tmdb:tv:46952
HK 80's,,series,,,0.0,91.0553,,,香港八十系列,"comedy, drama, family","This sitcom  series premiered in 1981 and changed its name every year, from ""Hong Kong 81"" to ""Hong Kong 86."" It was eventually replaced by a new sitcom called ""City Stories."" A total of 1330 episodes were produced, making it the second-longest-running series in Hong Kong, after ""Come Home Love: Lo and Behold"".

Each episode of this series is inspired by current social issues, with early storylines often satirizing society's flaws. The characters, such as ""Chen Ji,"" ""Mrs. Shun,"" ""Uncle Mao,"" ""Jue Wu Yin,"" ""Miss Su,"" ""A Wei,"" and ""Ah Kang,"" mostly hail from the grassroots, leaving a lasting impression on the audience. For example, ""Mrs. Shun,"" portrayed by Lydia Shum, later became a term to describe uneducated women who follow trends blindly. ""Chen Ji,"" played by Lawrence Ng, is a stockbroker who loves to show off his wealth, and his behavior typified that of many Hong Kongers, becoming a byword for the city's nouveau riche.",1981,https://image.tmdb.org/t/p/w500/6IpuLrhh7XZfIvz0OmFOSJdSORe.jpg,tmdb,tmdb:tv:228091
Burn the House Down,,series,,,7.3,145.0012,,,御手洗家、炎上する,"drama, mystery","After her mother took the blame for a tragic fire 13 years ago, Anzu plots revenge by working as a housekeeper under a pseudonym for her icy stepmother.",2023,https://image.tmdb.org/t/p/w500/s4Ot7YP5GjEW8ggmjXbf79u6b2N.jpg,tmdb,tmdb:tv:210268
Smallville,,series,,,8.2,82.3897,,,Smallville,"action & adventure, drama, sci-fi & fantasy",The origins of the world’s greatest hero–from Krypton refugee Kal-el’s arrival on Earth through his tumultuous teen years to Clark Kent’s final steps toward embracing his destiny as the Man of Steel.,2001,https://image.tmdb.org/t/p/w500/r9K5QQv1o9pLKSEEbfoMWOQwLl5.jpg,tmdb,tmdb:tv:4604
The Daily Show,,series,,,6.388,88.5254,,,The Daily Show,"comedy, news","The World's Fakest News Team tackle the biggest stories in news, politics and pop culture.",1996,https://image.tmdb.org/t/p/w500/ixcfyK7it6FjRM36Te4OdblAq4X.jpg,tmdb,tmdb:tv:2224
The World Heritage,,series,,,8.0,85.0742,,,世界遺産,documentary,"TBS’s ”World Heritage,” is a 30-minute weekly documentary series that is registered by UNESCO under Natural Heritage, Cultural Heritage and Cultural Sciences. The program started in spring, 1996, and over a span of 10 years has covered about 560 topics around the world. To better convey the grandeur of these treasures of the world, TBS has shot the series in High-Definition. High quality images, impeccable narrative, and beautiful music...the elements are simple and straightforward. The producers feel that this style of presentation works best to visually document and preserve the wonders of the world, and continue to do so to this day.",2014,https://image.tmdb.org/t/p/w500/bES9DDFubda9XEIbdcEK6DAu8rZ.jpg,tmdb,tmdb:tv:82172
Binnelanders,,series,,,5.606,86.3183,,,Binnelanders,soap,"A South African Afrikaans soap opera. It is set in and around the fictional private hospital, Binneland Kliniek, in Pretoria, and the storyline follows the trials, trauma and tribulations of the staff and patients of the hospital.",2005,https://image.tmdb.org/t/p/w500/3bzECfllho8PphdYujLUIuhncJD.jpg,tmdb,tmdb:tv:206559
Alpha Forum,,series,,,0.0,81.644,,,Alpha Forum,talk,,1998,,tmdb,tmdb:tv:101253
Prison Break,,series,,,8.076,78.7712,,,Prison Break,"action & adventure, crime, drama","Due to a political conspiracy, an innocent man is sent to death row and his only hope is his brother, who makes it his mission to deliberately get himself sent to the same prison in order to break the both of them out, from the inside out.",2005,https://image.tmdb.org/t/p/w500/z885tJn5kkUHppjIK1g2Q54iTff.jpg,tmdb,tmdb:tv:2288
CSI: Crime Scene Investigation,,series,,,7.636,85.0457,,,CSI: Crime Scene Investigation,"crime, drama, mystery","A Las Vegas team of forensic investigators are trained to solve criminal cases by scouring the crime scene, collecting irrefutable evidence and finding the missing pieces that solve the mystery.",2000,https://image.tmdb.org/t/p/w500/i5hmoRjHNWady4AtAGICTUXknKH.jpg,tmdb,tmdb:tv:1431
FROM,,series,,,8.2,79.8736,,,FROM,"drama, mystery, sci-fi & fantasy","Unravel the mystery of a nightmarish town in middle America that traps all those who enter. As the unwilling residents fight to keep a sense of normalcy and search for a way out, they must also survive the threats of the surrounding forest – including the terrifying creatures that come out when the sun goes down.",2022,https://image.tmdb.org/t/p/w500/cjXLrg4R7FRPFafvuQ3SSznQOd9.jpg,tmdb,tmdb:tv:124364
Die Küchenschlacht,,series,,,8.0,81.5556,,,Die Küchenschlacht,reality,,2008,https://image.tmdb.org/t/p/w500/j2n5W9DRdz68hqoWyHIpMUIBx7L.jpg,tmdb,tmdb:tv:46034
Spartacus,,series,,,8.028,80.9594,,,Spartacus,drama,"Torn from his homeland and the woman he loves, Spartacus is condemned to the brutal world of the arena where blood and death are primetime entertainment.",2010,https://image.tmdb.org/t/p/w500/c2GKN4VHCj1dnjFMANRpGkCVBae.jpg,tmdb,tmdb:tv:46296
Bones,,series,,,8.209,81.5573,,,Bones,"crime, drama","Dr. Temperance Brennan and her colleagues at the Jeffersonian's Medico-Legal Lab assist Special Agent Seeley Booth with murder investigations when the remains are so badly decomposed, burned or destroyed that the standard identification methods are useless.",2005,https://image.tmdb.org/t/p/w500/eyTu5c8LniVciRZIOSHTvvkkgJa.jpg,tmdb,tmdb:tv:1911
Adam's Sweet Agony,,series,,,6.4,80.9411,,,悶えてよ、アダムくん,animation,"This is the story of a boy, who became the lone Adam among four billion Eves. In a world where a pandemic has rendered all men impotent, high school student Itsuki is the exception who escaped it. In order to protect this secret, he transfers to a very special high school, which turns out to be composed of 90% girls! There, he encounters an upbeat and friendly senior, a sexually frustrated female teacher, a tomboyish school 'prince,' and an heiress from a wealthy family. For Itsuki, who has his pick of any woman in the world, the question remains: which one will he choose?",2024,https://image.tmdb.org/t/p/w500/1n1ZP0KHXUSvVxZG63x7aOzmO4M.jpg,tmdb,tmdb:tv:241002
Esref Ruya,,series,,,7.1,66.9524,,,Eşref Rüya,drama,"As a child, Eşref fell in love from afar with a girl he called “Rüya” and spent years searching for her, only to become a powerful mafia figure along the way. Meanwhile, Nisan, an idealistic musician, finds herself in grave danger after performing at a wedding held at Eşref’s hotel. Eşref falls for Nisan, unaware that she is both the long-lost Rüya he has been chasing for years and a police informant. Trapped in a whirlwind of love, betrayal, and power struggles, Eşref is forced into a brutal reckoning—both with his criminal empire and his own emotions.",2025,https://image.tmdb.org/t/p/w500/eeFYLgiRFaG3bKx1qLyC7YOdHJz.jpg,tmdb,tmdb:tv:283123
"My Gift Lvl 9999 Unlimited Gacha: Backstabbed in a Backwater Dungeon, I'm Out for Revenge!",,series,,,7.5,75.6786,,,信じていた仲間達にダンジョン奥地で殺されかけたがギフト『無限ガチャ』でレベル9999の仲間達を手に入れて元パーティーメンバーと世界に復讐＆『ざまぁ！』します！,"action & adventure, animation, drama, sci-fi & fantasy","God created nine races in the ancient times. Humans were the weakest, most ridiculed race among them. Light, a human boy, was fortunate enough to be invited to join a party of all nine races called the ""Assembly of the Races."" He was happy being a member for a while, but that was a short dream. His hopes were only to be betrayed by his fellow members at the largest, most heinous dungeon ""Abyss."" After surviving by himself at the bottom of Abyss, Light learns the true meaning of his gift ""Unlimited Gacha."" Light will rise from the worst despair to build his own empire of the strongest players.",2025,https://image.tmdb.org/t/p/w500/pGNBYEae87H8iLRF3AoztonnZkp.jpg,tmdb,tmdb:tv:278635
Kamen Rider,,series,,,6.4,75.2134,,,仮面ライダー,"action & adventure, drama, sci-fi & fantasy","Takeshi Hongo is a promising young man with a passion for motorcycle racing. However, his dreams are suddenly ruined when he gets kidnapped by Shocker, the evil secret organization planning to dominate the world. After being remodeled into a cyborg, Takeshi escapes and swears to protect the world from the inhuman monsters.",1971,https://image.tmdb.org/t/p/w500/lv3OlrXyTNg4Dz0JrtopOmMziNs.jpg,tmdb,tmdb:tv:2661
Kangsi Coming,,series,,,7.7,65.0305,,,康熙來了,"reality, talk","KangXi Lai Le is a Taiwanese variety-comedy talk show hosted by variety show veterans Dee Hsu and Kevin Tsai. It was produced by Chungta Production from 2004 to 2009, and currently produced by Gold Star Production along with the writing and production staff of GUESS. It was first broadcast on 5 January 2004 and currently airs Monday to Friday at 22:00-23:00 on cable TV CTi Variety. In most episodes, the hosts interview a panel of celebrities in various and controversial topics while employing their signature comedic bantering. It is broadcast in Hong Kong on ATV Home under the name of Variety Show of Mr Con and Ms Csi.

Although it is broadcast in Taiwan, the show is very successful and popular among Chinese speaking audiences across the world who watch uploaded re-runs over the internet or through bootleg DVDs. The show has been mentioned in other Taiwanese variety and talk shows, mainly from presenters who appeared on the show.",2004,https://image.tmdb.org/t/p/w500/bVWEPDZHRSdd7voVled6CLLq1zB.jpg,tmdb,tmdb:tv:6836
Big Brother,,series,,,4.317,78.9087,,,Big Brother,reality,"A British reality television game show in which a number of contestants live in an isolated house for several weeks, trying to avoid being evicted by the public with the aim of winning a large cash prize at the end of the run.",2000,https://image.tmdb.org/t/p/w500/cx0YldpEMh1EBpwwdgY1Awcg6ty.jpg,tmdb,tmdb:tv:11366
Midsomer Murders,,series,,,7.5,77.6901,,,Midsomer Murders,"crime, drama, mystery","The peacefulness of the Midsomer community is shattered by violent crimes, suspects are placed under suspicion, and it is up to a veteran DCI and his young sergeant to calmly and diligently eliminate the innocent and ruthlessly pursue the guilty.",1997,https://image.tmdb.org/t/p/w500/31wojXBSLT6LYTUMyc6BiyXqUyP.jpg,tmdb,tmdb:tv:764
The Walking Dead: Daryl Dixon,,series,,,8.1,73.9179,,,The Walking Dead: Daryl Dixon,"action & adventure, drama, sci-fi & fantasy","Daryl washes ashore in France and struggles to piece together how he got there and why. The series tracks his journey across a broken but resilient France as he hopes to find a way back home. As he makes the journey, though, the connections he forms along the way complicate his ultimate plan.",2023,https://image.tmdb.org/t/p/w500/sP5QdW9FN18XWcA4ROz3MPAQBTx.jpg,tmdb,tmdb:tv:211684
RadhaKrishn,,series,,,9.0,75.1177,,,राधाकृष्ण,"action & adventure, comedy, drama, family, soap","The story of Radha and Krishna is the epitome of eternal love, which transcends eras and emotions.",2018,https://image.tmdb.org/t/p/w500/3SiMmfY0663JmjpAfftmj1h6XGP.jpg,tmdb,tmdb:tv:86310
Old Money,,series,,,3.125,63.03,,,Enfes Bir Akşam,drama,Nihal's affluent life comes under threat when a self-made tycoon with an eye for money — and an even sharper one for love — shakes up Istanbul's elite.,2025,https://image.tmdb.org/t/p/w500/eblsywmEMgaSLp9kVA1mnbCc6Sp.jpg,tmdb,tmdb:tv:278009
Gachiakuta,,series,,,8.943,72.2702,,,ガチアクタ,"action & adventure, animation, drama, sci-fi & fantasy","Accused of murder and thrown into the Pit, a young orphan joins a group of monster fighters with special powers to uncover the truth and seek vengeance.",2025,https://image.tmdb.org/t/p/w500/jH78nLFrTU6aP7hY7KO6DZHFLoX.jpg,tmdb,tmdb:tv:256721
The Tonight Show Starring Jimmy Fallon,,series,,,5.9,79.3333,,,The Tonight Show Starring Jimmy Fallon,"comedy, talk","After Jay Leno's second retirement from the program, Jimmy Fallon stepped in as his permanent replacement. After 42 years in Los Angeles the program was brought back to New York.",2014,https://image.tmdb.org/t/p/w500/w45SzixehUuyVF4RY9aeNl3sFdc.jpg,tmdb,tmdb:tv:59941
Sturm der Liebe,,series,,,6.0,75.4616,,,Sturm der Liebe,"drama, soap","These are the stories of relationships taking place in the fictional five-star hotel Fürstenhof, located in Feldkirchen-Westerham near Rosenheim with the plot revolving around members of the family room area, the hotel owners, and employees.",2005,https://image.tmdb.org/t/p/w500/jfFNydakwvbeACEwSd2Gh8UWtba.jpg,tmdb,tmdb:tv:45789
The Vampire Diaries,,series,,,8.3,73.4413,,,The Vampire Diaries,"drama, sci-fi & fantasy","The story of two vampire brothers obsessed with the same girl, who bears a striking resemblance to the beautiful but ruthless vampire they knew and loved in 1864.",2009,https://image.tmdb.org/t/p/w500/b3vl6wV1W8PBezFfntKTrhrehCY.jpg,tmdb,tmdb:tv:18165
The Office,,series,,,8.585,79.5684,,,The Office,comedy,"The everyday lives of office employees in the Scranton, Pennsylvania branch of the fictional Dunder Mifflin Paper Company.",2005,https://image.tmdb.org/t/p/w500/7DJKHzAi83BmQrWLrYYOqcoKfhR.jpg,tmdb,tmdb:tv:2316
South Park,,series,,,8.346,72.8055,,,South Park,"animation, comedy","Follow the misadventures of four irreverent grade-schoolers in the quiet, dysfunctional town of South Park, Colorado.",1997,https://image.tmdb.org/t/p/w500/xJnbMTrJ2fl1AXAKx34U4BPvOhs.jpg,tmdb,tmdb:tv:2190
The Mike Douglas Show,,series,,,5.4,70.5991,,,The Mike Douglas Show,"comedy, talk","The Mike Douglas Show is an American daytime television talk show hosted by Mike Douglas that originally aired only in the Cleveland area during much of its first two years on the air. It then went into syndication in 1963 and remained on television until 1982. It was distributed by Westinghouse Broadcasting and for much of its run, originated from studios of two of the company's TV stations in Cleveland and Philadelphia.",1961,https://image.tmdb.org/t/p/w500/qNk97cbF3dZyhkfIcJhjFDD64sM.jpg,tmdb,tmdb:tv:10536
Néro the Assassin,,series,,,6.94,61.6931,,,Néro,"action & adventure, drama","France, 1504. A ruthless assassin goes on the run with his estranged daughter in his quest to protect her from deadly enemies and evil forces.",2025,https://image.tmdb.org/t/p/w500/twNHmxeFkDEdGzYMeGTp9stoGUC.jpg,tmdb,tmdb:tv:249551
Državni posao,,series,,,7.9,73.3674,,,Државни посао,comedy,"The backbone of the ""Državni Posao (Government Job)"" are satirical talks between the three actors, the comments are reminiscent of the ""stand-up"" form. These are short, witty comments and observations on daily life, circumstances, sociopolitical situation, sports, entertainment world, their personal opinions on various topics. The main idea is to present day in a non-existent government company and three employees of thinking about daily events in it, but also about life and society in general. Topics drawn from the daily and weekly press, for various blogs, websites, talk about movies, series, shows - radio and television. The idea is that actors humorously comment on current events, to laugh viewers and encourage them to think about them.",2012,https://image.tmdb.org/t/p/w500/sceVlRK5RvnU1qjNipyWDHQXB7x.jpg,tmdb,tmdb:tv:46831
Doraemon,,series,,,7.7,71.389,,,ドラえもん,"action & adventure, animation, comedy, family, kids, sci-fi & fantasy",Doraemon is an anime TV series created by Fujiko F. Fujio and based on the manga series of the same name. This anime is the much more successful successor of the 1973 anime.,1979,https://image.tmdb.org/t/p/w500/bHMqPDsW7Lb71CVHXq4PuEvQ4NY.jpg,tmdb,tmdb:tv:57911
Slow Horses,,series,,,7.972,73.3018,,,Slow Horses,"comedy, crime, drama","Follow a dysfunctional team of MI5 agents—and their obnoxious boss, the notorious Jackson Lamb—as they navigate the espionage world's smoke and mirrors to defend England from sinister forces.",2022,https://image.tmdb.org/t/p/w500/5RuZZIouptatjV96BdPmKmRsnGg.jpg,tmdb,tmdb:tv:95480
Raw,,series,,,6.771,74.4565,,,Raw,reality,"A regularly scheduled, live, year-round program featuring some of the biggest WWE Superstars.",1993,https://image.tmdb.org/t/p/w500/pv5WNnLUo7mpT8k901Lo8UovrqI.jpg,tmdb,tmdb:tv:4656
No One Saw Us Leave,,series,,,7.583,74.2967,,,Nadie nos vio partir,drama,"A mother faces stigma and a painful separation when her husband takes their children abroad, forever changing her life.",2025,https://image.tmdb.org/t/p/w500/zZjZNhYWwRgyyJyYqBpU02uV4ja.jpg,tmdb,tmdb:tv:246027
Radio Arvyla,,series,,,5.5,71.5423,,,Ράδιο Αρβύλα,"comedy, news","Radio Arvyla is a Greek live show hosted by ANT1 in Thessaloniki. It first aired on April 2008. It is hosted by Antonis Kanakis, Giannis Servetas, Stathis Panagiotopoulos and Christos Kiousis. It mainly criticizes the political life and what prevails in the modern social life through parodies, videos and jokes. It's a show that isn't afraid to show the truth and most of the time, it does that, with a humorous way.",2008,https://image.tmdb.org/t/p/w500/u0NlPvjp1AmP6wzRassWnzSDcPq.jpg,tmdb,tmdb:tv:32580
American Dad!,,series,,,6.992,80.1579,,,American Dad!,"animation, comedy","The series focuses on an eccentric motley crew that is the Smith family and their three housemates: Father, husband, and breadwinner Stan Smith; his better half housewife, Francine Smith; their college-aged daughter, Hayley Smith; and their high-school-aged son, Steve Smith. Outside of the Smith family, there are three additional main characters, including Hayley's boyfriend turned husband, Jeff Fischer; the family's man-in-a-goldfish-body pet, Klaus; and most notably the family's zany alien, Roger, who is ""full of masquerades, brazenness, and shocking antics.""",2005,https://image.tmdb.org/t/p/w500/aC1q422YhQR7k82GB8gW4KoD91p.jpg,tmdb,tmdb:tv:1433
Suits,,series,,,8.227,73.4183,,,Suits,drama,"While running from a drug deal gone bad, Mike Ross, a brilliant young college-dropout, slips into a job interview with one of New York City's best legal closers, Harvey Specter. Tired of cookie-cutter law school grads, Harvey takes a gamble by hiring Mike on the spot after he recognizes his raw talent and photographic memory.",2011,https://image.tmdb.org/t/p/w500/vQiryp6LioFxQThywxbC6TuoDjy.jpg,tmdb,tmdb:tv:37680
A Kindred Spirit,,series,,,0.0,70.64,,,真情,"comedy, drama","A Kindred Spirit was a television drama series that was broadcast on TVB Jade in Hong Kong from 15 May 1995 to 13 November 1999. It is one of the longest running drama shows in Hong Kong television history. Its exceptional longevity still amazes people in a city where scripted TV drama programs typically only last around 20 episodes. The total number of episodes is 1,128. Each episode airs a few days in each week.

The show centres on a family who operates a barbecue pork restaurant in Happy Valley, Hong Kong, and their life.",1995,https://image.tmdb.org/t/p/w500/fpOAhBePSowxPsRUUT0ov9tMXwc.jpg,tmdb,tmdb:tv:15844
Vikings,,series,,,8.094,68.3564,,,Vikings,"action & adventure, drama, war & politics","The adventures of Ragnar Lothbrok, the greatest hero of his age. The series tells the sagas of Ragnar's band of Viking brothers and his family, as he rises to become King of the Viking tribes. As well as being a fearless warrior, Ragnar embodies the Norse traditions of devotion to the gods. Legend has it that he was a direct descendant of Odin, the god of war and warriors.",2013,https://image.tmdb.org/t/p/w500/bQLrHIRNEkE3PdIWQrZHynQZazu.jpg,tmdb,tmdb:tv:44217
The Walking Dead,,series,,,8.091,70.4291,,,The Walking Dead,"action & adventure, drama, sci-fi & fantasy",Sheriff's deputy Rick Grimes awakens from a coma to find a post-apocalyptic world dominated by flesh-eating zombies. He sets out to find his family and encounters many other survivors along the way.,2010,https://image.tmdb.org/t/p/w500/ng3cMtxYKt1OSQYqFlnKWnVsqNO.jpg,tmdb,tmdb:tv:1402
If You Are the One,,series,,,10.0,68.1845,,,非诚勿扰,,"With a viewing audience of up to 50 million per episode, this popular Chinese dating show is a cultural phenomenon. A lone male suitor has to impress a panel of 24 single women, who can then register their interest or disinterest in the man through the use of their podium lights. Popular host Meng Fei oversees the action in front of a large studio audience.",2010,https://image.tmdb.org/t/p/w500/nqQBI7Jxgsc88S29e6HQ7x0xA2C.jpg,tmdb,tmdb:tv:103751
SPY x FAMILY,,series,,,8.539,67.3997,,,SPY×FAMILY,"action & adventure, animation, comedy","A spy, an assassin and a telepath come together to pose as a family, each for their own reasons, while hiding their true identities from each other.",2022,https://image.tmdb.org/t/p/w500/7NAvPYPAu7MeHwP8E9sn81PqsRh.jpg,tmdb,tmdb:tv:120089
Task,,series,,,5.979,67.3927,,,Task,"crime, drama","In the working-class suburbs of Philadelphia, an FBI agent heads a task force assembled to put an end to a string of violent robberies led by an unsuspecting family man.",2025,https://image.tmdb.org/t/p/w500/9JdL1aQdAQiyYYQ2xCqbHaEcZt8.jpg,tmdb,tmdb:tv:228305
Boots,,series,,,8.313,68.4782,,,Boots,"comedy, drama, war & politics","In 1990, a bullied, gay high school student named Cameron joins the Marine Corps with his straight best friend, Ray — a dangerous move when being gay in the military meant jail time or worse. As these two friends plunge into Marine Corps boot camp, where the landmines are both literal and metaphorical, they join a platoon of young men on a harrowing journey of transformation.",2025,https://image.tmdb.org/t/p/w500/eEwe68oPFFDU4ehZ3sXiETE44Rt.jpg,tmdb,tmdb:tv:225647
The Summer I Turned Pretty,,series,,,8.14,65.0904,,,The Summer I Turned Pretty,drama,"Every summer, Belly and her family head to the Fishers’ beach house in Cousins. Every summer is the same ... until Belly turns sixteen. Relationships will be tested, painful truths will be revealed, and Belly will be forever changed. It’s a summer of first love, first heartbreak and growing up — it's the summer she turns pretty.",2022,https://image.tmdb.org/t/p/w500/xBIz53wYWsKfFpN0TaizVAjKJ0z.jpg,tmdb,tmdb:tv:194766
Chicago Fire,,series,,,8.409,69.8692,,,Chicago Fire,drama,"An edge-of-your-seat view into the lives of everyday heroes committed to one of America's noblest professions. For the firefighters, rescue squad and paramedics of Chicago Firehouse 51, no occupation is more stressful or dangerous, yet so rewarding and exhilarating. These courageous men and women are among the elite who forge headfirst into danger when everyone else is running the other way and whose actions make the difference between life and death.",2012,https://image.tmdb.org/t/p/w500/r915sk2JpthZSjHEgZKifWxgo6L.jpg,tmdb,tmdb:tv:44006
Miraculous: Tales of Ladybug & Cat Noir,,series,,,8.046,65.896,,,"Miraculous, les aventures de Ladybug et Chat Noir","action & adventure, animation, kids","Marinette and Adrien, two Parisian teenagers, are entrusted with powerful jewels in order to transform into superheroes Ladybug and Cat Noir. But neither hero knows the other's true identity — or that they're classmates!",2015,https://image.tmdb.org/t/p/w500/acrtAy8gmxcsEvrDP09MpMSCeDZ.jpg,tmdb,tmdb:tv:65334
Friends,,series,,,8.425,73.3503,,,Friends,comedy,"Six young people from New York City, on their own and struggling to survive in the real world, find the companionship, comfort and support they get from each other to be the perfect antidote to the pressures of life.",1994,https://image.tmdb.org/t/p/w500/2koX1xLkpTQM4IZebYvKysFW1Nh.jpg,tmdb,tmdb:tv:1668
Blue Bloods,,series,,,7.796,71.5151,,,Blue Bloods,"crime, drama","A drama about a multi-generational family of cops dedicated to New York City law enforcement. Frank Reagan is the New York Police Commissioner and heads both the police force and the Reagan brood. He runs his department as diplomatically as he runs his family, even when dealing with the politics that plagued his unapologetically bold father, Henry, during his stint as Chief.",2010,https://image.tmdb.org/t/p/w500/q1WlrxnCvNhBjJ4N7V0JQXjnIBN.jpg,tmdb,tmdb:tv:32692
Golden Boy,,series,,,8.279,64.8086,,,Yalı Çapkını,"drama, family","A young girl is forced to marry a rich groom. The groom is not only rich, but also allows himself to live without any restrictions or obligations. Will married life change his habits? And how will such a man be accepted by a good-hearted wife?",2022,https://image.tmdb.org/t/p/w500/cgf5R2XrfRQGp2sTu3cncbnFxRy.jpg,tmdb,tmdb:tv:210865
Shin Chan,,series,,,7.8,67.2753,,,クレヨンしんちゃん,"animation, comedy, kids","Shin-chan, the boy next door, is a walking disaster, creating chaos wherever he goes. With the body of a child and the mind of an adult, Shinchan is wreaking more havoc than any child before. Shin-chan is carefree, optimistic and gets excited about everything. This 5 year-old likes to do things his way.",1992,https://image.tmdb.org/t/p/w500/zg19Paur3lVVSh8J4LJVO1wgBIg.jpg,tmdb,tmdb:tv:30623
Two and a Half Men,,series,,,7.447,65.1754,,,Two and a Half Men,comedy,A hedonistic jingle writer's free-wheeling life comes to an abrupt halt when his brother and 10-year-old nephew move into his beach-front house.,2003,https://image.tmdb.org/t/p/w500/xgfjxyV3g1S68opzuvG6G87muDp.jpg,tmdb,tmdb:tv:2691
Castle,,series,,,8.0,67.6876,,,Castle,"crime, drama","After a serial killer imitates the plots of his novels, successful mystery novelist Richard ""Rick"" Castle receives permission from the Mayor of New York City to tag along with an NYPD homicide investigation team for research purposes.",2009,https://image.tmdb.org/t/p/w500/diXBeMzvfJb2iJg3G0kCUaMCzEc.jpg,tmdb,tmdb:tv:1419
Alien: Earth,,series,,,7.48,63.82,,,Alien: Earth,"drama, sci-fi & fantasy","When the mysterious deep space research vessel USCSS Maginot crash-lands on Earth, Wendy and a ragtag group of tactical soldiers make a fateful discovery that puts them face-to-face with the planet's greatest threat.",2025,https://image.tmdb.org/t/p/w500/yueXS3q8BtoWekcHOATFHicLl3e.jpg,tmdb,tmdb:tv:157239
Law of the Jungle,,series,,,6.0,66.9814,,,김병만의 정글의 법칙,reality,"Law of the Jungle is a hybrid reality show combining elements of drama and documentary. The show is hosted by comedian Kim Byung Man, and each episode invites various celebrities from the various field. So far, many of idol stars and famous actors have appeared on the show. The show introduces viewers to exotic locations around the world where celebrities must work together in order to complete missions and survive. The cast celebrities travel to less habituated, natural places to survive on their own and experience life with local tribes and people. In each location, the guests are tasked to hunt and prepare their meals and also create shelter for the tribe. They sometimes confronted by many difficult challenges. Where will the tribe visit? And how will they survive on their own? Stay tuned to check out!",2011,https://image.tmdb.org/t/p/w500/zgMOq3H27nYikqjykeXCIIFRbjK.jpg,tmdb,tmdb:tv:52910
Chicago P.D.,,series,,,8.414,55.171,,,Chicago P.D.,"crime, drama","A riveting police drama about the men and women of the Chicago Police Department's District 21 who put it all on the line to serve and protect their community. District 21 is made up of two distinctly different groups: the uniformed cops who patrol the beat and go head-to-head with the city's street crimes and the Intelligence Unit that combats the city's major offenses - organized crime, drug trafficking, high profile murders and beyond.",2014,https://image.tmdb.org/t/p/w500/bez40PgT36RUu4gstD2A6GSM0tP.jpg,tmdb,tmdb:tv:58841
Chibi Maruko-chan,,series,,,7.8,67.2694,,,ちびまる子ちゃん,"animation, comedy","Meet Maruko, a sweet schoolgirl with a hefty dose of curiosity (and occasional laziness!). She sails through life in a cozy town alongside her loving parents, grandparents, and sister. Maruko has a band of loyal friends, including her closest pal, Tama-chan, but her playful and doting grandpa is at the heart of it all. Life is never dull in this charming series.",1990,https://image.tmdb.org/t/p/w500/5Ta4wnZPzOf4oCEgpBfmvXWhYwJ.jpg,tmdb,tmdb:tv:57775
Vighnaharta Ganesh,,series,,,9.5,66.4049,,,विघ्नहर्ता गणेश,drama,"Vighnaharta Ganesh showcases the journey of the deity Ganesha and presents a magical visual extravaganza with impeccable production design, celestial costumes and ingenious audio-visual experience through Motion Capture technology. This technology will make the emotional journey of how Ganesha transformed from being an ostracized child to ""Prathamesh"" amongst Gods, a more endearing and realistic experience. Motion Capture technology and animatronics which will be used for the first time on Indian Television, after being extensively used in Hollywood. This technology will replace the age old depiction of Lord Ganesha with an inert mask and bring alive the detailed life-like movements and facial expressions to the fore giving the viewers a delightful visual treat. This magnum opus is supported by a stellar star-cast that includes Uzair Basar playing Ganesha, Akanksha Puri as Parvati, Malkhan Singh as Shiv, Basant Bhatt as Kartikeya and Anand Garodia as Narada Muni.",2017,https://image.tmdb.org/t/p/w500/hjtGudCLbL8CGmmwHSjOd0lgWFY.jpg,tmdb,tmdb:tv:75230
How I Met Your Mother,,series,,,8.142,64.8793,,,How I Met Your Mother,comedy,A father recounts to his children - through a series of flashbacks - the journey he and his four best friends took leading up to him meeting their mother.,2005,https://image.tmdb.org/t/p/w500/b34jPzmB0wZy7EjUZoleXOl2RRI.jpg,tmdb,tmdb:tv:1100
Reacher,,series,,,8.095,65.5882,,,Reacher,"action & adventure, crime, drama","Jack Reacher, a veteran military police investigator, has just recently entered civilian life. Reacher is a drifter, carrying no phone and the barest of essentials as he travels the country and explores the nation he once served.",2022,https://image.tmdb.org/t/p/w500/31GlRQMiDunO8cl3NxTz34U64rf.jpg,tmdb,tmdb:tv:108978
ZIBB,,series,,,0.0,68.4867,,,ZIBB,"news, talk",,2003,,tmdb,tmdb:tv:265167
9-1-1,,series,,,8.2,65.6331,,,9-1-1,"action & adventure, crime, drama","Explore the high-pressure experiences of police officers, paramedics and firefighters who are thrust into the most frightening, shocking and heart-stopping situations. These emergency responders must try to balance saving those who are at their most vulnerable with solving the problems in their own lives.",2018,https://image.tmdb.org/t/p/w500/a7VwJMCs4bUm5NxjsFgoPs1ihnJ.jpg,tmdb,tmdb:tv:75219
Attack on Titan,,anime,,,8.5,913623.0,,,Shingeki no Kyojin,"action, drama, fantasy, mystery","Several hundred years ago, humans were nearly exterminated by titans. Titans are typically several stories tall, seem to have no intelligence, devour human beings and, worst of all, seem to do it for the pleasure rather than as a food source. A small percentage of humanity survived by walling themselves in a city protected by extremely high walls, even taller than the biggest of titans.
Flash forward to the present and the city has not seen a titan in over 100 years. Teenage boy Eren and his foster sister Mikasa witness something horrific as the city walls are destroyed by a colossal titan that appears out of thin air. As the smaller titans flood the city, the two kids watch in horror as their mother is eaten alive. Eren vows that he will murder every single titan and take revenge for all of mankind.
(Source: MangaHelpers) ",2013,https://anilist.co/anime/16498,anilist,anilist:16498
Demon Slayer: Kimetsu no Yaiba,,anime,,,8.2,867705.0,,,Kimetsu no Yaiba,"action, adventure, drama, fantasy, supernatural","It is the Taisho Period in Japan. Tanjiro, a kindhearted boy who sells charcoal for a living, finds his family slaughtered by a demon. To make matters worse, his younger sister Nezuko, the sole survivor, has been transformed into a demon herself. Though devastated by this grim reality, Tanjiro resolves to become a “demon slayer” so that he can turn his sister back into a human, and kill the demon that massacred his family.

(Source: Crunchyroll)",2019,https://anilist.co/anime/101922,anilist,anilist:101922
Death Note,,anime,,,8.4,831419.0,,,DEATH NOTE,"mystery, psychological, supernatural, thriller","Light Yagami is a genius high school student who is about to learn about life through a book of death. When a bored shinigami, a God of Death, named Ryuk drops a black notepad called a Death Note, Light receives power over life and death with the stroke of a pen. Determined to use this dark gift for the best, Light sets out to rid the world of evil… namely, the people he believes to be evil. Should anyone hold such power?

The consequences of Light’s actions will set the world ablaze.

(Source: Viz Media)",2006,https://anilist.co/anime/1535,anilist,anilist:1535
JUJUTSU KAISEN,,anime,,,8.4,821561.0,,,Jujutsu Kaisen,"action, drama, supernatural","A boy fights... for ""the right death.""

Hardship, regret, shame: the negative feelings that humans feel become Curses that lurk in our everyday lives. The Curses run rampant throughout the world, capable of leading people to terrible misfortune and even death. What's more, the Curses can only be exorcised by another Curse.

Itadori Yuji is a boy with tremendous physical strength, though he lives a completely ordinary high school life. One day, to save a friend who has been attacked by Curses, he eats the finger of the Double-Faced Specter, taking the Curse into his own soul. From then on, he shares one body with the Double-Faced Specter. Guided by the most powerful of sorcerers, Gojou Satoru, Itadori is admitted to the Tokyo Metropolitan Technical High School of Sorcery, an organization that fights the Curses... and thus begins the heroic tale of a boy who became a Curse to exorcise a Curse, a life from which he could never turn back.

(Source: Crunchyroll)

Note: The first episode received an early web premiere on September 19th, 2020. The regular TV broadcast started on October 3rd, 2020.",2020,https://anilist.co/anime/113415,anilist,anilist:113415
My Hero Academia,,anime,,,7.6,770435.0,,,Boku no Hero Academia,"action, adventure, comedy","What would the world be like if 80 percent of the population manifested extraordinary superpowers called “Quirks” at age four? Heroes and villains would be battling it out everywhere! Becoming a hero would mean learning to use your power, but where would you go to study? U.A. High's Hero Program of course! But what would you do if you were one of the 20 percent who were born Quirkless?

Middle school student Izuku Midoriya wants to be a hero more than anything, but he hasn't got an ounce of power in him. With no chance of ever getting into the prestigious U.A. High School for budding heroes, his life is looking more and more like a dead end. Then an encounter with All Might, the greatest hero of them all gives him a chance to change his destiny…

(Source: Viz Media)",2016,https://anilist.co/anime/21459,anilist,anilist:21459
Hunter x Hunter (2011),,anime,,,8.9,735752.0,,,HUNTER×HUNTER (2011),"action, adventure, fantasy","A new adaption of the manga of the same name by Togashi Yoshihiro.
A Hunter is one who travels the world doing all sorts of dangerous tasks. From capturing criminals to searching deep within uncharted lands for any lost treasures. Gon is a young boy whose father disappeared long ago, being a Hunter. He believes if he could also follow his father's path, he could one day reunite with him.
After becoming 12, Gon leaves his home and takes on the task of entering the Hunter exam, notorious for its low success rate and high probability of death to become an official Hunter. He befriends the revenge-driven Kurapika, the doctor-to-be Leorio and the rebellious ex-assassin Killua in the exam, with their friendship prevailing throughout the many trials and threats they come upon taking on the dangerous career of a Hunter.",2011,https://anilist.co/anime/11061,anilist,anilist:11061
One-Punch Man,,anime,,,8.3,683281.0,,,One Punch Man,"action, comedy, sci-fi, supernatural","Saitama has a rather peculiar hobby, being a superhero, but despite his heroic deeds and superhuman abilities, a shadow looms over his life. He's become much too powerful, to the point that every opponent ends up defeated with a single punch.

The lack of challenge has driven him into a state of apathy, as he watches his life pass by having lost all enthusiasm, at least until he's unwillingly thrust in the role of being a mentor to the young and revenge-driven Genos.   

",2015,https://anilist.co/anime/21087,anilist,anilist:21087
Tokyo Ghoul,,anime,,,7.5,652107.0,,,Tokyo Ghoul,"action, drama, horror, mystery, psychological, supernatural","The suspense horror/dark fantasy story is set in Tokyo, which is haunted by mysterious ""ghouls"" who are devouring humans. People are gripped by the fear of these ghouls whose identities are masked in mystery. An ordinary college student named Kaneki encounters Rize, a girl who is an avid reader like him, at the café he frequents. Little does he realize that his fate will change overnight.

(Source: Anime News Network)",2014,https://anilist.co/anime/20605,anilist,anilist:20605
Attack on Titan Season 2,,anime,,,8.4,644953.0,,,Shingeki no Kyojin Season 2,"action, drama, fantasy, mystery","Eren Jaeger swore to wipe out every last Titan, but in a battle for his life he wound up becoming the thing he hates most. With his new powers, he fights for humanity's freedom facing the monsters that threaten his home. After a bittersweet victory against the Female Titan, Eren finds no time to rest—a horde of Titans is approaching Wall Rose and the battle for humanity continues!

(Source: Funimation)",2017,https://anilist.co/anime/20958,anilist,anilist:20958
ONE PIECE,,anime,,,8.8,636268.0,,,ONE PIECE,"action, adventure, comedy, drama, fantasy","Gold Roger was known as the Pirate King, the strongest and most infamous being to have sailed the Grand Line. The capture and death of Roger by the World Government brought a change throughout the world. His last words before his death revealed the location of the greatest treasure in the world, One Piece. It was this revelation that brought about the Grand Age of Pirates, men who dreamed of finding One Piece (which promises an unlimited amount of riches and fame), and quite possibly the most coveted of titles for the person who found it, the title of the Pirate King.
Enter Monkey D. Luffy, a 17-year-old boy that defies your standard definition of a pirate. Rather than the popular persona of a wicked, hardened, toothless pirate who ransacks villages for fun, Luffy’s reason for being a pirate is one of pure wonder; the thought of an exciting adventure and meeting new and intriguing people, along with finding One Piece, are his reasons of becoming a pirate. Following in the footsteps of his childhood hero, Luffy and his crew travel across the Grand Line, experiencing crazy adventures, unveiling dark mysteries and battling strong enemies, all in order to reach One Piece.
*This includes following special episodes:
- Chopperman to the Rescue! Protect the TV Station by the Shore! (Episode 336)
- The Strongest Tag-Team! Luffy and Toriko's Hard Struggle! (Episode 492)
- Team Formation! Save Chopper (Episode 542)
- History's Strongest Collaboration vs. Glutton of the Sea (Episode 590)
- 20th Anniversary! Special Romance Dawn (Episode 907)",1999,https://anilist.co/anime/21,anilist,anilist:21
Fullmetal Alchemist: Brotherhood,,anime,,,9.0,635192.0,,,Hagane no Renkinjutsushi: FULLMETAL ALCHEMIST,"action, adventure, drama, fantasy","""In order for something to be obtained, something of equal value must be lost.""

Alchemy is bound by this Law of Equivalent Exchange—something the young brothers Edward and Alphonse Elric only realize after attempting human transmutation: the one forbidden act of alchemy. They pay a terrible price for their transgression—Edward loses his left leg, Alphonse his physical body. It is only by the desperate sacrifice of Edward's right arm that he is able to affix Alphonse's soul to a suit of armor. Devastated and alone, it is the hope that they would both eventually return to their original bodies that gives Edward the inspiration to obtain metal limbs called ""automail"" and become a state alchemist, the Fullmetal Alchemist.

Three years of searching later, the brothers seek the Philosopher's Stone, a mythical relic that allows an alchemist to overcome the Law of Equivalent Exchange. Even with military allies Colonel Roy Mustang, Lieutenant Riza Hawkeye, and Lieutenant Colonel Maes Hughes on their side, the brothers find themselves caught up in a nationwide conspiracy that leads them not only to the true nature of the elusive Philosopher's Stone, but their country's murky history as well. In between finding a serial killer and racing against time, Edward and Alphonse must ask themselves if what they are doing will make them human again... or take away their humanity.

(Source: MAL Rewrite)",2009,https://anilist.co/anime/5114,anilist,anilist:5114
Sword Art Online,,anime,,,6.9,634457.0,,,Sword Art Online,"action, adventure, fantasy, romance","In the near future, a Virtual Reality Massive Multiplayer Online Role-Playing Game (VRMMORPG) called Sword Art Online has been released where players control their avatars with their bodies using a piece of technology called Nerve Gear. One day, players discover they cannot log out, as the game creator is holding them captive unless they reach the 100th floor of the game's tower and defeat the final boss. However, if they die in the game, they die in real life. Their struggle for survival starts now...
(Source: Crunchyroll)",2012,https://anilist.co/anime/11757,anilist,anilist:11757
Naruto,,anime,,,8.0,632577.0,,,NARUTO,"action, adventure, comedy, drama, fantasy, supernatural","Naruto Uzumaki, a hyperactive and knuckle-headed ninja, lives in Konohagakure, the Hidden Leaf village. Moments prior to his birth, a huge demon known as the Kyuubi, the Nine-tailed Fox, attacked Konohagakure and wreaked havoc. In order to put an end to the Kyuubi's rampage, the leader of the village, the 4th Hokage, sacrificed his life and sealed the monstrous beast inside the newborn Naruto. 
Shunned because of the presence of the Kyuubi inside him, Naruto struggles to find his place in the village. He strives to become the Hokage of Konohagakure, and he meets many friends and foes along the way. 
(Source: MAL Rewrite)",2002,https://anilist.co/anime/20,anilist,anilist:20
Your Name.,,anime,,,8.5,622880.0,,,Kimi no Na wa.,"drama, romance, supernatural","Mitsuha Miyamizu, a high school girl, yearns to live the life of a boy in the bustling city of Tokyo—a dream that stands in stark contrast to her present life in the countryside. Meanwhile in the city, Taki Tachibana lives a busy life as a high school student while juggling his part-time job and hopes for a future in architecture.

One day, Mitsuha awakens in a room that is not her own and suddenly finds herself living the dream life in Tokyo—but in Taki's body! Elsewhere, Taki finds himself living Mitsuha's life in the humble countryside. In pursuit of an answer to this strange phenomenon, they begin to search for one another.

Kimi no Na wa. revolves around Mitsuha and Taki's actions, which begin to have a dramatic impact on each other's lives, weaving them into a fabric held together by fate and circumstance.

(Source: MAL Rewrite)",2016,https://anilist.co/anime/21519,anilist,anilist:21519
A Silent Voice,,anime,,,8.8,613651.0,,,Koe no Katachi,"drama, romance, slice of life","After transferring into a new school, a deaf girl, Shouko Nishimiya, is bullied by the popular Shouya Ishida. As Shouya continues to bully Shouko, the class turns its back on him. Shouko transfers and Shouya grows up as an outcast. Alone and depressed, the regretful Shouya finds Shouko to make amends.

(Source: Eleven Arts)",2016,https://anilist.co/anime/20954,anilist,anilist:20954
Attack on Titan Season 3,,anime,,,8.5,602158.0,,,Shingeki no Kyojin Season 3,"action, drama, fantasy, mystery","Eren and his companions in the 104th are assigned to the newly-formed Levi Squad, whose assignment is to keep Eren and Historia safe given Eren's newly-discovered power and Historia's knowledge and pedigree. Levi and Erwin have good reason to be concerned, because the priest of the Church that Hanji had hidden away was found tortured to death, making it clear that the Military Police are involved with the cover-up. Things get more harrowing when the MPs make a move on Erwin and the Levi Squad narrowly avoids capture. Eren is also having problems with his Titan transformation, and a deadly killer has been hired to secure Eren and Historia, one Levi knows all too well from his youth.

(Source: Anime News Network)",2018,https://anilist.co/anime/99147,anilist,anilist:99147
My Hero Academia Season 2,,anime,,,7.9,585933.0,,,Boku no Hero Academia 2,"action, adventure, comedy","Taking off right after the last episode of the first season. The school is temporarily closed due to security. When U.A. restarts, it is announced that the highly anticipated School Sports Festival will soon be taking place. All classes: Hero, Support, General and Business will be participating. Tournaments all round will decide who is the top Hero in training.(Source: Anime News Network)",2017,https://anilist.co/anime/21856,anilist,anilist:21856
The Promised Neverland,,anime,,,8.3,570091.0,,,Yakusoku no Neverland,"drama, fantasy, horror, mystery, psychological, thriller","Emma, Norman and Ray are the brightest kids at the Grace Field House orphanage. And under the care of the woman they refer to as “Mom,” all the kids have enjoyed a comfortable life. Good food, clean clothes and the perfect environment to learn—what more could an orphan ask for? One day, though, Emma and Norman uncover the dark truth of the outside world they are forbidden from seeing.

(Source: Viz Media)",2019,https://anilist.co/anime/101759,anilist,anilist:101759
Attack on Titan Final Season,,anime,,,8.6,561692.0,,,Shingeki no Kyojin: The Final Season,"action, drama, fantasy, mystery","It’s been four years since the Scout Regiment reached the shoreline, and the world looks different now. Things are heating up as the fate of the Scout Regiment—and the people of Paradis—are determined at last. However, Eren is missing. Will he reappear before age-old tensions between Marleyans and Eldians result in the war of all wars?

(Source: Crunchyroll)",2021,https://anilist.co/anime/110277,anilist,anilist:110277
Assassination Classroom,,anime,,,7.9,556657.0,,,Ansatsu Kyoushitsu,"action, comedy, drama, supernatural","The students of class 3-E have a mission: kill their teacher before graduation. He has already destroyed the moon, and has promised to destroy the Earth if he can not be killed within a year. But how can this class of misfits kill a tentacled monster, capable of reaching Mach 20 speed, who may be the best teacher any of them have ever had?",2015,https://anilist.co/anime/20755,anilist,anilist:20755
Mob Psycho 100,,anime,,,8.4,547005.0,,,Mob Psycho 100,"action, comedy, drama, psychological, slice of life, supernatural","The story revolves around ""Mob,"" a boy who will explode if his emotional capacity reaches 100%. This boy with psychic powers earned his nickname ""Mob"" because he does not stand out among other people. He keeps his psychic powers bottled up so he can live normally, but if his emotional level reaches 100, something will overwhelm his entire body.

(Source: Anime News Network)",2016,https://anilist.co/anime/21507,anilist,anilist:21507
Your lie in April,,anime,,,8.4,537833.0,,,Shigatsu wa Kimi no Uso,"drama, music, romance, slice of life","Piano prodigy Arima Kousei dominated the competition and all child musicians knew his name. But after his mother, who was also his instructor, passed away, he had a mental breakdown while performing at a recital. This resulted in him no longer being able to hear the sound of his piano playing. Two years later, Kousei hasn’t touched the piano and views the world without any flair or color. He was content at living out his life with his good friends Tsubaki and Watari until, one day, a girl changed everything. Miyazono Kaori is a pretty, free spirited violinist whose playing style reflects her personality. Kaori helps Kousei return to the music world and show that it should be free and mold breaking unlike the structured and rigid style Kousei was used to.",2014,https://anilist.co/anime/20665,anilist,anilist:20665
ERASED,,anime,,,8.1,537181.0,,,Boku dake ga Inai Machi,"drama, mystery, psychological, supernatural, thriller","Satoru Fujinuma is a 29 year old manga artist struggling to make a name for himself following his debut. But, that was not the only thing in his life that Satoru was feeling frustrated about… He has a unique supernatural ability of being forced to prevent deaths and catastrophes by being sent back in time before the incident occurred, repeating time until the accident is prevented. One day, he gets involved in an accident that has him framed as a murderer. Desperate to save the victim, he sends himself back in time only to find himself as a grade-schooler one month before fellow classmate Kayo Hinazuki went missing. Satoru now embarks on a new quest: to save Kayo and solve the mystery behind her disappearance.
",2016,https://anilist.co/anime/21234,anilist,anilist:21234
My Hero Academia Season 3,,anime,,,7.9,536387.0,,,Boku no Hero Academia 3,"action, adventure, comedy, drama","Summer is here, and the heroes of Class 1-A and 1-B are in for the toughest training camp of their lives! A group of seasoned pros pushes everyone's Quirks to new heights as the students face one overwhelming challenge after another. Braving the elements in this secret location becomes the least of their worries when routine training turns into a critical struggle for survival.(Source: Crunchyroll)",2018,https://anilist.co/anime/100166,anilist,anilist:100166
Naruto: Shippuden,,anime,,,8.2,535399.0,,,NARUTO: Shippuuden,"action, adventure, comedy, drama, fantasy, supernatural","Naruto: Shippuuden is the continuation of the original animated TV series Naruto. The story revolves around an older and slightly more matured Uzumaki Naruto and his quest to save his friend Uchiha Sasuke from the grips of the snake-like Shinobi, Orochimaru. After 2 and a half years Naruto finally returns to his village of Konoha, and sets about putting his ambitions to work, though it will not be easy, as he has amassed a few (more dangerous) enemies, in the likes of the shinobi organization; Akatsuki. 
(Source: Anime News Network)",2007,https://anilist.co/anime/1735,anilist,anilist:1735
Attack on Titan Season 3 Part 2,,anime,,,8.9,534875.0,,,Shingeki no Kyojin Season 3 Part 2,"action, drama, fantasy, mystery","The battle to retake Wall Maria begins now! With Eren’s new hardening ability, the Scouts are confident they can seal the wall and take back Shiganshina District. If they succeed, Eren can finally unlock the secrets of the basement—and the world. But danger lies in wait as Reiner, Bertholdt, and the Beast Titan have plans of their own. Could this be humanity’s final battle for survival?

(Source: Funimation)",2019,https://anilist.co/anime/104578,anilist,anilist:104578
Re:ZERO -Starting Life in Another World-,,anime,,,8.1,529775.0,,,Re:Zero kara Hajimeru Isekai Seikatsu,"action, adventure, drama, fantasy, psychological, romance, thriller","In the story, Subaru Natsuki is an ordinary high school student who is lost in an alternate world, where he is rescued by a beautiful, silver-haired girl. He stays near her to return the favor, but the destiny she is burdened with is more than Subaru can imagine. Enemies attack one by one, and both of them are killed. He then finds out he has the power to rewind death, back to the time he first came to this world. But only he remembers what has happened since.

(Source: Anime News Network)

Notes:
- The first episode aired with a runtime of ~50 minutes as opposed to the standard 25 minute long episode.
- In the Winter 2020 season, Re:ZERO was rebroadcast and re-edited to fit into an hour time-slot. This edit included the first OVA and added slight modifications to certain scenes throughout. It also added an additional scene at the end of the final episode.",2016,https://anilist.co/anime/21355,anilist,anilist:21355
Steins;Gate,,anime,,,8.9,522478.0,,,Steins;Gate,"drama, psychological, sci-fi, thriller","Self-proclaimed mad scientist Okabe Rintarou lives in a small room in Akihabara, where he invents ""future gadgets"" with fellow lab members Shiina Mayuri, his air-headed childhood friend, and Hashida Itaru, an otaku hacker. The three pass the time by tinkering with their latest creation, a ""Phone Microwave"" that can be controlled through text messages. 

The lab members soon face a string of mysterious incidents that lead to a game-changing discovery: the Phone Microwave can send emails to the past and thus alter history. Adapted from the critically acclaimed visual novel by 5pb. and Nitroplus, Steins;Gate takes Okabe to the depths of scientific theory and human despair as he faces the dire consequences of changing the past.",2011,https://anilist.co/anime/9253,anilist,anilist:9253
HAIKYU!!,,anime,,,8.3,520469.0,,,Haikyuu!!,"comedy, drama, sports","Inspired after watching a volleyball ace nicknamed ""Little Giant"" in action, small-statured Shouyou Hinata revives the volleyball club at his middle school. The newly-formed team even makes it to a tournament; however, their first match turns out to be their last when they are brutally squashed by the ""King of the Court,"" Tobio Kageyama. Hinata vows to surpass Kageyama, and so after graduating from middle school, he joins Karasuno High School's volleyball team—only to find that his sworn rival, Kageyama, is now his teammate.

Thanks to his short height, Hinata struggles to find his role on the team, even with his superior jumping power. Surprisingly, Kageyama has his own problems that only Hinata can help with, and learning to work together appears to be the only way for the team to be successful. Based on Haruichi Furudate's popular shounen manga of the same name, Haikyuu!! is an exhilarating and emotional sports comedy following two determined athletes as they attempt to patch a heated rivalry in order to make their high school volleyball team the best in Japan.

[Written by MAL Rewrite]",2014,https://anilist.co/anime/20464,anilist,anilist:20464
Chainsaw Man,,anime,,,8.3,503962.0,,,Chainsaw Man,"action, drama, horror, supernatural","Denji is a teenage boy living with a Chainsaw Devil named Pochita. Due to the debt his father left behind, he has been living a rock-bottom life while repaying his debt by harvesting devil corpses with Pochita.
One day, Denji is betrayed and killed. As his consciousness fades, he makes a contract with Pochita and gets revived as ""Chainsaw Man"" — a man with a devil's heart.

(Source: Crunchyroll)",2022,https://anilist.co/anime/127230,anilist,anilist:127230
Rascal Does Not Dream of Bunny Girl Senpai,,anime,,,8.1,502176.0,,,Seishun Buta Yarou wa Bunny Girl Senpai no Yume wo Minai,"comedy, drama, mystery, psychological, romance, supernatural","There's a rumor about a mysterious phenomenon called ""puberty syndrome."" For example, Sakuta Azusagawa is a high school student who suddenly sees a bunny girl appear in front of him. The girl is actually a girl named Mai Sakurajima, who is Sakuta's upperclassman who is also a famous actress who has gone on hiatus from the entertainment industry. For some reason, the people around Mai cannot see her bunny-girl figure. Sakuta sets out to solve this mystery, and as he spends time with Mai, he learns her secret feelings. Other heroines who have ""puberty syndrome"" start to appear in front of Sakuta.
(Source: Anime News Network)",2018,https://anilist.co/anime/101291,anilist,anilist:101291
Black Clover,,anime,,,7.9,498489.0,,,Black Clover,"action, adventure, comedy, fantasy","In a world where magic is everything, Asta and Yuno are both found abandoned at a church on the same day. While Yuno is gifted with exceptional magical powers, Asta is the only one in this world without any. At the age of fifteen, both receive grimoires, magic books that amplify their holder’s magic. Asta’s is a rare Grimoire of Anti-Magic that negates and repels his opponent’s spells. Being opposite but good rivals, Yuno and Asta are ready for the hardest of challenges to achieve their common dream: to be the Wizard King. Giving up is never an option!

(Source: Crunchyroll)",2017,https://anilist.co/anime/97940,anilist,anilist:97940
Noragami,,anime,,,7.7,488475.0,,,Noragami,"action, adventure, comedy, supernatural","Minor god Yato is down on his luck. Fed up with his slacker lifestyle, his partner abruptly quits. He has no money, no worshippers, and no shrine to call home. But just when things are starting to seem hopeless, a bus accident forces him to cross paths with Hiyori Iki, a sweet and perky high school girl. After the accident, Hiyori's soul has a bad habit of slipping out of her body, and after enlisting Yato's help to get her back to normal, she begins to fall into the world of spirits and gods.

But Hiyori's not the only one who's keeping tabs on Yato. A god from Yato's past is back, and he's not interested in a friendly reunion.

(Source: Funimation)",2014,https://anilist.co/anime/20447,anilist,anilist:20447
"No Game, No Life",,anime,,,7.7,488153.0,,,No Game No Life,"adventure, comedy, ecchi, fantasy","Bored with life and considering the real world to be just a “crappy game,” savvy sibling shut-ins Sora and Shiro have withdrawn into their own fantasy world filled with video games. 

However, one day they find themselves summoned to another world by a boy who calls himself “God,” their abilities are about to be put to the ultimate test! Now not only their fates — but the fate of all of humanity — will be decided by a series of games that may just be the hardest these super-geniuses have ever faced!

(Source: Sentai Filmworks, edited)",2014,https://anilist.co/anime/19815,anilist,anilist:19815
Kaguya-sama: Love is War,,anime,,,8.3,487610.0,,,Kaguya-sama wa Kokurasetai: Tensaitachi no Renai Zunousen,"comedy, psychological, romance, slice of life","Known for being both brilliant and powerful, Miyuki Shirogane and Kaguya Shinomiya lead the illustrious Shuchiin Academy as near equals. And everyone thinks they’d make a great couple. Pride and arrogance are in ample supply, so the only logical move is to trick the other into instigating a date! Who will come out on top in this psychological war where the first move is the only one that matters?

(Source: Aniplex)",2019,https://anilist.co/anime/101921,anilist,anilist:101921
Dr. STONE,,anime,,,8.1,482785.0,,,Dr. STONE,"action, adventure, comedy, sci-fi","After five years of harboring unspoken feelings, high-schooler Taiju Ooki is finally ready to confess his love to Yuzuriha Ogawa. Just when Taiju begins his confession however, a blinding green light strikes the Earth and petrifies mankind around the world— turning every single human into stone.

Several millennia later, Taiju awakens to find the modern world completely nonexistent, as nature has flourished in the years humanity stood still. Among a stone world of statues, Taiju encounters one other living human: his science-loving friend Senkuu, who has been active for a few months. Taiju learns that Senkuu has developed a grand scheme—to launch the complete revival of civilization with science. Taiju's brawn and Senkuu's brains combine to forge a formidable partnership, and they soon uncover a method to revive those petrified.

However, Senkuu's master plan is threatened when his ideologies are challenged by those who awaken. All the while, the reason for mankind's petrification remains unknown.

(Source: MAL Rewrite)",2019,https://anilist.co/anime/105333,anilist,anilist:105333
Toradora!,,anime,,,7.8,481615.0,,,Toradora!,"comedy, drama, romance, slice of life","Ryuuji Takasu is a gentle high school student with a love for housework; but in contrast to his kind nature, he has an intimidating face that often gets him labeled as a delinquent. On the other hand is Taiga Aisaka, a small, doll-like student, who is anything but a cute and fragile girl. Equipped with a wooden katana and feisty personality, Taiga is known throughout the school as the ""Palmtop Tiger.""

One day, an embarrassing mistake causes the two students to cross paths. Ryuuji discovers that Taiga actually has a sweet side: she has a crush on the popular vice president, Yuusaku Kitamura, who happens to be his best friend. But things only get crazier when Ryuuji reveals that he has a crush on Minori Kushieda—Taiga's best friend!

Toradora! is a romantic comedy that follows this odd duo as they embark on a quest to help each other with their respective crushes, forming an unlikely alliance in the process.
",2008,https://anilist.co/anime/4224,anilist,anilist:4224
Violet Evergarden,,anime,,,8.5,480589.0,,,Violet Evergarden,"drama, fantasy, slice of life","A certain point in time, in the continent of Telesis. The great war which divided the continent into North and South has ended after four years, and the people are welcoming a new generation. Violet Evergarden, a young girl formerly known as “the weapon”, has left the battlefield to start a new life at CH Postal Service. There, she is deeply moved by the work of “Auto Memories Dolls”, who carry people's thoughts and convert them into words. Violet begins her journey as an Auto Memories Doll, and comes face to face with various people's emotions and differing shapes of love. There are words Violet heard on the battlefield, which she cannot forget. These words were given to her by someone she holds dear, more than anyone else. She does not yet know their meaning but she searches to find it.

(Source: Anime News Network)",2018,https://anilist.co/anime/21827,anilist,anilist:21827
SPY x FAMILY,,anime,,,8.3,480518.0,,,SPY×FAMILY,"action, comedy, slice of life, supernatural","Everyone has a part of themselves they cannot show to anyone else.

At a time when all nations of the world were involved in a fierce war of information happening behind closed doors, Ostania and Westalis had been in a state of cold war against one another for decades. The Westalis Intelligence Services' Eastern-Focused Division (WISE) sends their most talented spy, ""Twilight,"" on a top-secret mission to investigate the movements of Donovan Desmond, the chairman of Ostania's National Unity Party, who is threatening peace efforts between the two nations.

This mission is known as ""Operation Strix."" It consists of ""putting together a family in one week in order to infiltrate social gatherings organized by the elite school that Desmond's son attends."" 
""Twilight"" takes on the identity of psychiatrist Loid Forger and starts looking for family members. But Anya, the daughter he adopts, turns out to have the ability to read people's minds, while his wife, Yor, is an assassin! With it being in each of their own interests to keep these facts hidden, they start living together while concealing their true identities from one another. 
World peace is now in the hands of this brand-new family as they embark on an adventure full of surprises.

(Source: Crunchyroll)",2022,https://anilist.co/anime/140960,anilist,anilist:140960
Akame ga Kill!,,anime,,,7.2,476031.0,,,Akame ga Kill!,"action, adventure, drama, fantasy, horror, psychological, thriller","In a land where corruption rules and a ruthless Prime Minister has turned the puppet Emperor's armies of soldiers, assassins and secret police against the people, only one force dares to stand against them: Night Raid, an elite team of relentless killers, each equipped with an Imperial Arm - legendary weapons with unique and incredible powers created in the distant past.

Rescued from a fate worse than death by Night Raid, young Tatsumi is offered the chance to join their lethal ranks… but it's a deadly choice, as few can master an Imperial Arm and even fewer survive when two Arms go against each other in combat. The battle is on, and only the strongest will make it out alive.

(Source: Sentai Filmworks)",2014,https://anilist.co/anime/20613,anilist,anilist:20613
My Hero Academia Season 4,,anime,,,7.8,472518.0,,,Boku no Hero Academia 4,"action, adventure, comedy, drama, sci-fi","The villain world teeters on the brink of war now that All For One is out of the picture. Shigaraki of the League of Villains squares off with Overhaul of the yakuza, vying for total control of the shadows. Meanwhile, Deku gets tangled in another dangerous internship as he struggles to keep pace with his upperclassman—Mirio.(Source: Crunchyroll)",2019,https://anilist.co/anime/104276,anilist,anilist:104276
The Seven Deadly Sins,,anime,,,7.3,472484.0,,,Nanatsu no Taizai,"action, adventure, comedy, ecchi, fantasy, supernatural","When they were accused of trying to overthrow the monarchy, the feared warriors the Seven Deadly Sins were sent into exile. Princess Elizabeth discovers the truth - the Sins were framed by the king's guard, the Holy Knights - too late to prevent them from assassinating her father and seizing the throne!
Now the princess is on the run, seeking the Sins to help her reclaim the kingdom. But the first Sin she meets, Meliodas, is a little innkeeper with a talking pig. He doesn't even have a real sword! Have the legends of the Sins' strength been exaggerated?

(Source: Anime News Network)",2014,https://anilist.co/anime/20789,anilist,anilist:20789
Vinland Saga,,anime,,,8.7,454951.0,,,VINLAND SAGA,"action, adventure, drama","Thorfinn is son to one of the Vikings' greatest warriors, but when his father is killed in battle by the mercenary leader Askeladd, he swears to have his revenge. Thorfinn joins Askeladd's band in order to challenge him to a duel, and ends up caught in the middle of a war for the crown of England.

(Source: Kodansha USA)",2019,https://anilist.co/anime/101348,anilist,anilist:101348
KONOSUBA -God's blessing on this wonderful world!,,anime,,,7.9,454645.0,,,Kono Subarashii Sekai ni Shukufuku wo!,"adventure, comedy, ecchi, fantasy","Kazuma Satou decides that today is the day to get out of the house for a bit. Since he dies, pointlessly, it's clearly a bad choice. The goddess who greets him in the afterlife, however, offers him a chance to be reborn in a world not unlike that of a video game, and as a bonus she'll even throw in a cool item or power! Can't possibly be a bad choice, right? Except he arrives with no money at all, dead average skills, and his ""bonus"" isn't useful at all--since he picked the goddess, Aqua, herself. How are the two of them supposed to defeat the evil Devil King and live happily ever after? Well, for them, it probably starts with day laboring rather than adventuring. And it's only going to get more disappointing from there!

(Source: Crunchyroll)",2016,https://anilist.co/anime/21202,anilist,anilist:21202
Horimiya,,anime,,,8.1,450294.0,,,Horimiya,"comedy, romance, slice of life","A secret life is the one thing they have in common. At school, Hori is a prim and perfect social butterfly, but the truth is she's a brash homebody. Meanwhile, under a gloomy facade, Miyamura hides a gentle heart, along with piercings and tattoos. In a chance meeting, they both reveal a side they've never shown. Could this blossom into something new?

(Source: Funimation)",2021,https://anilist.co/anime/124080,anilist,anilist:124080
Parasyte -the maxim-,,anime,,,8.1,445903.0,,,Kiseijuu: Sei no Kakuritsu,"action, drama, horror, psychological, sci-fi","They arrive in silence and darkness. They descend from the skies. They have a hunger for human flesh. They are everywhere. They are parasites, alien creatures who must invade–and take control of–a human host to survive. And once they have infected their victims, they can assume any deadly form they choose: monsters with giant teeth, winged demons, creatures with blades for hands. But most have chosen to conceal their lethal purpose behind ordinary human faces. So no one knows their secret–except an ordinary high school student. Shin is battling for control of his own body against an alien parasite, but can he find a way to warn humanity of the horrors to come?

(Source: Del Rey)",2014,https://anilist.co/anime/20623,anilist,anilist:20623
Demon Slayer -Kimetsu no Yaiba- The Movie: Mugen Train,,anime,,,8.4,444800.0,,,Kimetsu no Yaiba: Mugen Ressha-hen,"action, adventure, drama, fantasy, mystery, supernatural","This Demon Slayer movie sees Tanjiro Kamado and friends from the Demon Slayer corps board the Infinity Train on a new mission to investigate a mysterious series of disappearances, perpetrated by a demon who has been tormenting people and killing the demon slayers who oppose it.",2020,https://anilist.co/anime/112151,anilist,anilist:112151
DARLING in the FRANXX,,anime,,,6.8,438704.0,,,Darling in the Franxx,"action, drama, mecha, psychological, romance, sci-fi","The distant future: Humanity established the mobile fort city, Plantation, upon the ruined wasteland. Within the city were pilot quarters, Mistilteinn, otherwise known as the “Birdcage.” That is where the children live... Their only mission in life was the fight. Their enemies are the mysterious giant organisms known as Kyoryu. The children operate robots known as FRANXX in order to face these still unseen enemies. Among them was a boy who was once called a child prodigy: Code number 016, Hiro. One day, a mysterious girl called Zero Two appears in front of Hiro. “I’ve found you, my Darling.”

(Source: Crunchyroll)",2018,https://anilist.co/anime/99423,anilist,anilist:99423
Bleach,,anime,,,7.8,429734.0,,,BLEACH,"action, adventure, supernatural","Ichigo Kurosaki is a rather normal high school student apart from the fact he has the ability to see ghosts. This ability never impacted his life in a major way until the day he encounters the Shinigami Kuchiki Rukia, who saves him and his family's lives from a Hollow, a corrupt spirit that devours human souls. 

Wounded during the fight against the Hollow, Rukia chooses the only option available to defeat the monster and passes her Shinigami powers to Ichigo. Now forced to act as a substitute until Rukia recovers, Ichigo hunts down the Hollows that plague his town. 


",2004,https://anilist.co/anime/269,anilist,anilist:269
Code Geass: Lelouch of the Rebellion,,anime,,,8.5,428325.0,,,Code Geass: Hangyaku no Lelouch,"action, drama, mecha, sci-fi, thriller","On August 10th of the year 2010 the Holy Empire of Britannia began a campaign of conquest, its sights set on Japan. Operations were completed in one month thanks to Britannia's deployment of new mobile humanoid armor vehicles dubbed Knightmare Frames. Japan's rights and identity were stripped away, the once proud nation now referred to as Area 11. Its citizens, Elevens, are forced to scratch out a living while the Britannian aristocracy lives comfortably within their settlements. Pockets of resistance appear throughout Area 11, working towards independence for Japan.
 Lelouch, an exiled Imperial Prince of Britannia posing as a student, finds himself in the heart of the ongoing conflict for the island nation. Through a chance meeting with a mysterious girl named C.C., Lelouch gains his Geass, the power of the king. Now endowed with absolute dominance over any person, Lelouch may finally realize his goal of bringing down Britannia from within!
(Source: Bandai Entertainment)",2006,https://anilist.co/anime/1575,anilist,anilist:1575
Neon Genesis Evangelion,,anime,,,8.3,425677.0,,,Shin Seiki Evangelion,"action, drama, mecha, mystery, psychological, sci-fi","In the year 2015, the Angels, huge, tremendously powerful, alien war machines, appear in Tokyo for the second time. The only hope for Mankind's survival lies in the Evangelion, a humanoid fighting machine developed by NERV, a special United Nations agency. Capable of withstanding anything the Angels can dish out, the Evangelion's one drawback lies in the limited number of people able to pilot them. Only a handful of teenagers, all born fourteen years ago, nine months after the Angels first appeared, are able to interface with the Evangelion. One such teenager is Shinji Ikari, whose father heads the NERV team that developed and maintains the Evangelion. Thrust into a maelstrom of battle and events that he does not understand, Shinji is forced to plumb the depths of his own inner resources for the courage and strength to not only fight, but to survive, or risk losing everything. 
(Source: AniDB)

 Note: Later releases include edited versions of Episodes 21-24 called the ""Director's Cut"" with some visual editing and adding extra scenes that appeared in the theatrical recap 'Death'.",1995,https://anilist.co/anime/30,anilist,anilist:30
Spirited Away,,anime,,,8.6,423483.0,,,Sen to Chihiro no Kamikakushi,"adventure, drama, fantasy, supernatural","On the way to their new home, 10-year-old Chihiro Ogino's family stumbles upon a deserted theme park. Intrigued, the family investigates the park, though unbeknownst to them, it is secretly inhabited by spirits who sleep by day and appear at night. When Chihiro's mother and father eat food from a restaurant in the street, angry spirits turn them into pigs. Furthermore, a wide sea has appeared between the spirit world and the human one, trapping Chihiro, the sole human, in a land of spirits. Luckily for her though, a mysterious boy named Haku appears, claiming to know her from the past. Under his instructions, Chihiro secures a job in the bathhouse where Haku works. With only her courage and some new found friends to aid her, Chihiro embarks on a journey to turn her parents back to their original forms and return home.
",2001,https://anilist.co/anime/199,anilist,anilist:199
Death Parade,,anime,,,8.0,421480.0,,,Death Parade,"drama, mystery, psychological, supernatural, thriller","When two people die at the same time, they’re sent to a place that’s neither heaven nor hell—a lavish bar between worlds where the stakes are high and the rules are simple: if you win you live again, if you die… you’re gone for good.

Decim is the bartender charged with serving the souls who enter Quindecim. He may make a mean cocktail, but his true profession is to play the role of arbiter—a judge who determines whether or not a soul is worthy of reincarnation. To aid in his judgment, the bar’s patrons are forced to play simple games laced with sadistic twists designed to bring their true natures to light. To Decim, judgment has always been black and white—that is—until he meets a mysterious young woman whose fate seems impossible to decide. His indecision shakes the very foundation of the games and raises the biggest question of all: Who is fit to judge the dead?

(Source: Funimation)",2015,https://anilist.co/anime/20931,anilist,anilist:20931
Blue Exorcist,,anime,,,7.2,418756.0,,,Ao no Exorcist,"action, fantasy, supernatural","This world consists of two dimensions joined as one, like a mirror. The first is the world in which the humans live, Assiah. The other is the world of demons, Gehenna. Ordinarily, travel between the two, and indeed any kind of contact between the two, is impossible. However the demons can pass over into this world by possessing anything that exist within it. Satan the god of demons, but there's one thing that he doesn't have, and that's a substance in the human world that is powerful enough to contain him!! For that purpose he created Rin, his son from a human woman, but will his son agree to his plans? Or will he become something else...? An exorcist?
",2011,https://anilist.co/anime/9919,anilist,anilist:9919
JoJo's Bizarre Adventure (TV),,anime,,,7.7,416691.0,,,JoJo no Kimyou na Bouken (TV),"action, adventure, supernatural","Beginning its tale in 19th century England, young aristocrat Jonathan Joestar finds himself locked in bitter rivalry with Dio Brando, a low-born boy who Jonathan's father took under his wing after the death of Dio's father. Discontent with his station in life, Dio's fathomless lust to reign over all eventually leads him to seek the supernatural powers of an ancient Aztec stone mask in the Joestar's possession—an artifact that will forever change the destiny of Dio and Jonathan for generations to come.

Fifty years later, in 1938 New York City, Jonathan's grandson Joseph Joestar must take up his grandfather's mission and master the abilities necessary to destroy the stone mask and its immensely powerful creators who threaten humanity's very existence, the Pillar Men.
(Source: Anime News Network)",2012,https://anilist.co/anime/14719,anilist,anilist:14719
Fire Force,,anime,,,7.6,415524.0,,,Enen no Shouboutai,"action, drama, sci-fi, supernatural","Year 198 of the Solar Era in Tokyo, special fire brigades are fighting against a phenomenon called spontaneous human combustion where human beings are turned into living infernos called ""Infernals.” While the Infernals are first-generation cases of spontaneous human combustion, later generations possess the ability to manipulate flames while retaining human form. Shinra Kusakabe, a youth who gained the nickname Devil’s Footprints for his ability to ignite his feet at will, joins the Special Fire Force Company 8 which composes of other flames users as they work to extinguish any Infernals they encounter. As a faction that is creating Infernals appears, Shinra begins to uncover the truth behind a mysterious fire that caused the death of his family twelve years ago. (Source: Official Website)",2019,https://anilist.co/anime/105310,anilist,anilist:105310
One-Punch Man Season 2,,anime,,,7.4,414461.0,,,One Punch Man 2,"action, comedy, sci-fi, supernatural","Saitama is a hero who only became a hero for fun. After three years of “special training,” he’s become so strong that he’s practically invincible. In fact, he’s too strong—even his mightiest opponents are taken out with a single punch. Now, the great seer Madame Shibabawa’s prediction about the Earth being doomed seems to be coming true as the frequency of monster incidents escalates. Alongside Genos, his faithful disciple, Saitama begins his official hero duties as a member of the Hero Association, while Garou, a man utterly fascinated by monsters, makes his appearance.",2019,https://anilist.co/anime/97668,anilist,anilist:97668
Cowboy Bebop,,anime,,,8.6,412990.0,,,Cowboy Bebop,"action, adventure, drama, sci-fi","Enter a world in the distant future, where Bounty Hunters roam the solar system. Spike and Jet, bounty hunting partners, set out on journeys in an ever struggling effort to win bounty rewards to survive.
While traveling, they meet up with other very interesting people. Could Faye, the beautiful and ridiculously poor gambler, Edward, the computer genius, and Ein, the engineered dog be a good addition to the group?",1998,https://anilist.co/anime/1,anilist,anilist:1
Kakegurui,,anime,,,7.0,410230.0,,,Kakegurui,"drama, mystery, psychological","During daylight hours, an exclusive, elite private school prepares its illustrious students for careers in business, politics, and high society. But when darkness falls, the halls of this esteemed establishment transform into an underground gambling den where bright-eyed youngsters learn the timeless art of bluffing, backdoor dealings and social manipulation. In this school for the rich and elite, money is power, and the tyrant of the betting books rules with an iron fist. So when the beautiful Yumeko Jabami upsets the academy hierarchy with her voracious appetite for the thrill of the gamble, the entire student body mobilizes to send her house of cards tumbling down.

(Source: Sentai Filmworks)",2017,https://anilist.co/anime/98314,anilist,anilist:98314
Demon Slayer: Kimetsu no Yaiba Entertainment District Arc,,anime,,,8.6,408034.0,,,Kimetsu no Yaiba: Yuukaku-hen,"action, adventure, fantasy, supernatural","After visiting the Rengoku residence, Tanjirou and his comrades volunteer for a mission within the Entertainment District, a place where desires are sold and demons dwell. They journey alongside the flashy Sound Hashira, Tengen Uzui, in search of a monstrous foe terrorizing the town. Sworn to slay creatures of the night, the hunt continues.

(Source: Funimation)

Note:
- The first episode aired with a runtime of ~47 minutes.
- The last episode aired with a runtime of ~33 minutes.",2022,https://anilist.co/anime/142329,anilist,anilist:142329
Sword Art Online II,,anime,,,6.5,405246.0,,,Sword Art Online II,"action, adventure, fantasy, sci-fi","One year after the SAO incident, Kirito is approached by Seijiro Kikuoka from Japan's Ministry of Internal Affairs and Communications Department ""VR Division"" with a rather peculiar request.

That was an investigation on the ""Death Gun"" incident that occurred in the gun and steel filled VRMMO called Gun Gale Online (GGO). ""Players who are shot by a mysterious avatar with a jet black gun lose their lives even in the real world..."" Failing to turn down Kikuoka's bizarre request, Kirito logs in to GGO even though he is not completely convinced that the virtual world could physically affect the real world.

Kirito wanders in an unfamiliar world in order to gain any clues about the ""Death Gun."" Then, a female sniper named Sinon who owns a gigantic ""Hecate II"" rifle extends Kirito a helping hand. With Sinon's help, Kirito decides to enter the ""Bullet of Bullets,"" a large tournament to choose the most powerful gunner within the realm of GGO, in hopes to become the target of the ""Death Gun"" and make direct contact with the mysterious avatar.

(Source: Crunchyroll)",2014,https://anilist.co/anime/20594,anilist,anilist:20594
The Rising of the Shield Hero,,anime,,,7.6,402366.0,,,Tate no Yuusha no Nariagari,"action, adventure, fantasy","Naofumi Iwatani, an uncharismatic Otaku who spends his days on games and manga, suddenly finds himself summoned to a parallel universe! He discovers he is one of four heroes equipped with legendary weapons and tasked with saving the world from its prophesied destruction. As the Shield Hero, the weakest of the heroes, all is not as it seems. Naofumi is soon alone, penniless, and betrayed. With no one to turn to, and nowhere to run, he is left with only his shield. Now, Naofumi must rise to become the legendary Shield Hero and save the world!

Note:
- The first episode was pre-aired on December 27th, 2018. Regular broadcast began on January 9th, 2019.
- The first episode aired with a runtime of ~47 minutes as opposed to the standard 24 minute long episode.",2019,https://anilist.co/anime/99263,anilist,anilist:99263
Angel Beats!,,anime,,,7.7,400547.0,,,Angel Beats!,"action, comedy, drama, supernatural","Otonashi wakes up in the afterlife to find out he has no memories of his life before death. Desperate to survive in a war that could yield another unfortunate fate, he joins the SSS in the battle against Angel, whose very mission is to destroy all inhabitants of this afterlife. As Otonashi struggles to recover his memory and learn more about this world, he finds that not all is as it had seemed.
(Source: Funimation)",2010,https://anilist.co/anime/6547,anilist,anilist:6547
Mob Psycho 100 II,,anime,,,8.7,398964.0,,,Mob Psycho 100 II,"action, comedy, drama, psychological, slice of life, supernatural","The second season of Mob Psycho 100. 
Kageyama is an ordinary 8th grader who just wants to live a normal life. Although he can disappear in the crowd in a flash, he was actually the most powerful psychic. The lives of those around Mob and his numerous feelings that softly piles up for the eventual explosion. The mysterious group ""Claw"" stands before him once again. In the midst of his youthful days, where will his roaring heart take him!?


(Source: Crunchyroll)",2019,https://anilist.co/anime/101338,anilist,anilist:101338
Tokyo Revengers,,anime,,,7.7,395856.0,,,Tokyo Revengers,"action, drama, romance, supernatural","Takemichi Hanagaki is a freelancer that's reached the absolute pits of despair in his life. He finds out that the only girlfriend he ever had in his life that he dated in middle school, Hinata Tachibana, had been killed by the ruthless Tokyo Manji Gang.

The day after hearing about her death, he's standing on the station platform and ends up being pushed over onto the tracks by a herd of people. He closes his eyes thinking he's about to die, but when he opens his eyes back up, he somehow had gone back in time 12 years.

Now that he's back living the best days of his life, Takemichi decides to get revenge on his life by saving his girlfriend and changing himself that he'd been running away from.

(Source: Crunchyroll)",2021,https://anilist.co/anime/120120,anilist,anilist:120120
That Time I Got Reincarnated as a Slime,,anime,,,8.0,389712.0,,,Tensei Shitara Slime Datta Ken,"action, adventure, comedy, fantasy","Lonely thirty-seven-year-old Satoru Mikami is stuck in a dead-end job, unhappy with his mundane life, but after dying at the hands of a robber, he awakens to a fresh start in a fantasy realm...as a slime monster! As he acclimates to his goopy new existence, his exploits with the other monsters set off a chain of events that will change his new world forever!

(Source: Yen Press)",2018,https://anilist.co/anime/101280,anilist,anilist:101280
The Future Diary,,anime,,,6.8,387753.0,,,Mirai Nikki,"action, horror, mystery, psychological, supernatural, thriller","This psychological thriller, based on the manga written and illustrated by Sakae Esuno, is about Yuki, a loner who's not very good with people. He prefers to write a diary on his cell phone and talk to his imaginary friend, Deus Ex Machina &ndash; The God of Time and Space. However, Yuki soon learns that Deus is more than a figment of his imagination when he makes Yuki participate in a battle royale with eleven others. The contestants are given special diaries that can predict the future, each diary possessing unique features that give it both advantages and disadvantages. Within the next 90 days, the contestants must try to survive until there is only one left standing. The winner will become the new God of Time and Space.
(Source: FUNimation)",2011,https://anilist.co/anime/10620,anilist,anilist:10620
Kaguya-sama: Love is War?,,anime,,,8.6,386551.0,,,Kaguya-sama wa Kokurasetai?: Tensaitachi no Renai Zunousen,"comedy, psychological, romance, slice of life","After a slow but eventful summer vacation, Shuchiin Academy's second term is now starting in full force. As August transitions into September, Miyuki Shirogane's birthday looms ever closer, leaving Kaguya Shinomiya in a serious predicament as to how to celebrate it. Furthermore, the tenure of the school's 67th student council is coming to an end. Due to the council members being in different classes, the only time Kaguya and Miyuki have to be together will soon disappear, putting all of their cunning plans at risk.

A long and difficult election that will decide the fate of the new student council awaits, as multiple challengers fight for the coveted title of president.
",2020,https://anilist.co/anime/112641,anilist,anilist:112641
JUJUTSU KAISEN Season 2,,anime,,,8.7,381784.0,,,Jujutsu Kaisen 2nd Season,"action, drama, supernatural","The second season of Jujutsu Kaisen.

The past comes to light when second-year students Satoru Gojou and Suguru Getou are tasked with escorting young Riko Amanai to Master Tengen. But when a non-sorcerer user tries to kill them, their mission to protect the Star Plasma Vessel threatens to turn them into bitter enemies and cement their destinies—one as the world’s strongest sorcerer, and the other its most twisted curse user!

(Source: Crunchyroll)",2023,https://anilist.co/anime/145064,anilist,anilist:145064
Charlotte,,anime,,,7.5,379923.0,,,Charlotte,"comedy, drama, romance, sci-fi, supernatural","The story centers around the special abilities that occur among a small percentage of boys and girls in puberty. Yuu Otosaka uses his power without others knowing, and lives a fairly normal, average school life. Before him suddenly appears a girl, Nao Tomori. Due to his meeting with her, the fate of special power-users will be exposed.

(Source: Anime News Network)",2015,https://anilist.co/anime/20997,anilist,anilist:20997
Mushoku Tensei: Jobless Reincarnation,,anime,,,8.2,376707.0,,,Mushoku Tensei: Isekai Ittara Honki Dasu,"adventure, drama, ecchi, fantasy","When a 34-year-old underachiever gets run over by a bus, his story doesn’t end there. Reincarnated in a new world as an infant, Rudeus will seize every opportunity to live the life he’s always wanted. Armed with new friends, some freshly acquired magical abilities, and the courage to do the things he’s always dreamed of, he’s embarking on an epic adventure—with all of his past experience intact!

(Source: Funimation, edited)

Note: The anime pre-screened its 1st and 2nd episode starting on the 27th of December on the Nico Nico Live Broadcasting and D Anime Store services",2021,https://anilist.co/anime/108465,anilist,anilist:108465
Classroom of the Elite,,anime,,,7.6,376228.0,,,Youkoso Jitsuryoku Shijou Shugi no Kyoushitsu e,"drama, psychological","Koudo Ikusei Senior High School is a leading school with state-of-the-art facilities. The students there have the freedom to wear any hairstyle and bring any personal effects they desire. Koudo Ikusei is like a utopia, but the truth is that only the most superior students receive favorable treatment.

Kiyotaka Ayanokouji is a student of D-class, which is where the school dumps its ""inferior"" students in order to ridicule them. For a certain reason, Kiyotaka was careless on his entrance examination, and was put in D-class. After meeting Suzune Horikita and Kikyou Kushida, two other students in his class, Kiyotaka's situation begins to change. 
(Source: Anime News Network, edited)",2017,https://anilist.co/anime/98659,anilist,anilist:98659
Bungo Stray Dogs,,anime,,,7.7,374804.0,,,Bungou Stray Dogs,"action, comedy, mystery, supernatural","Stalked by a beastly white tiger, Atsushi Nakajima has no idea that the menace lives inside him—a power that catches the attention of the Armed Detective Agency. Using inhuman abilities to combat crime, this team takes Atsushi under the wing of their most eccentric member, Dazai. Together, they tear through mafia-muddled mysteries while enemies keep an eye on the tiger’s lofty bounty.

(Source: Funimation)",2016,https://anilist.co/anime/21311,anilist,anilist:21311
Kill la Kill,,anime,,,7.9,374108.0,,,Kill la Kill,"action, comedy, ecchi","After the murder of her father, Ryuuko Matoi has been wandering the land in search of his killer. Following her only lead—the missing half of his invention, the Scissor Blade—she arrives at the prestigious Honnouji Academy, a high school unlike any other. The academy is ruled by the imposing and cold-hearted student council president Satsuki Kiryuuin alongside her powerful underlings, the Elite Four. In the school's brutally competitive hierarchy, Satsuki bestows upon those at the top special clothes called ""Goku Uniforms,"" which grant the wearer unique superhuman abilities.",2013,https://anilist.co/anime/18679,anilist,anilist:18679
Attack on Titan Final Season Part 2,,anime,,,8.6,370511.0,,,Shingeki no Kyojin: The Final Season Part 2,"action, drama, fantasy, mystery, psychological","The war for Paradis zeroes in on Shiganshina just as Jaegerists have seized control. After taking a huge blow from a surprise attack led by Eren, Marley swiftly acts to return the favor. With Zeke’s true plan revealed and a military forced under new rule, this battle might be fought on two fronts. Does Eren intend on fulfilling his half-brother’s wishes or does he have a plan of his own?

(Source: Funimation)",2022,https://anilist.co/anime/131681,anilist,anilist:131681
Food Wars!,,anime,,,7.8,365387.0,,,Shokugeki no Souma,"comedy, ecchi","Ever since he was little, Souma Yukihira’s main goals have been to beat his father in a cooking contest and take over the family diner. That’s why, when his dad suddenly announces that he’s shutting the restaurant down and sending Souma to cooking school, Souma is shocked. However, Totsuki Academy is no ordinary cooking school. This elite institution is filled with culinary giants like Erina “God Tongue” Nakiri, who does her best to keep a lowly short-order like Souma from even making it inside the door. However, if the snobs can dish it out, Souma can serve it up, and when he learns that only a handful of the students manage to graduate every year, he swears that the only way he’ll leave is as number one!

(Source: Sentai Filmworks)",2015,https://anilist.co/anime/20923,anilist,anilist:20923
Tokyo Ghoul √A,,anime,,,6.6,363514.0,,,Tokyo Ghoul √A,"action, drama, horror, mystery, psychological, supernatural","The second season of Tokyo Ghoul.The ghouls of Anteiku invaded the Aogiri's site in order to rescue Ken Kaneki who is being tortured. Due to provocation, he unleashed greater power enough to defeat Yamori. To become stronger, he decided to join Aogiri and left Anteiku. Ghoul investigators also making their moves by collecting information about the eye-patched ghoul - Ken Kaneki.(Source: Anime News Network)",2015,https://anilist.co/anime/20850,anilist,anilist:20850
Anohana: The Flower We Saw That Day,,anime,,,8.0,360988.0,,,Ano Hi Mita Hana no Namae wo Bokutachi wa Mada Shiranai.,"drama, romance, slice of life, supernatural","Jinta Yadomi and his group of childhood friends have become estranged after a tragic accident split them apart. Now in their high school years, a sudden surprise forces each of them to confront their guilt over what happened that day and come to terms with the ghosts of their past. 
(Source: NIS America)",2011,https://anilist.co/anime/9989,anilist,anilist:9989
My Hero Academia Season 5,,anime,,,7.3,360647.0,,,Boku no Hero Academia 5,"action, adventure, comedy, sci-fi","The rivalry between Class 1-A and Class 1-B heats up in a joint training battle. Eager to be a part of the hero course, brainwashing buff Shinso is tasked with competing on both sides.

But as each team faces their own weaknesses and discovers new strengths, this showdown might just become a toss-up.
(Source: Funimation)",2021,https://anilist.co/anime/117193,anilist,anilist:117193
HAIKYU!! 2nd Season,,anime,,,8.5,360578.0,,,Haikyuu!! 2nd Season,"comedy, drama, sports","Following their participation at the Inter-High, the Karasuno High School volleyball team attempts to refocus their efforts, aiming to conquer the Spring tournament instead.

When they receive an invitation from long-standing rival Nekoma High, Karasuno agrees to take part in a large training camp alongside many notable volleyball teams in Tokyo and even some national level players. By playing with some of the toughest teams in Japan, they hope not only to sharpen their skills, but also come up with new attacks that would strengthen them. Moreover, Hinata and Kageyama attempt to devise a more powerful weapon, one that could possibly break the sturdiest of blocks.

Facing what may be their last chance at victory before the senior players graduate, the members of Karasuno's volleyball team must learn to settle their differences and train harder than ever if they hope to overcome formidable opponents old and new—including their archrival Aoba Jousai and its world-class setter Tooru Oikawa.

[Written by MAL Rewrite]",2015,https://anilist.co/anime/20992,anilist,anilist:20992
The Devil is a Part-Timer!,,anime,,,7.5,358354.0,,,Hataraku Maou-sama!,"comedy, fantasy, romance, slice of life","Devil King Sadao is only one step away from conquering the world when he is beaten by Hero Emilia and forced to drift to the other world: modern-day Tokyo. As ""conquering the world"" are the only skills the Devil King possesses&mdash;and are obviously unnecessary in his new situation&mdash;he must work as a freeter to pay for his living expenses! ",2013,https://anilist.co/anime/15809,anilist,anilist:15809
Made in Abyss,,anime,,,8.5,357037.0,,,Made in Abyss,"adventure, drama, fantasy, horror, mystery, sci-fi","The ""Abyss"" is the last unexplored place in the world. Strange and wonderful creatures roam within, and it is full of precious relics that present humans can't recreate. Those that dare to explore the depths are known as ""Cave Raiders."" An orphan girl named Riko lives on the rim. Her dream is to become a Cave Raider like her mother and solve the mysteries of the cave system. One day, Riko starts exploring the caves and discovers a robot who resembles a human boy.

(Source: Anime News Network, edited)

Note: The last episode aired with a runtime of ~48 minutes as opposed to the standard 24 minute long episode.",2017,https://anilist.co/anime/97986,anilist,anilist:97986
JUJUTSU KAISEN 0,,anime,,,8.3,351765.0,,,Jujutsu Kaisen 0,"action, supernatural","Yuta Okkotsu is a nervous high school student who is suffering from a serious problem—his childhood friend Rika has turned into a curse and won't leave him alone. Since Rika is no ordinary curse, his plight is noticed by Satoru Gojo, a teacher at Jujutsu High, a school where fledgling exorcists learn how to combat curses. Gojo convinces Yuta to enroll, but can he learn enough in time to confront the curse that haunts him?

(Source: Viz Media)",2021,https://anilist.co/anime/131573,anilist,anilist:131573
Overlord,,anime,,,7.6,351483.0,,,Overlord,"action, adventure, fantasy","The story takes place in the year 2138 when virtual reality gaming is booming. Yggdrasil, a popular online game is quietly shut down one day. However, the protagonist Momonga decides to not log out. Momonga is then transformed into the image of a skeleton as ""the most powerful wizard."" The world continues to change, with non-player characters (NPCs) beginning to feel emotion. Having no parents, friends, or place in society, this ordinary young man Momonga then strives to take over the new world the game has become.

(Source: Anime News Network)",2015,https://anilist.co/anime/20832,anilist,anilist:20832
Is It Wrong to Try to Pick Up Girls in a Dungeon?,,anime,,,7.3,350504.0,,,Dungeon ni Deai wo Motomeru no wa Machigatteiru Darou ka,"action, adventure, comedy, fantasy, romance","Some adventurers delve into the sprawling labyrinths beneath the city of Orario to find fame and fortune. Others come to test their skills against the legions of monsters lurking in the darkness below. However, Bell Cranel’s grandfather told him a different reason: it’s a great place to rescue (and subsequently meet) girls! Now that Bell’s a dungeon delver himself, the ladies he’s encountering aren’t the helpless damsels in distress he’d imagined, and one of them, the beautiful swordswoman Ais Wallenstein, keeps rescuing Bell instead. As embarrassing as that is, it’s nothing compared to what happens when goddesses get involved. Freya, Hephaistos, and Loki, with their powerful Familias, are intimidating enough, but there’s one goddess whose relationship with Bell is certain to spark trouble.

(Source: Sentai Filmworks)",2015,https://anilist.co/anime/20920,anilist,anilist:20920
Frieren: Beyond Journey’s End,,anime,,,9.1,346706.0,,,Sousou no Frieren,"adventure, drama, fantasy","The adventure is over but life goes on for an elf mage just beginning to learn what living is all about. Elf mage Frieren and her courageous fellow adventurers have defeated the Demon King and brought peace to the land. But Frieren will long outlive the rest of her former party. How will she come to understand what life means to the people around her? Decades after their victory, the funeral of one her friends confronts Frieren with her own near immortality. Frieren sets out to fulfill the last wishes of her comrades and finds herself beginning a new adventure…

(Source: Crunchyroll)",2023,https://anilist.co/anime/154587,anilist,anilist:154587
Another,,anime,,,7.0,345375.0,,,Another,"horror, mystery, psychological, supernatural, thriller","When Kouichi Sakakibara transfers to a new school, he senses a frightening atmosphere in his new class, a secret none of them will talk about. At the center is the beautiful Mei Misaki. Kouichi is immediately drawn to her mysterious aura, but he begins to realize that no one else in the class is aware of her presence. Soon after his arrival, what is known as the Calamity begins, and it claims the lives of many students.

(Source: Sentai Filmworks)",2012,https://anilist.co/anime/11111,anilist,anilist:11111
Solo Leveling,,anime,,,8.2,343257.0,,,Ore dake Level Up na Ken,"action, adventure, fantasy","They say whatever doesn’t kill you makes you stronger, but that’s not the case for the world’s weakest hunter Seong Jin-U. After being brutally slaughtered by monsters in a high-ranking dungeon, Jin-U came back with the System, a program only he could see, that’s leveling him up in every way. Now, he’s inspired to discover the secrets behind his powers and the dungeon that spawned them.

(Source: Crunchyroll) ",2024,https://anilist.co/anime/151807,anilist,anilist:151807
My Dress-Up Darling,,anime,,,8.0,341124.0,,,Sono Bisque Doll wa Koi wo Suru,"comedy, ecchi, romance, slice of life","High schooler Wakana Gojou cares about one thing: making Hina dolls. With nobody to share his obsession, he has trouble finding friends—or even holding conversation. But after the school’s most popular girl, Marin Kitagawa, reveals a secret of her own, he discovers a new purpose for his sewing skills. Together, they’ll make her cosplay dreams come true! 

(Source: Funimation)",2022,https://anilist.co/anime/132405,anilist,anilist:132405
Fairy Tail,,anime,,,7.1,336588.0,,,FAIRY TAIL,"action, adventure, comedy, fantasy","Across the Fiore kingdom, wizards join guilds and make their pay by filling magical needs—but one guild has a reputation as the roughest, rowdiest, most dangerous of all: Fairy Tail!
When four young Fairy Tail members unite, their bond is forged by a power found in neither muscle nor magic and grows stronger with every mission. Whatever you do, don't mess with these friends or you'll get a taste of Natsu's flaming fist or Gray's ice hammer, suffer a painful blow from one of Lucy's celestial spirits or catch the edge of Erza's mighty blade! Whether they're stopping demons from devastating the world or wrestling in the mess hall, this mystical team manages to inflict as much damage to their rivals as they do to the surrounding area!

(Source: Funimation)",2009,https://anilist.co/anime/6702,anilist,anilist:6702
Soul Eater,,anime,,,7.7,336063.0,,,Soul Eater,"action, adventure, comedy, fantasy, supernatural","Set in the Shinigami technical school for weapon meisters, the series revolves around 3 groups of each a weapon meister and a human weapon. Trying to make the latter a ""Death Scythe"" which is the highest title for a weapon and thus fit for use by the Shinigami, they must collect the souls of 99 evil humans and 1 witch.
Maka &amp; Soul Eater, Black Star &amp; Tsubaki, and Death the Kid with Patty and Liz Thompson are the characters Soul Eater revolves around. Besides taking the time to gather souls, these students of Shibusen defend Death City from some of the most powerful of creatures while still attending school and trying to become stronger.",2008,https://anilist.co/anime/3588,anilist,anilist:3588
KONOSUBA -God's blessing on this wonderful world! 2,,anime,,,8.1,333980.0,,,Kono Subarashii Sekai ni Shukufuku wo! 2,"adventure, comedy, ecchi, fantasy","When Kazuma Satou died, he was given two choices: pass on to heaven or be revived in a fantasy world. After choosing the new world, the goddess Aqua tasked him with defeating the Demon King, and let him choose any weapon to aid him. Unfortunately, Kazuma chose to bring Aqua herself and has regretted the decision ever since then.

Not only is he stuck with a useless deity turned party archpriest, the pair also has to make enough money for living expenses. To add to their problems, their group continued to grow as more problematic adventurers joined their ranks. Their token spellcaster, Megumin, is an explosion magic specialist who can only cast one spell once per day and refuses to learn anything else. There is also their stalwart crusader, Lalatina ""Darkness"" Dustiness Ford, a helpless masochist who makes Kazuma look pure in comparison.

Kono Subarashii Sekai ni Shukufuku wo! 2 continues to follow Kazuma and the rest of his party through countless more adventures as they struggle to earn money and have to deal with one another's problematic personalities. However, things rarely go as planned, and they are often sidetracked by their own idiotic tendencies.
",2017,https://anilist.co/anime/21699,anilist,anilist:21699
My Teen Romantic Comedy SNAFU,,anime,,,7.8,331120.0,,,Yahari Ore no Seishun Love Come wa Machigatteiru.,"comedy, drama, romance, slice of life","This romantic comedy revolves around an antisocial high school student named Hikigaya Hachiman with a distorted view on life and no friends or girlfriend. When he sees his classmates talking excitedly about living their adolescent lives, he mutters: ""They're a bunch of liars."" When he is asked about his future dreams, he responds: ""Not working."" A teacher gets Hachiman to join the 'Volunteer Service' club, which happens to have the school's prettiest girl: Yukinoshita Yukino.
(Source: Anime News Network)",2013,https://anilist.co/anime/14813,anilist,anilist:14813
Dororo,,anime,,,8.1,329434.0,,,Dororo,"action, adventure, drama, supernatural","Dororo, a young orphan thief, meets Hyakkimaru, a powerful ronin. Hyakkimaru's father, a greedy feudal lord, had made a pact with 12 demons, offering his yet-unborn son's body parts in exchange for great power. Thus, Hyakkimaru - who was born without arms, legs, eyes, ears, a nose or a mouth - was abandoned in a river as a baby. Rescued and raised by Dr. Honma, who equips him with artificial limbs and teaches him sword-fighting techniques, Hyakkimaru discovers that each time he slays a demon, a piece of his body is restored. Now, he roams the war-torn countryside in search of demons.",2019,https://anilist.co/anime/101347,anilist,anilist:101347
Assassination Classroom Second Season,,anime,,,8.3,329166.0,,,Ansatsu Kyoushitsu 2nd Season,"action, comedy, drama, supernatural","The second season of Ansatsu Kyoushitsu.

The students return as school is back in session for the second semester. Following their exploits on the island during summer vacation, Class 3-E continues to sharpen their blades with their sights set on their teacher, the slippery Koro-sensei. They have more to worry about than just their teacher, however, as enemy assassins, both old and new, are out for the increased bounty on the octopus' head.

Moreover, their rivals in Class A, as well as Kunugigaoka Junior High's fearsome principal, stand to block Class E from achieving academic excellence. With all of these obstacles opposing them, the group must continue to work together in order to overcome their foes and accomplish their goal of successfully assassinating their teacher.
",2016,https://anilist.co/anime/21170,anilist,anilist:21170
Gurren Lagann,,anime,,,8.5,328251.0,,,Tengen Toppa Gurren Lagann,"action, comedy, drama, mecha, romance, sci-fi","In a far away future, mankind lives underground in huge caves, unknowing of a world above with a sky and stars.
In the small village of Jiha, Simon, a shy boy who works as a digger discovers a strange glowing object during excavation. The enterprising Kamina, a young man with a pair of rakish sunglasses and the passion of a firey sun, befriends Simon and forms a small band of brothers, the Gurren Brigade, to escape the village and break through the ceiling of the cave to reach the surface, which few believe exist.
The village elder won't hear of such foolishness and punishes the Brigade. However, when disaster strikes from the world above and the entire village is in jeopardy, it's up to Simon, Kamina, a girl with a big gun named Yoko, and the small yet sturdy robot, Lagann, to save the day.
The new friends journey to the world above and find that the surface is a harsh battlefield, and it's up to them to fight back against the rampaging Beastmen to turn the tide in the humans' favor! Pierce the heavens, Gurren Lagann!",2007,https://anilist.co/anime/2001,anilist,anilist:2001
HAIKYU!! 3rd Season,,anime,,,8.7,327832.0,,,Haikyuu!!: Karasuno Koukou VS Shiratorizawa Gakuen Koukou,"comedy, drama, sports","After the victory against Aoba Jousai High, Karasuno High School, once called “a fallen powerhouse, a crow that can’t fly,” has finally reached the climax of the heated Spring tournament. Now, to advance to nationals, the Karasuno team has to defeat the powerhouse Shiratorizawa Academy. Karasuno’s greatest hurdle is their adversary’s ace, Wakatoshi Ushijima, the number one player in the Miyagi Prefecture, and one of the country’s top three aces.

Only the strongest team will make it to the national tournament. Since this match is the third-year players’ last chance to qualify for nationals, Karasuno has to use everything they learned during the training camp and prior matches to attain victory. Filled with restlessness and excitement, both teams are determined to come out on top in the third season of Haikyuu!!.

[Written by MAL Rewrite]",2016,https://anilist.co/anime/21698,anilist,anilist:21698
Re:ZERO -Starting Life in Another World- Season 2,,anime,,,8.3,321368.0,,,Re:Zero kara Hajimeru Isekai Seikatsu 2nd Season,"action, adventure, drama, fantasy, psychological, thriller","Even after dying countless times, Subaru finally ended the threat of the White Whale and defeated the Witch Cult's Sin Archbishop representing sloth, Petelgeuse Romaneeconti. But only shortly after overcoming a tragic ending and reuniting with his beloved Emilia, Subaru learns that Rem has been erased from this world, having fallen victim to the White Whale's Fog of Elimination in the midst of Subaru's death loop. With the White Whale now gone, Subaru and Emilia are forced to confront a reality they never dreamed would happen.(Source: Crunchyroll)",2020,https://anilist.co/anime/108632,anilist,anilist:108632
PSYCHO-PASS,,anime,,,8.1,321134.0,,,PSYCHO-PASS,"action, psychological, sci-fi, thriller","Justice, and the enforcement of it, has changed. In the 22nd century, Japan enforces the Sibyl System, an objective means of determining the threat level of each citizen by examining their mental state for signs of criminal intent, known as their Psycho-Pass. Inspectors uphold the law by subjugating, often with lethal force, anyone harboring the slightest ill-will; alongside them are Enforcers, jaded Inspectors that have become latent criminals, granted relative freedom in exchange for carrying out the Inspectors' dirty work.

Into this world steps Akane Tsunemori, a young woman with an honest desire to uphold justice. However, as she works alongside veteran Enforcer Shinya Kougami, she soon learns that the Sibyl System's judgments are not as perfect as her fellow Inspectors assume. With everything she has known turned on its head, Akane wrestles with the question of what justice truly is, and whether it can be upheld through the use of a system that may already be corrupt.
  
(Source: MAL Rewrite)

Note: In the Summer 2014 season, Psycho-Pass was rebroadcast and re-edited to fit into an hour time-slot, ending up in 11 one-hour episodes. This edit included added scenes at the beginning and middle of the episodes, as well as fixing and improving animation.",2012,https://anilist.co/anime/13601,anilist,anilist:13601
Code Geass: Lelouch of the Rebellion R2,,anime,,,8.7,319150.0,,,Code Geass: Hangyaku no Lelouch R2,"action, drama, mecha, sci-fi, thriller","A year has passed since ""The Black Rebellion"" and the remaining Black Knights have vanished into the shadows, their leader and figurehead, Zero, executed by the Britannian Empire. Area 11 is once more squirming under the Emperor's oppressive heel as the Britannian armies concentrate their attacks on the European front. But for the Britannians living in Area 11, life is back to normal. On one such normal day, a Britannian student, skipping his classes in the Ashford Academy, sneaks out to gamble on his chess play. But unknown to this young man, several forces are eying him from the shadows, for soon, he will experience a shocking encounter with his own obscured past, and the masked rebel mastermind Zero will return.",2008,https://anilist.co/anime/2904,anilist,anilist:2904
I Want to Eat Your Pancreas,,anime,,,8.4,316840.0,,,Kimi no Suizou wo Tabetai,"drama, romance, slice of life","Spring time in April and the last of the cherry blossoms are still in bloom. The usually aloof bookworm with no interest in others comes across a book in a hospital waiting room. Handwritten on the cover are the words: ""Living with Dying."" He soon discovers that it is a diary kept by his very popular and genuinely cheerful classmate, Sakura Yamauchi, who reveals to him that she is secretly suffering from a pancreatic illness and only has a limited time left. It is at this moment that she gains just one more person to share her secret.

Trying to maintain a normal life as much as possible, Sakura is determined to live her life to the fullest until the very last day. As her free spirit and unpredictable actions throw him for a loop, his heart begins to gradually change.

(Source: Aniplex USA)",2018,https://anilist.co/anime/99750,anilist,anilist:99750
Howl‘s Moving Castle,,anime,,,8.5,316376.0,,,Howl no Ugoku Shiro,"adventure, drama, fantasy, romance","Sophie, a quiet girl working in a hat shop, finds her life thrown into turmoil when she is literally swept off her feet by a handsome but mysterious wizard named Howl. The vain and vengeful Witch of the Waste, jealous of their friendship, puts a spell on Sophie. In a life-changing adventure, Sophie climbs aboard Howl's magnificent flying castle and enters a magical world on a quest to break the spell. 
(Source: Disney)",2004,https://anilist.co/anime/431,anilist,anilist:431
Hyouka,,anime,,,7.9,315250.0,,,Hyouka,"mystery, romance, slice of life","Energy-conservative high school student Houtarou Oreki ends up with more than he bargained for when he signs up for the Classic Literature Club at his sister's behest—especially when he realizes how deep-rooted the club's history really is. Begrudgingly, Oreki is dragged into an investigation concerning the 45-year-old mystery that surrounds the club room.

Accompanied by his fellow club members, the knowledgeable Satoshi Fukube, the stern but benign Mayaka Ibara, and the ever-curious Eru Chitanda, Oreki must combat deadlines and lack of information with resourcefulness and hidden talent, in order to not only find the truth buried beneath the dust of works created years before them, but of other side cases as well.

Based on the award-winning Koten-bu light novel series, and directed by Yasuhiro Takemoto of Suzumiya Haruhi no Shoushitsu, Hyouka shows that normal life can be full of small mysteries, be it family history, a student film, or even the withered flowers that make up a ghost story.

(Source: MAL Rewrite)",2012,https://anilist.co/anime/12189,anilist,anilist:12189
Fate/Zero,,anime,,,8.1,313038.0,,,Fate/Zero,"action, drama, fantasy, supernatural","With the promise of granting any wish, the omnipotent Holy Grail triggered three wars in the past, each too cruel and fierce to leave a victor. In spite of that, the wealthy Einzbern family is confident that the Fourth Holy Grail War will be different; namely, with a vessel of the Holy Grail now in their grasp. Solely for this reason, the much hated ""Magus Killer"" Kiritsugu Emiya is hired by the Einzberns, with marriage to their only daughter Irisviel as binding contract.

Kiritsugu now stands at the center of a cutthroat game of survival, facing off against six other participants, each armed with an ancient familiar, and fueled by unique desires and ideals. Accompanied by his own familiar, Saber, the notorious mercenary soon finds his greatest opponent in Kirei Kotomine, a priest who seeks salvation from the emptiness within himself in pursuit of Kiritsugu.

Based on the light novel written by Gen Urobuchi, Fate/Zero depicts the events of the Fourth Holy Grail War—10 years prior to Fate/stay night. Witness a battle royale in which no one is guaranteed to survive.

(Source: MAL Rewrite)

Note: The first episode aired with a runtime of ~48 minutes as opposed to the standard 24 minute long episode.",2011,https://anilist.co/anime/10087,anilist,anilist:10087
Devilman Crybaby,,anime,,,7.6,312128.0,,,DEVILMAN crybaby,"action, drama, horror, psychological, supernatural","New Devilman project marking Go Nagai's 50th anniversary as a creator.The protagonist Akira Fudou learns from his best friend, Ryou Asuka, that an ancient race of demons has returned to take back the world from humans. Ryou tells Akira that the only way to defeat the demons is to incorporate their supernatural powers, and suggests that he unite with a demon himself. Akira succeeds in transforming into Devilman, who possesses both the powers of a demon and the soul of a human. The battle of Devilman and Akira Fudou begins. (Source: Netflix)",2018,https://anilist.co/anime/98460,anilist,anilist:98460
"Love, Chunibyo & Other Delusions",,anime,,,7.5,310615.0,,,Chuunibyou demo Koi ga Shitai!,"comedy, drama, romance, slice of life","Everybody has had that stage in their life where they have thought themselves to be special, different from the masses of ordinary humans. They might go as far as seeing themselves capable of wielding mystical powers, or maybe even believe themselves to have descended from a fantasy realm. This ""disease"" is known as ""chuunibyou"" and is often the source of some of the most embarrassing moments of a person's life.

For Yuuta Togashi, the scars that his chuunibyou has left behind are still fresh. Having posed as the ""Dark Flame Master"" during his middle school years, he looks back at those times with extreme embarrassment, so much so that he decides to attend a high school far away where nobody will recognize him. Putting his dark history behind him, he longs to live a normal high school life.

Unfortunately, he hasn't escaped his past yet: enter Rikka Takanashi, Yuuta's new classmate and self-declared vessel of the ""Wicked Eye."" As this eccentric young girl crashes into Yuuta's life, his dream of an ordinary, chuunibyou-free life quickly crumbles away. In this hilarious and heartwarming story of a boy who just wants to leave his embarrassing memories behind, the delusions of old are far from a thing of the past.

(Source: MAL Rewrite)",2012,https://anilist.co/anime/14741,anilist,anilist:14741
Weathering With You,,anime,,,8.1,310220.0,,,Tenki no Ko,"drama, romance, slice of life, supernatural","High school student Hodaka leaves his home on an isolated island and moves to Tokyo, but he immediately becomes broke. He lives his days in isolation, but finally finds a job as a writer for a shady occult magazine. After he starts his job, the weather has been rainy day after day. In a corner of the crowded and busy city, Hodaka meets a young woman named Hina. Due to certain circumstances, Hina and her younger brother live together, but have a cheerful and sturdy life. Hina also has a certain power: the power to stop the rain and clear the sky.

(Source: Anime News Network)",2019,https://anilist.co/anime/106286,anilist,anilist:106286
The Disastrous Life of Saiki K.,,anime,,,8.3,309517.0,,,Saiki Kusuo no Ψ-nan,"comedy, slice of life, supernatural","To the average person, psychic abilities might seem a blessing; for Kusuo Saiki, however, this couldn't be further from the truth. Gifted with a wide assortment of supernatural abilities ranging from telepathy to x-ray vision, he finds this so-called blessing to be nothing but a curse. As all the inconveniences his powers cause constantly pile up, all Kusuo aims for is an ordinary, hassle-free life—a life where ignorance is bliss.


Unfortunately, the life of a psychic is far from quiet. Though Kusuo tries to stay out of the spotlight by keeping his powers a secret from his classmates, he ends up inadvertently attracting the attention of many odd characters, such as the empty-headed Riki Nendou and the delusional Shun Kaidou. Forced to deal with the craziness of the people around him, Kusuo comes to learn that the ordinary life he has been striving for is a lot more difficult to achieve than expected.
Note: Aired in 2 versions, a 120-episode 5-minute short series, and a combined 24-episode 24-minute TV series with the same content.",2016,https://anilist.co/anime/21804,anilist,anilist:21804
Bakemonogatari,,anime,,,8.2,306618.0,,,Bakemonogatari,"comedy, drama, mystery, psychological, romance, supernatural","First season of the Monogatari Series, part 1/6. Contains the arcs Hitagi Crab, Mayoi Snail, Suruga Monkey, Nadeko Snake, and Tsubasa Cat from the Bakemonogatari light novels.
Thanks to Meme Oshino, Koyomi Araragi, a high school student, is able to remain a human after coming across a female vampire... However, since the incident, Koyomi seems to meet girls who have an apparition-related issue. Hitagi Senjougahara doesn’t weigh anything, Suruga Kanbaru’s right arm becomes like that of a monkey’s, and a young girl, Mayoi, cannot find her way home no matter how many times she tries. Koyomi, a Mr. Nice Guy, ends up helping each and every girl solve her problem with the help of Meme Oshino.

(Source: Aniplex)",2009,https://anilist.co/anime/5081,anilist,anilist:5081
Demon Slayer: Kimetsu no Yaiba Mugen Train Arc,,anime,,,8.2,304664.0,,,Kimetsu no Yaiba: Mugen Ressha-hen (TV),"action, adventure, drama, fantasy, mystery, supernatural","In Demon Slayer: Kimetsu no Yaiba Mugen Train Arc, Tanjiro Kamado and his fellow Demon Slayer members embark on a mission aboard the Infinity Train. Their new mission is to investigate a series of mysterious disappearances, carried out by a demon that has been terrorizing passengers and killing the demon slayers who oppose it.

Note: The first episode is entirely anime original. Episodes 2-7 are a re-edited version of the movie featuring new scenes and music.",2021,https://anilist.co/anime/129874,anilist,anilist:129874
Demon Slayer: Kimetsu no Yaiba Swordsmith Village Arc,,anime,,,8.1,304250.0,,,Kimetsu no Yaiba: Katanakaji no Sato-hen,"action, adventure, drama, fantasy, supernatural","Adaptation of the Swordsmith Village Arc.

Tanjiro’s journey leads him to the Swordsmith Village, where he reunites with two Hashira, members of the Demon Slayer Corps’ highest-ranking swordsmen - Mist Hashira Muichiro Tokito and Love Hashira Mitsuri Kanroji. With the shadows of demons lurking near, a new battle begins for Tanjiro and his comrades.

Notes:
• The first episode has a runtime of ~49 minutes, and received an early premiere in cinemas worldwide as part of a special screening alongside the final two episodes of Kimetsu no Yaiba: Yuukaku-hen.
• The final episode has a runtime of ~52 minutes. ",2023,https://anilist.co/anime/145139,anilist,anilist:145139
JoJo's Bizarre Adventure: Stardust Crusaders,,anime,,,7.9,301475.0,,,JoJo no Kimyou na Bouken: Stardust Crusaders,"action, adventure, supernatural","In a Japanese jail sits 17-year-old Jotaro Kujo: punk, fighter, delinquent...and possessed by a force beyond his control! Around the world, evil spirits are awakening: ""Stands,"" monstrous invisible creatures which give their bearers incredible powers. To save his mother's life, Jotaro must tame his dark forces and travel around the world to Cairo, Egypt, where a hundred-year-old vampire thirsts for the blood of his family. But the road is long, and an army of evil Stand Users waits to kill JoJo and his friends...

(Source: Viz Media)",2014,https://anilist.co/anime/20474,anilist,anilist:20474
Miss Kobayashi's Dragon Maid,,anime,,,7.7,299012.0,,,Kobayashi-san Chi no Maidragon,"comedy, fantasy, slice of life","What happens when a drunken promise leads to living with a dragon? That’s Miss Kobayashi’s new reality when Tohru appears in her life. With a maid-slash-dragon in her home, she’s experiencing a whole new level of domestic bliss! But the dragons don’t stop there. On a mission to find Tohru appears Kanna, a little dragon with a big attitude. Before she knows it, Kobayashi’s got a house full of dragons—one serving tail and the other serving serious moe! Together, they live side by side with only the occasional disaster…well, maybe. But nothing beats coming home to the warm welcome of a dragon maid!

(Source: Funimation)",2017,https://anilist.co/anime/21776,anilist,anilist:21776
Tower of God,,anime,,,7.4,298696.0,,,Kami no Tou: Tower of God,"action, adventure, drama, fantasy, mystery","There is a tower that summons chosen people called ""Regulars"" with the promise of granting their deepest desires. Whether it be wealth, fame, authority, or something that surpasses them all—everything awaits those who reach the top.

Twenty-Fifth Bam is a boy who had only known a dark cave, a dirty cloth, and an unreachable light his entire life. So when a girl named Rachel came to him through the light, his entire world changed. Becoming close friends with Rachel, he learned various things about the outside world from her. But when Rachel says she must leave him to climb the Tower, his world shatters around him. Vowing to follow after her no matter what it takes, he sets his sight on the tower, and a miracle occurs.

Thus begins the journey of Bam, a young boy who was not chosen by the Tower but opened its gates by himself. They call his kind ""Irregulars""—beings that have shaken the very foundation of the Tower each time they set foot inside it.
",2020,https://anilist.co/anime/115230,anilist,anilist:115230
The Promised Neverland Season 2,,anime,,,5.1,295961.0,,,Yakusoku no Neverland 2,"action, adventure, drama, fantasy, horror, psychological, thriller","The second season of Yakusoku no Neverland.

Fifteen children escape Grace Field House, a false paradise, hoping for a chance at freedom. Instead, they encounter plants and animals they have never before seen, and are chased by demons. The outside world is so beautiful, and yet is almost too cruel to face.

Even so, the children refuse to give up. They are guided in their search for better lives only by a message from Minerva and a pen Norman left behind in order to fulfill their promise to return to the House to save those of their family who are still trapped within.

(Source: Aniplex of America)

Note: Episode 1 streamed early on Amazon Prime on Jan 7, 2021. The regular TV broadcast started on Jan 8, 2021.",2021,https://anilist.co/anime/108725,anilist,anilist:108725
Cyberpunk: Edgerunners,,anime,,,8.5,294790.0,,,Cyberpunk: Edgerunners,"action, drama, psychological, sci-fi","An original anime series set in in the universe of Cyberpunk 2077.

Cyberpunk: Edgerunners tells a standalone, 10-episode story about a street kid trying to survive in a technology and body modification-obsessed city of the future. Having everything to lose, he chooses to stay alive by becoming an edgerunner—a mercenary outlaw also known as a cyberpunk.

(Source: CD PROJEKT RED)

Note: The first episode received a pre-screening at Anime Expo on July 2, 2022. The first 3 dubbed episodes were streamed on Twitch as part of a co-stream promotion on September 12, a day before the show’s premiere.",2022,https://anilist.co/anime/120377,anilist,anilist:120377
Dr. STONE: STONE WARS,,anime,,,8.1,293978.0,,,Dr. STONE: STONE WARS,"action, adventure, comedy, sci-fi","The second season of Dr. STONE

Armed with the power of science and a genius intellect, Senkuu is determined to save humanity. However, Tsukasa’s empire goes on the offensive to halt the progress of science. Bolder choices are made as these two start a war that rocks the Stone World. 
(Source: Crunchyroll)",2021,https://anilist.co/anime/113936,anilist,anilist:113936
Wotakoi: Love is Hard for Otaku,,anime,,,7.8,290232.0,,,Wotaku ni Koi wa Muzukashii,"comedy, romance, slice of life","Having slept through all four of her alarms, the energetic Narumi Momose finds herself running late for her first day of work at a new office. As she races to catch her train, she makes a promise to herself that none of her coworkers will find out about her dark secret: that she is an otaku and a fujoshi. Her plan goes instantly awry, though, when she runs into Hirotaka Nifuji, an old friend from middle school. Although she tries to keep her secret by inviting him out for drinks after work, her cover is blown when he casually asks her whether or not she will be attending the upcoming Summer Comiket. Luckily for her, the only witnesses—Hanako Koyanagi and Tarou Kabakura—are otaku as well.

Later that night, the pair go out for drinks so that they can catch up after all the years apart. After Narumi complains about her previous boyfriend breaking up with her because he refused to date a fujoshi, Hirotaka suggests that she try dating a fellow otaku, specifically himself. He makes a solemn promise to always be there for her, to support her, and to help her farm for rare drops in Monster Hunter. Blown away by the proposal, Narumi agrees immediately. Thus the two otaku start dating, and their adorably awkward romance begins.

(Source: MAL Rewrite)",2018,https://anilist.co/anime/99578,anilist,anilist:99578
Seraph of the End: Vampire Reign,,anime,,,7.3,289817.0,,,Owari no Seraph,"action, drama, fantasy, mystery, supernatural","The story takes place in a world where an unknown virus has killed the entire human population except for children under 13. Those children were then enslaved by vampires. The manga centers on Yuichiro Hyakuya, a human who dreams of becoming strong enough to kill all vampires.

(Source: Anime News Network)",2015,https://anilist.co/anime/20829,anilist,anilist:20829
DAN DA DAN,,anime,,,8.4,288549.0,,,Dandadan,"action, comedy, drama, romance, sci-fi, supernatural","This is a story about Momo, a high school girl who comes from a family of spirit mediums, and her classmate Okarun, an occult fanatic. After Momo rescues Okarun from being bullied, they begin talking. However, an argument ensues between them since Momo believes in ghosts but denies aliens exist, and Okarun believes in aliens but denies ghosts exist.

To prove to each other what they believe in is real, Momo goes to an abandoned hospital where a UFO has been spotted and Okarun goes to a tunnel rumored to be haunted. To their surprise, they each encounter overwhelming paranormal activities that transcend comprehension. Amid these predicaments, Momo awakens her hidden power and Okarun gains the power of a curse to overcome these new dangers! Their fateful love begins as well!?

The story of the occult battle and adolescence starts!
(Source: Crunchyroll) 

Notes: 
- Worldwide premiere of Episode 1 before the Japanese television premiere occurred at Anime Expo July 6, 2024. 
- Episodes 1-3 titled as DAN DA DAN: FIRST ENCOUNTER was pre-screened in advance in theaters on August 31, 2024 in Asia, September 7, 2024 in Europe and September 13, 2024 in North America. The regular TV broadcast began October 4, 2024.",2024,https://anilist.co/anime/171018,anilist,anilist:171018
Puella Magi Madoka Magica,,anime,,,8.3,287569.0,,,Mahou Shoujo Madoka☆Magica,"action, drama, fantasy, mahou shoujo, psychological, thriller","One night, 14-year-old Madoka Kaname has a terrible nightmare - against the backdrop of a devastated city, she witnesses a girl fight a losing battle against a dreadful being lingering above, while a cat-like magical creature tells Madoka the only way to change such tragic outcome is for her to make a contract with him and become a magical girl. 
The next day, the teen's dream seemingly becomes reality as the girl she saw in her dream - Homura - arrives at Mitakihara Middle School as a transfer student, mysteriously warning Madoka to stay just the way she is; but when later on she and her best friend Sayaka encounter the same cat-like magical creature from her dream - who introduces himself as Kyubey - the pair discovers that magical girls are real, and what's more, they can choose to become one. All they must do is sign a contract with Kyubey and agree to take on the duty to fight abstract beings called 'witches' that spread despair to the human world, and in return, each one of them will be granted any single wish they desire. However, as Homura's omen suggests, there might be far more to becoming a magical girl than Madoka and Sayaka realize... 

Notes:
- Due to the 2011 Tōhoku earthquake and tsunami, the broadcasts of episodes 11 and 12 were delayed and were later aired as a double feature on April 21, 2011.",2011,https://anilist.co/anime/9756,anilist,anilist:9756
Monster,,anime,,,8.8,286531.0,,,MONSTER,"drama, horror, mystery, psychological, thriller","Dr. Kenzo Tenma is a renowned Japanese brain surgeon working at a leading hospital in Germany. One night, Dr. Tenma risks his reputation and career to save the life of a critically wounded young boy over that of the town mayor who had been planning to support the hospital financially. A string of mysterious murders begin to occur soon after the operation, and Dr. Tenma emerges as the primary suspect despite no incriminating evidence. 

A doctor is taught to believe that all life is equal; however, when another series of murders occur in the surgeon's vicinity, Dr. Tenma's beliefs are shaken as his actions that night are shown to have much broader consequences than he could have imagined. Leaving behind his life as a surgeon he embarks on a journey across the country to unravel the mystery of the boy he saved.",2004,https://anilist.co/anime/19,anilist,anilist:19
Noragami Aragoto,,anime,,,8.0,285708.0,,,Noragami ARAGOTO,"action, adventure, comedy, supernatural","The second season of Noragami.

Life for minor god Yato isn't getting any easier. He's still broke, shrineless, and his partner-slash-sword-regalia has zero respect for him. Worse yet, Bishamon, one of the deadliest war gods, is after his life. Blaming him for the death of her past regalia, she won't stop until she kills him. But there's more to that story than she could ever realize. And as if that's not bad enough, there's someone working against her behind the scenes! Can Yato take on a god as powerful as Bishamon? Or will things take a more dangerous turn?

Between all of this godly drama and even more dangerous battles, Yato still needs to figure out how to help Hiyori. But all options lead to losing her, and he's not willing to make that choice – no matter what.

Five yen doesn't even begin to cover his trouble!

(Source: Funimation)",2015,https://anilist.co/anime/21128,anilist,anilist:21128
SPY x FAMILY Cour 2,,anime,,,8.1,282271.0,,,SPY×FAMILY Part 2,"action, comedy, slice of life, supernatural","The second half of SPYxFAMILY.

With Anya Forger successfully enrolled at the renowned Eden Academy, Operation Strix advances to its second phase. To investigate Ostanian politician Donovan Desmond, Anya must either befriend his son Damian or collect eight Stella Stars to become an Imperial Scholar. Fortunately, Anya has already acquired her first star. In celebration, her adoptive father, Loid, decides to fulfill her wish to adopt a dog.

During their canine search, Loid receives new orders from his superiors, who have found that a band of Berlint University students is plotting to assassinate Westalis' Minister Brantz using bombs worn by trained dogs. While Loid tries to stop their plans, Anya stumbles upon the terrorists' base of operations. There, she befriends a kindhearted, clairvoyant dog who the family later names Bond.

Although the Forgers continue to lead their individual lives in secrecy, the family—with a new fluffy addition—remains united through all of the unusual obstacles thrown their way.

(Source: MAL Rewrite)",2022,https://anilist.co/anime/142838,anilist,anilist:142838
BANANA FISH,,anime,,,8.2,279708.0,,,BANANA FISH,"action, drama, psychological, thriller","Nature made Ash Lynx beautiful; nurture made him a cold ruthless killer. A runaway brought up as the adopted heir and sex toy of ""Papa"" Dino Golzine, Ash, now at the rebellious age of seventeen, forsakes the kingdom held out by the devil who raised him. But the hideous secret that drove Ash's older brother mad in Vietnam has suddenly fallen into Papa's insatiably ambitious hands—and it's exactly the wrong time for Eiji Okamura, a pure-hearted young photographer from Japan, to make Ash Lynx's acquaintance...

(Source: Viz Media)",2018,https://anilist.co/anime/100388,anilist,anilist:100388
Komi Can’t Communicate,,anime,,,7.7,276353.0,,,"Komi-san wa, Komyushou desu.","comedy, romance, slice of life","Timid Tadano is a total wallflower, and that’s just the way he likes it. But all that changes when he finds himself alone in a classroom on the first day of high school with the legendary Komi. He quickly realizes she isn’t aloof—she’s just super awkward. Now he’s made it his mission to help her on her quest to make 100 friends!

(Source: Viz Media)",2021,https://anilist.co/anime/133965,anilist,anilist:133965
Rent-a-Girlfriend,,anime,,,6.6,276121.0,,,"Kanojo, Okarishimasu","comedy, drama, romance","Kinoshita Kazuya is a 20-year-old failure of a college student. He managed to kiss his girlfriend once, but was dumped after a month. ""Ugh... Damn it. I never want to go through that again."" 

Completely spiteful, Kazuya uses a certain method to date a girl. He goes to their meeting place and suddenly hears, ""You're Kazuya-kun, right?"" A beautiful girl brushing her long, black hair behind her ear was there, smiling at him. Her name was Mizuhara Chizuru. Something real is born after just a single rental! A reckless rom-com filled with love and excitement is about to begin!

(Source: Crunchyroll)",2020,https://anilist.co/anime/113813,anilist,anilist:113813
To Your Eternity,,anime,,,8.1,275711.0,,,Fumetsu no Anata e,"adventure, drama, fantasy, psychological, supernatural","In the beginning, an ""orb"" is cast unto Earth. ""It"" can do two things: change into the form of the thing that stimulates ""it""; and come back to life after death. ""It"" morphs from orb to rock, then to wolf, and finally to boy, but roams about like a newborn who knows nothing. As a boy, ""it"" becomes Fushi.

Through encounters with human kindness, Fushi not only gains survival skills but grows as a ""person"". But his journey is darkened by the inexplicable and destructive enemy Nokker and cruel partings with the people he loves.

(Source: Crunchyroll)",2021,https://anilist.co/anime/114535,anilist,anilist:114535
JoJo's Bizarre Adventure: Diamond is Unbreakable,,anime,,,8.4,275474.0,,,JoJo no Kimyou na Bouken: Diamond wa Kudakenai,"action, adventure, drama, mystery, supernatural","JoJo no Kimyou na Bouken: Diamond wa Kudakenai adapts the fourth part of the JoJo no Kimyou na Bouken manga series.

It's the year 1999, 11 years after Jotaro Kujo's desperate fight against DIO in Egypt. Jotaro meets with Josuke Higashikata, the illegitimate son of his grandfather Joseph Joestar. He discovers that Josuke also has the same ""Stand"" power and that a new threat is surfacing in Morioh City.

(Source: Anime News Network)",2016,https://anilist.co/anime/21450,anilist,anilist:21450
Fruits Basket (2019),,anime,,,8.2,274882.0,,,Fruits Basket: 1st Season,"comedy, drama, romance, slice of life, supernatural","Tohru Honda thought her life was headed for misfortune when a family tragedy left her living in a tent. When her small home is discovered by the mysterious Soma clan, she suddenly finds herself living with Yuki, Kyo, and Shigure Soma. But she quickly learns their family has a bizarre secret of their own: when hugged by the opposite sex, they turn into the animals of the Zodiac!

(Source: Crunchyroll)",2019,https://anilist.co/anime/105334,anilist,anilist:105334
Hell’s Paradise,,anime,,,8.0,274303.0,,,Jigokuraku,"action, adventure, mystery, supernatural","The Edo period is nearing its end. Gabimaru, a shinobi formerly known as the strongest in Iwagakure who is now a death row convict, is told that he will be acquitted and set free if he can bring back the Elixir of Life from an island that is rumored to be the Buddhist pure land Sukhavati. In hopes of reuniting with his beloved wife, Gabimaru heads to the island along with the executioner Yamada Asaemon Sagiri. Upon arriving there, they encounter other death row convicts in search of the Elixir of Life... as well as a host of unknown creatures, eerie manmade statues, and the hermits who rule the island. Can Gabimaru find the Elixir of Life on this mysterious island and make it back home alive?

(Source: Crunchyroll)",2023,https://anilist.co/anime/128893,anilist,anilist:128893
High School DxD,,anime,,,6.9,274285.0,,,High School DxD,"action, comedy, ecchi, fantasy, romance","Issei Hyodo is your average perverted high school student whose one wish in life is to have his own harem, but he's got to be one of the unluckiest guys around. He goes on his first date with a girl only to get brutally attacked and killed when it turns out the girl is really a vicious fallen angel. To top it all off, he's later reincarnated as a devil by his gorgeous senpai who tells him that she is also a devil and now his master! One thing's for sure, his peaceful days are over. In a battle between devils and angels, who will win? 
(Source: FUNimation) ",2012,https://anilist.co/anime/11617,anilist,anilist:11617
Tokyo Ghoul:re,,anime,,,6.1,274029.0,,,Tokyo Ghoul:re,"action, horror, mystery, psychological, supernatural","Two years have passed since the CCG’s raid on Anteiku. Although the atmosphere in Tokyo has changed drastically due to the increased influence of the CCG, ghouls continue to pose a problem as they have begun taking caution, especially the terrorist organization Aogiri Tree, who acknowledge the CCG’s growing threat to their existence.
The creation of a special team, known as the Quinx Squad, may provide the CCG with the push they need to exterminate Tokyo’s unwanted residents. As humans who have undergone surgery in order to make use of the special abilities of ghouls, they participate in operations to eradicate the dangerous creatures. The leader of this group, Haise Sasaki, is a half-ghoul, half-human who has been trained by famed special class investigator, Kishou Arima. However, there’s more to this young man than meets the eye, as unknown memories claw at his mind, slowly reminding him of the person he used to be.",2018,https://anilist.co/anime/100240,anilist,anilist:100240
That Time I Got Reincarnated as a Slime Season 2,,anime,,,8.3,272347.0,,,Tensei Shitara Slime Datta Ken 2nd Season,"action, adventure, comedy, fantasy","The second season of Tensei Shitara Slime Datta Ken.

Now that the Jura Tempest Alliance is growing even further, they will now be meeting the animal kingdom of Eurazania, reuniting with King Gazel, rising tensions between monsters and humans, and Rimuru encountering the strongest enemy he’s ever faced.

(Source: Funimation)",2021,https://anilist.co/anime/108511,anilist,anilist:108511
The Quintessential Quintuplets,,anime,,,7.5,271014.0,,,Go-toubun no Hanayome,"comedy, drama, romance, slice of life","Uesugi Fuutarou, a high school second-year from a poor family, receives a highly appealing offer to work part-time as a tutor... but his students turn out to be girls from his own class! What's more, they're quintuplets... and all five are beautiful, but happen to be problem students who have borderline grades and hate studying! Looks like his first assignment will be to win all the sisters' trust?! Every day is a wild party in this rom-com centering around the quintuplet sisters of the Nakano household!
(Source: Crunchyroll)",2019,https://anilist.co/anime/103572,anilist,anilist:103572
Oshi No Ko,,anime,,,8.4,269841.0,,,[Oshi no Ko],"drama, mystery, psychological, supernatural","When a pregnant young starlet appears in Gorou Amemiya’s countryside medical clinic, the doctor takes it upon himself to safely (and secretly) deliver Ai Hoshino’s child so she can make a scandal-free return to the stage. But no good deed goes unpunished, and on the eve of her delivery, he finds himself slain at the hands of Ai’s deluded stalker — and subsequently reborn as Ai’s child, Aquamarine Hoshino! The glitz and glamor of showbiz hide the dark underbelly of the entertainment industry, threatening to dull the shine of his favorite star. Can he help his new mother rise to the top of the charts? And what will he do when unthinkable disaster strikes? 

(Source: HIDIVE)


Note: Episode 1【推しの子】Mother and Children was pre-screened in advance in Japanese theaters on March 17, 2023. The regular TV broadcast began on April 12, 2023. The first episode has an extended runtime of ~82 minutes.",2023,https://anilist.co/anime/150672,anilist,anilist:150672
The God of High School,,anime,,,6.9,269182.0,,,THE GOD OF HIGH SCHOOL,"action, fantasy","It all began as a fighting tournament to seek out for the best fighter among all high school students in Korea. Mori Jin, a Taekwondo specialist and a high school student, soon learns that there is something much greater beneath the stage of the tournament.(Source: WEBTOON)",2020,https://anilist.co/anime/116006,anilist,anilist:116006
GOBLIN SLAYER,,anime,,,7.1,267973.0,,,Goblin Slayer,"action, adventure, fantasy","A young priestess has formed her first adventuring party, but almost immediately they find themselves in distress. It's the Goblin Slayer who comes to their rescue--a man who's dedicated his life to the extermination of all goblins, by any means necessary. And when rumors of his feats begin to circulate, there's no telling who might come calling next...

(Source: Yen Press)",2018,https://anilist.co/anime/101165,anilist,anilist:101165
Mushoku Tensei: Jobless Reincarnation Cour 2,,anime,,,8.5,267451.0,,,Mushoku Tensei: Isekai Ittara Honki Dasu Part 2,"adventure, drama, ecchi, fantasy","After the mysterious mana calamity, Rudeus Greyrat and his fierce student Eris Boreas Greyrat are teleported to the Demon Continent. There, they team up with their newfound companion Ruijerd Supardia—the former leader of the Superd's Warrior group—to form ""Dead End,"" a successful adventurer party. Making a name for themselves, the trio journeys across the continent to make their way back home to Fittoa.

Following the advice he received from the faceless god Hitogami, Rudeus saves Kishirika Kishirisu, the Great Emperor of the Demon World, who rewards him by granting him a strange power. Now, as Rudeus masters the powerful ability that offers a number of new opportunities, it might prove to be more than what he bargained for when unexpected dangers threaten to hinder their travels.

(Source: MAL Rewrite)",2021,https://anilist.co/anime/127720,anilist,anilist:127720
BLUE LOCK,,anime,,,8.0,266858.0,,,Blue Lock,"action, drama, sports","Japan’s desire for World Cup glory leads the Japanese Football Association to launch a new rigorous training program to find the national team’s next striker. Three hundred high school players are pitted against each other for the position, but only one will come out on top. Who among them will be the striker to usher in a new era of Japanese soccer?

(Source: Crunchyroll)",2022,https://anilist.co/anime/137822,anilist,anilist:137822
Durarara!!,,anime,,,7.9,266068.0,,,Durarara!!,"action, mystery, supernatural","In Tokyo's downtown district of Ikebukuro, amidst many strange rumors and warnings of anonymous gangs and dangerous occupants, one urban legend stands out above the rest—the existence of a headless ""Black Rider"" who is said to be seen driving a jet-black motorcycle through the city streets.
Ryuugamine Mikado has always longed for the excitement of the city life, and an invitation from a childhood friend convinces him to move to Tokyo. Witnessing the Black Rider on his first day in the city, his wishes already seem to have been granted. But as supernatural events begin to occur, ordinary citizens like himself, along with Ikebukuro's most colorful inhabitants, are mixed up in the commotion breaking out in their city.
(Source: MAL Rewrite)",2010,https://anilist.co/anime/6746,anilist,anilist:6746
Princess Mononoke,,anime,,,8.5,265683.0,,,Mononoke-hime,"action, adventure, drama, fantasy","A calm village residing in the mountains comes under attack from a demon-possessed boar one day.
Ashitaka, a young man and prince of the tribe, engages the creature in an attempt to save his village. During the battle, the boar bites him on the arm, leaving it blackened and cursed. Following his village's traditions, Ashitaka is exiled and becomes a wanderer, looking for a solution to the curse before it engulfs him.
Iron Town is a fortress under the leadership of Lady Eboshi. Through the clearing of the surrounding forests, Iron Town produces large amounts of Ironsand, used for gunpowder and other machinery. However, because of the forests destruction, nearby animal clans seek revenge led by a human girl of the Wolf clan called San.
When Ashitaka comes to Iron Town, he discovers the area consumed in battle. Horrified, he attempts to create peace and befriend the Wolf Clan. However, after the forest's eradication and the ongoing war between Human and Beast, will the Spirit of the Forest be forgiving and accept Ashitaka's request to expel his curse?
[Written by MAL Rewrite]",1997,https://anilist.co/anime/164,anilist,anilist:164
HAIKYU!! TO THE TOP,,anime,,,8.3,265335.0,,,Haikyuu!! TO THE TOP,"comedy, drama, sports","The fourth season of Haikyuu!!The Karasuno High School Volleyball Club finally won their way into the nationals after an intense battle for the Miyagi Prefecture Spring Tournament qualifiers. As they were preparing for the nationals, Kageyama is invited to go to All-Japan Youth Training Camp. At the same time, Tsukishima is invited to go to a special rookie select training camp for first-years in Miyagi Prefecture. Hinata feels panic that he’s being left behind as one of the first-years and then decides to show up at the Miyagi Prefecture rookie select training camp anyway... (Source: Crunchyroll)",2020,https://anilist.co/anime/106625,anilist,anilist:106625
Clannad,,anime,,,7.7,264290.0,,,CLANNAD,"comedy, drama, romance, slice of life, supernatural","Tomoya is a bitter, third year high school student. His mother passed away, causing his father to resort to alcohol and gambling. Tomoya is distant with his father and has become a delinquent in the years since his mother's death. Walking to school, he meets Nagisa Furukawa who is a year older but is repeating the grade due to illness. She is alone, as most of her friends have moved on. The two begin hanging out, and as time goes by, Tomoya finds his life shifting in a new direction.

(Source: Sentai Filmworks)",2007,https://anilist.co/anime/2167,anilist,anilist:2167
86 EIGHTY-SIX,,anime,,,8.2,262643.0,,,86: Eighty Six,"action, drama, mecha, sci-fi","Called “Juggernaut,” these are the unmanned combat drones developed by the Republic of San Magnolia in answer to the attacks by the autonomous unmanned drones of the neighboring Empire of Giad, the “Legion”. But they’re only unmanned in name. In reality, they are piloted by the Eighty-sixers—those considered to be less than human and treated as mere tools.

Determined to achieve his own mysterious ends, Shin, the captain of Spearhead Squadron, which is comprised of Eighty-sixers, continues to fight a hopeless war on a battlefield where only death awaits him.

(Source: Crunchyroll)",2021,https://anilist.co/anime/116589,anilist,anilist:116589
JoJo's Bizarre Adventure: Golden Wind,,anime,,,8.4,261707.0,,,JoJo no Kimyou na Bouken: Ougon no Kaze,"action, adventure, drama, mystery, supernatural","The fifth story arc of the long-running JoJo's Bizarre Adventure series.
Giorno Giovanna, a young man living in Naples, has the blood of DIO -- the eternal enemy of the Joestar clan -- running in his veins. Giorno becomes a delinquent due to being persecuted since childhood. However, he's led back onto the right path thanks to a gangster who saved him and taught him to believe in others. Bizarrely enough, this gang of people who didn't forget honor, gratitude, and respect made him reform. This is how Giorno came to admire gangsters. In the backstreets of Italy, Giorno causes trouble alongside his gang ""Passione,"" and ends up being targeted...
(Source: Anime News Network)",2018,https://anilist.co/anime/102883,anilist,anilist:102883
Fire Force Season 2,,anime,,,7.8,261420.0,,,Enen no Shouboutai: Ni no Shou,"action, drama, sci-fi, supernatural","Shinra and Company 8 have figured out the Evangelist’s goal: to gather Adolla Bursts from Shinra and Shou. After learning more about his past from Captain Burns, Shinra becomes more motivated to discover the truth about his mother and save Shou again.

But a mysterious girl known as the “First Pillar” reveals the Evangelist’s master plan to start another Great Cataclysm!

(Source: Funimation)",2020,https://anilist.co/anime/114236,anilist,anilist:114236
Gintama,,anime,,,8.5,261014.0,,,Gintama,"action, comedy, drama, sci-fi","Life isn't easy in feudal Japan... especially since the aliens landed and conquered everything! Oh sure, the new health care is great, but the public ban on the use of swords has left a lot of defeated samurai with a difficult decision to make concerning their future career paths! This is especially true if, as in the case of Gintoki Sakata, they're not particularly inclined towards holding a day job, which is why Gintoki's opted for the freelance route, taking any job that's offered to him as long as the financial remuneration sounds right. Unfortunately, in a brave new world filled with stray bug-eyed monsters, upwardly mobile Yakuza and overly ambitious E.T. entrepreneurs, those jobs usually don't pay as well as they should for the pain, suffering and indignities endured!
(Source: Sentai Filmworks)",2006,https://anilist.co/anime/918,anilist,anilist:918
WONDER EGG PRIORITY,,anime,,,7.3,259220.0,,,Wonder Egg Priority,"action, drama, fantasy, mystery, psychological, sci-fi, thriller","This is the story of Ai, an introverted girl whose fate is forever changed when she acquires a mysterious “Wonder Egg” from a deserted arcade. That night, her dreams blend into reality, and as other girls obtain their own Wonder Eggs, Ai discovers new friends—and the magic within herself.

(Source: Funimation)",2021,https://anilist.co/anime/124845,anilist,anilist:124845
The Seven Deadly Sins: Revival of the Commandments,,anime,,,7.3,258922.0,,,Nanatsu no Taizai: Imashime no Fukkatsu,"action, adventure, comedy, ecchi, fantasy, supernatural","Melodias, Hawk, and Elizabeth retook the Kingdom of Leones from the Holy Knights. The festival went off without a hitch and the crew enjoyed their well-earned peace. And yet, another threat looms on the horizon. The Ten Commandments, a group of elite demon clan warriors, have their sights set on the kingdom.

(Source: Anime News Network)",2018,https://anilist.co/anime/99539,anilist,anilist:99539
Sword Art Online: Alicization,,anime,,,7.5,257055.0,,,Sword Art Online: Alicization,"action, adventure, fantasy","Kirito awakens in a vast, fantastical forest filled with towering trees. In his search for clues to the truth of his surroundings, he encounters a young boy who seems to know him. He ought to be a simple NPC, but the depth of his emotions seem no different than a human. As they search for the boy's parents, Kirito finds a peculiar memory returning to him. A memory from his own childhood, of this boy and a girl, too, with golden hair, and a name he should have never forgotten - Alice.

(Source: Yen Press)

Note: The first episode aired with a runtime of ~48 minutes as opposed to the standard 24 minute long episode.",2018,https://anilist.co/anime/100182,anilist,anilist:100182
Maid-Sama!,,anime,,,7.7,256752.0,,,Kaichou wa Maid-sama!,"comedy, drama, romance","Being the first female student council president isn't easy, especially when your school just transitioned from an all boys high school to a co-ed one. Aptly nicknamed ""Demon President"" by the boys for her strict disciplinary style, Misaki Ayuzawa is not afraid to use her mastery of Aikido techniques to cast judgment onto the hordes of misbehaving boys and defend the girls at Seika High School.

Yet even the perfect Ayuzawa has an embarrassing secret—she works part-time as a maid at a maid café to help her struggling family pay the bills. She has managed to keep her job hidden from her fellow students and maintained her flawless image as a stellar student until one day, Takumi Usui, the most popular boy in school, walks into the maid café. He could destroy her reputation with her secret... or he could twist the student council president around his little finger and use her secret as an opportunity to get closer to her.
(Source: MAL Rewrite)",2010,https://anilist.co/anime/7054,anilist,anilist:7054
Re:ZERO -Starting Life in Another World- Season 2 Part 2,,anime,,,8.4,255751.0,,,Re:Zero kara Hajimeru Isekai Seikatsu 2nd Season Part 2,"action, adventure, drama, fantasy, psychological, romance, thriller","After learning more behind the Death Loop and Witches of Sin, Subaru vows to save Emilia and his friends from further doom.

(Source: Crunchyroll)",2021,https://anilist.co/anime/119661,anilist,anilist:119661
Terror in Resonance,,anime,,,7.8,255498.0,,,Zankyou no Terror,"drama, mystery, psychological, thriller","Painted in red, the word ""VON"" is all that is left behind after a terrorist attack on a nuclear facility in Japan. The government is shattered by their inability to act, and the police are left frantically searching for ways to crack down the perpetrators. The public are clueless—until, six months later, a strange video makes its way onto the internet. In it, two teenage boys who identify themselves only as ""Sphinx"" directly challenge the police, threatening to cause destruction and mayhem across Tokyo. Unable to stop the mass panic quickly spreading through the city and desperate for any leads in their investigation, the police struggle to act effectively against these terrorists, with Detective Kenjirou Shibazaki caught in the middle of it all.

Zankyou no Terror tells the story of Nine and Twelve, the two boys behind the masked figures of Sphinx. They should not exist, yet they stand strong in a world of deception and secrets while they make the city fall around them, all in the hopes of burying their own tragic truth.

(Source: MAL Rewrite)",2014,https://anilist.co/anime/20661,anilist,anilist:20661
Beyond the Boundary,,anime,,,7.4,255449.0,,,Kyoukai no Kanata,"action, drama, fantasy, slice of life, supernatural","They should never have met. They shouldn't even exist. But when they come together, the entire world will change. The last surviving member of her clan, Mirai Kuriyama is cursed with the terrifying ability to control and manipulate blood, a power so heretical that she is shunned even by those with the ability to understand her ""gift"". Akihito Kanbara is only half human, but while the monstrous other half of his lineage seems to have doomed him to a life alone, it has also given him near invulnerability in the form of rapid healing. Alone, their futures seem bleak, but when a chance encounter brings them together, it becomes clear that they share more than just an unexpected bond. Together they share a destiny and a mission that only the two of them together may be strong enough to survive.

(Source: Sentai Filmworks)",2013,https://anilist.co/anime/18153,anilist,anilist:18153
JoJo's Bizarre Adventure: Stardust Crusaders - Battle in Egypt,,anime,,,8.2,255319.0,,,JoJo no Kimyou na Bouken: Stardust Crusaders - Egypt-hen,"action, adventure, drama, supernatural","After 30 days of travel across the world, plagued with countless battles, Jotaro and his companions have finally arrived in Egypt! Now only the strongest ""Stand"" users remain to rebuff our heroes' final march on Cairo: The Nine Egyptian Gods, Dio's most zealous servants. Will the Joestar line fall to the monstrous vampire, or can Jotaro defeat Dio and save his mother's life?

(Source: Crunchyroll)",2015,https://anilist.co/anime/20799,anilist,anilist:20799
High School of the Dead,,anime,,,6.6,253499.0,,,Gakuen Mokushiroku: HIGHSCHOOL OF THE DEAD,"action, drama, ecchi, horror, romance, supernatural","The lockers are splattered with blood, the student bodies are piling up and that's not mystery meat they're eating in the cafeteria… it's the faculty! And that's just the start of the worst day of school ever when a nightmarish virus is unleashed, turning humans into flesh eating zombies and converting Fujimi High School into a literal hell on Earth. Now it's a crash course in survival, and the only test or skill that matters is the ability to keep moving, breathing and fighting. Because if nerds, jocks and the surviving staff can't find a way to work together to escape this carnal house of education, they're all going to end up on the menu. And that's assuming there's anyplace safe left to escape to.

(Source: Sentai Filmworks)",2010,https://anilist.co/anime/8074,anilist,anilist:8074
Kuroko's Basketball,,anime,,,7.8,252067.0,,,Kuroko no Basket,"comedy, sports","Teikou Junior High School's basketball team is crowned champion three years in a row thanks to five outstanding players who, with their breathtaking and unique skills, leave opponents in despair and fans in admiration. However, after graduating, these teammates, known as ""The Generation of Miracles"", go their separate ways and now consider each other as rivals.

At Seirin High School, two newly recruited freshmen prove that they are not ordinary basketball players: Taiga Kagami, a promising player returning from the US, and Tetsuya Kuroko, a seemingly ordinary student whose lack of presence allows him to move around unnoticed. Although Kuroko is neither athletic nor able to score any points, he was a member of Teikou's basketball team, where he played as the ""Phantom Sixth Man,"" who easily passed the ball and assisted his teammates.

Kuroko no Basket follows the journey of Seirin's players as they attempt to become the best Japanese high school team by winning the Interhigh Championship. To reach their goal, they have to cross pathways with several powerful teams, some of which have one of the five players with godlike abilities, whom Kuroko and Taiga make a pact to defeat.

(Source: MAL Rewrite)",2012,https://anilist.co/anime/11771,anilist,anilist:11771
Kaguya-sama: Love is War -Ultra Romantic-,,anime,,,8.9,251012.0,,,Kaguya-sama wa Kokurasetai: Ultra Romantic,"comedy, psychological, romance, slice of life","The elite members of Shuchiin Academy's student council continue their competitive day-to-day antics. Council president Miyuki Shirogane clashes daily against vice-president Kaguya Shinomiya, each fighting tooth and nail to trick the other into confessing their romantic love. Kaguya struggles within the strict confines of her wealthy, uptight family, rebelling against her cold default demeanor as she warms to Shirogane and the rest of her friends.

Meanwhile, council treasurer Yuu Ishigami suffers under the weight of his hopeless crush on Tsubame Koyasu, a popular upperclassman who helps to instill a new confidence in him. Miko Iino, the newest student council member, grows closer to the rule-breaking Ishigami while striving to overcome her own authoritarian moral code.

As love further blooms at Shuchiin Academy, the student council officers drag their outsider friends into increasingly comedic conflicts.

(Source: MAL Rewrite)

Note: The first episode had an advanced screening on April 2, in both New York & Los Angeles.",2022,https://anilist.co/anime/125367,anilist,anilist:125367
The Pet Girl of Sakurasou,,anime,,,7.8,249344.0,,,Sakurasou no Pet na Kanojo,"comedy, drama, romance, slice of life","The first time he saw her, it was love at first sight. Unfortunately for Sorata Kanda, ""she"" was a cat named Hikari and his school's rules forbid keeping pets in the regular dorms. As a result, Sorata is banished to the infamous Sakura Hall alongside other troublesome and unusual students like Jin, overzealous playboy, Ryuunosuke, the reclusive hermit, and Mashiro, a brilliant artist who's so unfocused and clueless about the real world that dorm supervisor Ms. Sengoku assigns Sorata the task of taking care of her along with his ever-growing collection of stray cats!

(Source: Sentai Filmworks) ",2012,https://anilist.co/anime/13759,anilist,anilist:13759
K-ON!,,anime,,,7.8,247991.0,,,K-ON!,"comedy, music, slice of life","Hirasawa Yui, a young, carefree girl entering high school, has her imagination instantly captured when she sees a poster advertising the ‘Light Music Club’. Being the carefree girl that she is, she quickly signs up. However, Yui has a problem, she is unable to play an instrument.
When Yui goes to the clubroom to explain, she's greeted by the other members: Ritsu, Mio and Tsumugi. Although disheartened at Yui’s lack of musical know-how, they still try to convince her to stay to prevent the club’s disbandment. After playing Yui a short piece which re-ignites her imagination, they succeed in keeping their new member and guitarist.
Along with the tasks of school and homework, Yui begins to learn the guitar with the help of the other band members, experiencing many mishaps along the way. However, with the school-festival drawing near and Yui getting stuck with her practice, will the Light Music Club be ready in time for their debut?
(Source: MAL Rewrite)",2009,https://anilist.co/anime/5680,anilist,anilist:5680
My Neighbor Totoro,,anime,,,8.0,247525.0,,,Tonari no Totoro,"adventure, fantasy, slice of life, supernatural","Follow the adventures of Satsuki and her four-year-old sister Mei when they move into a new home in the countryside. To their delight they discover that their new neighbor is a mysterious forest spirit called Totoro who can be seen only through the eyes of a child. Totoro introduces them to extraordinary characters, including a cat that doubles as a bus, takes them on a journey through the wonders of nature. 
(Source: Disney) ",1988,https://anilist.co/anime/523,anilist,anilist:523
Samurai Champloo,,anime,,,8.4,246650.0,,,Samurai Champloo,"action, adventure, comedy","Let's break it down. Mugen's a reckless sword-slinger with a style that's more b-boy than Shaolin. He's got a nasty streak that makes people want to stick a knife in his throat. Then there's Jin, a deadbeat ronin who speaks softly but carries a big blade. He runs game old-school style, but he can make your blood spray with the quickness. When these roughnecks bring the ruckus, it ain't good for anybody, especially them. Enter Fuu, the ditzy waitress who springs her new friends from a deadly jam. All she wants in return is help solving a riddle from her past. She and the boys are tracking the scent, but there's 99 ways to die between them and the sunflower samurai.

(Source: Funimation)",2004,https://anilist.co/anime/205,anilist,anilist:205
The Eminence in Shadow,,anime,,,8.1,244859.0,,,Kage no Jitsuryokusha ni Naritakute!,"action, comedy, fantasy","Some people just aren’t suited to playing the part of the flashy, in-your-face hero or the dastardly, mustache-twirling villain with larger-than-life panache. Instead, they operate in the shadows and pull the strings of society through wit and cleverness. That’s the role Cid wants to play when he’s transported to another world. Cid spins a yarn or three and becomes the unlikely leader of the underground Shadow Garden organization that fights against a menacing cult (which he totally made up). However, there’s a catch even his wild imagination didn’t see coming: the cult he concocted actually exists, and they’re beyond displeased that his power fantasy just got in the way of their evil plans!

(Source: HIDIVE)",2022,https://anilist.co/anime/130298,anilist,anilist:130298
Elfen Lied,,anime,,,6.8,244028.0,,,Elfen Lied,"action, drama, ecchi, horror, psychological, romance, supernatural","The Diclonius, a mutated homosapien that is said to be selected by God and will eventually become the destruction of mankind, possess two horns on their heads and have a ""sixth sense"" which gives them telekinetic abilities. Due to this dangerous power, they have been captured and isolated in laboratories by the government. Lucy, a young and psychotic Diclonius, manages to break free of her confines and brutally murders most of the guards in the laboratory where she is being held, only to be shot in the head as she makes her escape. She survives, falling off a cliff into the ocean and manages to drift along to a beach where two teenagers, Kouta and Yuka, discover her. Having lost her memories, she was named after the only thing that she can now say, ""Nyuu,"" and the two allow her to stay at Kouta's home. However, it appears that the psychotic side of Lucy is not dead just yet... 
(Source: ANN - Revised)",2004,https://anilist.co/anime/226,anilist,anilist:226
My Teen Romantic Comedy SNAFU TOO!,,anime,,,8.1,243503.0,,,Yahari Ore no Seishun Love Come wa Machigatteiru. Zoku,"comedy, drama, romance, slice of life","The second season of Yahari Ore no Seishun Love Come wa Machigatteiru.

Yahari Ore no Seishun Love Comedy wa Machigatteiru. Zoku picks up immediately after the events of the first season, continuing the adventures of the Volunteer Service Club—the dispassionate Hachiman Hikigaya, the cheerful Yui Yuigahama, and the competitive Yukino Yukinoshita—as it dedicates itself to helping any student with issues that they may face.

With the rift among his own group widening, Hachiman begins to realize that his knack for quickly getting to the root of other people's troubles is a double-edged sword: sometimes the best solution is not necessarily the most appropriate one.

(Source: MAL Rewrite)",2015,https://anilist.co/anime/20698,anilist,anilist:20698
Nisekoi,,anime,,,7.3,241166.0,,,Nisekoi,"comedy, romance, slice of life","As a child, Raku Ichijo made a secret promise with his childhood sweetheart, keeping a pendant as a memento while his love took the key. He dreams of one day meeting his past love, but years later, reality smashes his hopes when Chitoge Kirisaki accidentally knees him in the face...
Though Raku's a normal high schooler, his family heads the notorious yakuza gang the Shuei-Gumi faction! And he's dragged into family affairs when he's forced into a relationship with Chitoge, the daughter of a rival gang's boss!
Despite their constant spats, the two somehow fool everyone with their false relationship. Raku then discovers that Chitoge has a mysterious key from her past, which she can't remember... Plus, two other girls appear with keys as well—Kosaki Onodera and Marika Tachibana!
Caught in the midst of this love maelstrom, even more complications arise for Raku when his class decides on Romeo and Juliet as the class's play for the school festival. Can the two false lovebirds pull off the impossible and make the play a success?
(Source: Viz Media)",2014,https://anilist.co/anime/18897,anilist,anilist:18897
Food Wars! The Second Plate,,anime,,,7.9,238543.0,,,Shokugeki no Souma: Ni no Sara,"comedy, ecchi","The second season of Shokugeki no Souma.

At the Totsuki Culinary Academy, the first rule is survival of the fittest, and if you don't have what it takes to become a master chef, you need to get out of the kitchen before you get burned. With the wheat of first-year students separated from the chaff, cocky former diner cook Yukihira Souma is one of the handful of kitchen whizzes still standing. As the next round of the Autumn Elections gets underway, can he survive a brutal bento boxing match with the chemistry-obsessed granddaughter of the Academy's director? And which of the other contenders; Megumi, Ryou, Akira, Hisako, Takumi or sinister dark-horse Subaru; will advance to fight for the gold medal?

(Source: Sentai Filmworks))",2016,https://anilist.co/anime/21518,anilist,anilist:21518
"DON'T TOY WITH ME, MISS NAGATORO",,anime,,,6.9,237273.0,,,"Ijiranaide, Nagatoro-san","comedy, romance, slice of life","""A girl in a lower grade just made me cry!""

One day, Senpai visits the library after school and becomes the target of a super sadistic junior! The name of the girl who teases, torments, and tantalizes Senpai is ""Nagatoro!"" She's annoying yet adorable. It's painful, but you still want to be by her side. This is a story about an extremely sadistic and temperamental girl and you'll feel something awaken inside of you.

(Source: Crunchyroll)",2021,https://anilist.co/anime/120697,anilist,anilist:120697
Fate/stay night: Unlimited Blade Works,,anime,,,8.0,236493.0,,,Fate/stay night: Unlimited Blade Works,"action, fantasy, supernatural","Fuyuki City - a city surrounded by the sea and mountains becomes the setting for an ancient ritual. Seven masters are given control of heroic spirits in order to realize the mythical Holy Grail, which is said to grant its owner any wish. These heroic spirits or servants represent legendary heroes of various classes: ""Saber,"" ""Lancer,"" ""Archer,"" ""Rider,"" ""Caster,"" ""Assassin,"" and ""Berserker."" Each master will enter into a contract with their chosen servant and battle the others to the death until only one pair remains... This is the ""Holy Grail War.""

The young and capable mage, Rin Tohsaka, prepares for her long-awaited Fifth Holy Grail War to begin... With her servant Archer, Rin enters the Holy Grail War as the sole heir to the prestigious Tohsaka family after her father's death. But when Shirou Emiya, a boy from Rin's school, unwittingly becomes a Master and is fatally wounded in battle, she has no choice but to save him. With Shirou and his servant Saber, Rin sets out to strike down the conspiracies surrounding the Holy Grail War. Will the Holy Grail bless Rin and Shirou's path toward victory or will they be cursed with defeat?

(Source: Aniplex of America)

Notes:
- Includes Prologue.
- The first, second and last episodes aired with a runtime of ~48 minutes as opposed to the standard 24 minute long episode.
",2014,https://anilist.co/anime/19603,anilist,anilist:19603
Fullmetal Alchemist,,anime,,,7.9,234992.0,,,Hagane no Renkinjutsushi,"action, adventure, drama, fantasy","The rules of alchemy state that to gain something, one must lose something of equal value. Alchemy is the process of taking apart and reconstructing an object into a different entity, with the rules of alchemy to govern this procedure. However, there exists an object that can bring any alchemist above these rules, the object known as the Philosopher's Stone. The young Edward Elric is a particularly talented alchemist who through an accident years back lost his younger brother Alphonse and one of his legs. Sacrificing one of his arms as well, he used alchemy to bind his brother's soul to a suit of armor. This lead to the beginning of their journey to restore their bodies, in search for the legendary Philosopher's Stone.

Note: Episodes 11, 12 and 37 were adapted from the light novel ""Fullmetal Alchemist: The Land of Sand.""",2003,https://anilist.co/anime/121,anilist,anilist:121
Overlord II,,anime,,,7.6,234431.0,,,Overlord II,"action, adventure, fantasy","The second season of Overlord.
Continuing his quest to rule this new world, Ains begins to put the pieces in place for his conquest. But between a Lizard Man tribe uprising, and performing missions as adamantite adventurer Lord Momon, Ains has his work cut out for him! Thankfully he has his most loyal and willing subordinates to do his bidding. Nothing and no one can stop the supreme and mighty Overlord in his quest to rule all!
(Source: Manga Entertainment)",2018,https://anilist.co/anime/98437,anilist,anilist:98437
BEASTARS,,anime,,,7.7,233823.0,,,BEASTARS,"drama, mystery, psychological, romance, slice of life","In a world populated by anthropomorphic animals, herbivores and carnivores coexist with each other. For the adolescents of Cherryton Academy, school life is filled with hope, romance, distrust, and uneasiness.
The main character is Legoshi the wolf, a member of the drama club. Despite his menacing appearance, he has a very gentle heart. Throughout most of his life, he has always been an object of fear and hatred by other animals, and he’s been quite accustomed to that lifestyle. But soon, he finds himself becoming more involved with his fellow classmates who have their own share of insecurities and finds his life in school changing slowly.
(Source: moetron)",2019,https://anilist.co/anime/107660,anilist,anilist:107660
Black Butler,,anime,,,7.2,233498.0,,,Kuroshitsuji,"action, comedy, fantasy, mystery, supernatural","In Victorian-era Europe, a young boy loses everything he once held near and dear to a vicious plot. In his moment of death, he strikes a deal with a demon: his soul, in exchange for revenge. Ciel Phantomhive is now the head of the Phantomhive corporation, handling all business affairs as well as the underground work for the Queen of England. His new partner is a demon butler, Sebastian Michaelis, whose powers as a butler is only surpassed by his strength as a demon.
The story follows the two along with their other servants, as they work to unravel the plot behind Ciel's parents' murder, and the horrendous tragedies that befell Ciel in the month directly after.",2008,https://anilist.co/anime/4898,anilist,anilist:4898
The Apothecary Diaries,,anime,,,8.8,232372.0,,,Kusuriya no Hitorigoto,"drama, mystery","Maomao lived a peaceful life with her apothecary father. Until one day, she’s sold as a lowly servant to the emperor’s palace. But she wasn’t meant for a compliant life among royalty. So when imperial heirs fall ill, she decides to step in and find a cure! This catches the eye of Jinshi, a handsome palace official who promotes her. Now, she’s making a name for herself solving medical mysteries!

(Source: Crunchyroll)",2023,https://anilist.co/anime/161645,anilist,anilist:161645
My Little Monster,,anime,,,7.2,232035.0,,,Tonari no Kaibutsu-kun,"comedy, romance, slice of life","Standoffish, reclusive Shizuku Mizutani cares far more about earning stellar grades than cultivating friendships. But her opinions on friendship and relationships begin to change when she meets habitual truant Haru Yoshida, who happens to have a rather fearsome reputation. Like Shizuku, Haru’s reputation has made it difficult to make friends. And yet through their budding friendship and stirrings of attraction the unlikely pair learns to understand one another, the world around them, and the tenor of their own emotions.

(Source: Sentai Filmworks)",2012,https://anilist.co/anime/14227,anilist,anilist:14227
Golden Time,,anime,,,7.5,231572.0,,,Golden Time,"drama, romance","Due to a tragic accident, Banri Tada is struck with amnesia, dissolving the memories of his hometown and past. However, after befriending Mitsuo Yanagisawa, he decides to move on and begin a new life at law school in Tokyo. But just as he is beginning to adjust to his college life, the beautiful Kouko Kaga dramatically barges into Banri's life, and their chance meeting marks the beginning of an unforgettable year.

After having a glimpse of college life, Banri learns that he is in a new place and a new world—a place where he can be reborn, to have new friends, fall in love, makes mistakes and grow. And as he begins to discover who he was, the path he has chosen leads him towards a blindingly bright life that he will never want to forget.
",2013,https://anilist.co/anime/17895,anilist,anilist:17895
MASHLE: MAGIC AND MUSCLES,,anime,,,7.6,230741.0,,,MASHLE,"action, comedy, fantasy","This is a world of magic. This is a world in which magic is casually used by everyone.
In a deep, dark forest in this world of magic, there is a boy who is singlemindedly working out. His name is Mash Burnedead, and he has a secret. He can’t use magic. 
All he wanted was to live a quiet life with his family, but people suddenly start trying to kill him one day and he somehow finds himself enrolled in Magic School. There, he sets his sights on becoming a “Divine Visionary,” the elite of the elite.  Will his ripped muscles work against the best and brightest of the wizarding world? The curtain rises on this off-kilter magical fantasy in which the power of being jacked crushes any spell!

(Source: Crunchyroll)",2023,https://anilist.co/anime/151801,anilist,anilist:151801
Saga of Tanya the Evil,,anime,,,7.7,230559.0,,,Youjo Senki,"action, fantasy","The novel series centers on a young girl who fights on the frontlines in war. She has blonde hair, blue eyes, and nearly transparent white skin, and she flies through the air and mercilessly strikes down her opponents. Her name is Tanya Degurechaff, and she speaks with a young girl's lisp and commands the army. Tanya used to be one of Japan's elite office workers, but because of a wrathful god, was reborn as a little girl. Tanya prioritizes optimization and career advancement above all, and she will become the most dangerous entity among the Imperial Army's sorcerers.

(Source: Anime News Network)",2017,https://anilist.co/anime/21613,anilist,anilist:21613
The Misfit of Demon King Academy: History’s Strongest Demon King Reincarnates and Goes to School with His Descendants,,anime,,,7.2,230500.0,,,"Maou Gakuin no Futekigousha: Shijou Saikyou no Maou no Shiso, Tensei shite Shison-tachi no Gakkou e Kayou","action, comedy, fantasy","Anos, the Demon King of Tyranny, has defeated humans, spirits, and gods alike. But even demon kings get tired of all the fighting sometimes! Hoping for a more peaceful life, Anos decides to reincarnate himself. When he wakes two thousand years later, though, he finds the world has become too peaceful--his descendants have grown weak and magic is in serious decline. Intending to reclaim his rightful place, he enrolls in Demon King Academy, where he finds that his magical power is off the charts. Literally. And because they can't measure his power, the faculty and other students regard Anos as a misfit. With the support of Misha, the one student he manages to befriend, the misfit (Demon King) begins his climb up the demon ranks!

(Source: Square Enix Manga & Books)",2020,https://anilist.co/anime/112301,anilist,anilist:112301
The Irregular at Magic High School,,anime,,,7.0,230170.0,,,Mahouka Koukou no Rettousei,"action, romance, sci-fi, supernatural","Magic is a product of neither legends nor fairy tales, but instead has become a technology of reality since a time unknown to people. Supernatural power became a technology systematized through magic, while magic became a technical skill. A ""Supernatural Power User"" became a ""Magic Technician."" Magic Technicians (in short, Magicians) are nurtured through Magic High Schools and Universities.

This is a story about: 

Tatsuya, a defective elder brother low achiever.
Miyuki, a perfect, flawless younger sister high achiever.
After both siblings entered a Magic High School,
The stage of daily turbulence was unveiled—.",2014,https://anilist.co/anime/20458,anilist,anilist:20458
Plastic Memories,,anime,,,7.7,229356.0,,,Plastic Memories,"drama, romance, sci-fi, slice of life","This story takes place in a future not too far away when androids that look exactly like humans begin to spread across the world. The android production company SA Corp. produced Giftia, a new kind of android that has the most amount of emotion and human-like qualities out of any other model ever seen. However, due to problems in technology, the androids have a service life, and once they pass that, they... Well, it gets pretty bad. For this reason, SA Corp. creates a terminal service in order to retrieve Giftia that have gone past their service life. A new employee at the terminal service named Tsukasa Mizugaki forms a team with the Giftia Isla to retrieve the other androids, but...

(Source: Anime News Network)",2015,https://anilist.co/anime/20872,anilist,anilist:20872
HAIKYU!! TO THE TOP Part 2,,anime,,,8.5,228967.0,,,Haikyuu!! TO THE TOP 2,"comedy, drama, sports","The second half of Haikyuu!! 4th season kicks-off where the first part ended. Karasuno High won their first match of The Spring Nationals against Tsubakihara Academy. Karasuno High is excited to be back in the Spring Nationals after many years of not making it, so can they handle the pressure of playing against the best teams in Japan? Will they make it to the top? ",2020,https://anilist.co/anime/113538,anilist,anilist:113538
Ouran High School Host Club,,anime,,,8.0,228155.0,,,Ouran Koukou Host Club,"comedy, drama, romance, slice of life","Fujioka Haruhi wins a scholarship to attend Ouran Academy, a school reserved for only the most rich and prestigious. Despite what other students may think of her, she cares little for physical appearances or the fact that she is a commoner.
Unfortunately for Haruhi, her high school days take a sudden turn when she stumbles upon the Host Club, an elite club filled with super rich and beautiful boys who use their specific traits and charms to entertain young ladies. Even worse, Haruhi accidentally breaks an 8-million yen vase in the club. Since she is unable to repay her debt with money, Haruhi finds herself with no choice but to work for the Host Club, becoming a male host herself.",2006,https://anilist.co/anime/853,anilist,anilist:853
Dragon Ball Z,,anime,,,8.0,227463.0,,,Dragon Ball Z,"action, adventure, comedy, fantasy, supernatural","Goku is back with his new son, Gohan, but just when things are getting settled down, the adventures continue. Whether he is facing enemies such as Freeza, Cell, or Boo, Goku is proven to be an elite of his own and discovers his race, Saiyan. He meets many new people, gaining allies as well as enemies, as he still finds time to raise a family and be the happy-go-lucky Saiyan he is.
(Source: Anime News Network)",1989,https://anilist.co/anime/813,anilist,anilist:813
ReLIFE,,anime,,,7.8,226213.0,,,ReLIFE,"comedy, drama, romance, slice of life","The story follows Kaizaki Arata, a 27-year-old jobless man, who fails at every job interview he had after quitting his last company. His life changes after he met Yoake Ryou of the ReLife Research Institute, who offered him a drug that can change his appearance to 17-years-old and to become a subject in an experiment for one year. Thus, he begins his life as a high school student once more.
",2016,https://anilist.co/anime/21049,anilist,anilist:21049
Solo Leveling Season 2 -Arise from the Shadow-,,anime,,,8.6,226198.0,,,Ore dake Level Up na Ken: Season 2 - Arise from the Shadow,"action, adventure, fantasy","The second season of Solo Leveling.
Mastering his new abilities in secret, Jin-U must battle humanity's toughest foes to save his mother.

(Source: Crunchyroll News)",2025,https://anilist.co/anime/176496,anilist,anilist:176496
Rascal Does Not Dream of a Dreaming Girl,,anime,,,8.4,226014.0,,,Seishun Buta Yarou wa Yumemiru Shoujo no Yume wo Minai,"drama, psychological, romance, supernatural","In Fujisawa, where the skies are bright and the seas glisten, Sakuta Azusagawa is in his second year of high school. His blissful days with his girlfriend and upperclassman, Mai Sakurajima, are interrupted with the appearance of his first crush, Shouko Makinohara. For reasons unknown, he encounters two Shouko's: one in middle school and another who has become an adult.


As Sakuta finds himself helplessly living with the Shouko's, the adult Shouko leads him around by the nose, causing a huge rift in his relationship with Mai.


In the midst of all of this, he discovers that the middle school Shouko is suffering from a grave illness and his scar begins to throb...


(Source: Aniplex USA)",2019,https://anilist.co/anime/104157,anilist,anilist:104157
That Time I Got Reincarnated as a Slime Season 2 Part 2,,anime,,,8.2,225664.0,,,Tensei Shitara Slime Datta Ken 2nd Season Part 2,"action, adventure, comedy, fantasy","The second cour of Tensei Shitara Slime Datta Ken 2nd Season.

The nation of Tempest is in a festive mood after successfully overcoming the surprise attack from the Falmuth Army and the Western Holy Church. Beyond the festivities lies a meeting between Tempest and its allies to decide the future of the Nation of Monsters. The aftermath of the Falmuth invasion, Milim Nava's suspicious behavior, and the disappearance of Demon Lord Carrion—the problems seem to keep on piling up.

Rimuru Tempest, now awakened as a ""True Demon Lord,"" decides to go on the offensive against Clayman. With the fully revived ""Storm Dragon"" Veldora, ""Ultimate Skill"" Raphael, and other powerful comrades, the ruler of the Tempest is confident in taking down his enemies one by one until he can face the man pulling the strings.",2021,https://anilist.co/anime/116742,anilist,anilist:116742
Deadman Wonderland,,anime,,,6.7,225171.0,,,Deadman Wonderland,"action, drama, sci-fi, supernatural","Ganta is the only survivor after a mysterious man in red slaughters a classroom full of teenagers. He's framed for the carnage, sentenced to die, and locked away in the most twisted prison ever built: Deadman Wonderland. And then it gets worse. 
At Deadman Wonderland, convicts are forced into brutal deathmatches for the amusement of the masses, the cheers of the crowd drowning out the screams of the dismembered. Even when Ganta befriends Shiro, an unusual female inmate, his dark fate crushes all hope &mdash;until he discovers the strange ability to wield his spilled blood as a weapon. Ganta learns his new skill might be related to the murderous man in red and uncovers disturbing secrets that could expose those who stole his freedom. He's determined to see justice served &mdash;but first he'll have to fight for his life in a prison that holds a million ways to die. 
(Source: FUNimation) ",2011,https://anilist.co/anime/6880,anilist,anilist:6880
The Garden of Words,,anime,,,7.5,223747.0,,,Kotonoha no Niwa,"drama, psychological, romance, slice of life","Some people revel and play in the rain; others dread it and hide at the first drop. For high school student Takao, a summer shower is a source of artistic inspiration… but when he skips school in order to sketch in a rainy garden, Takao finds an even greater muse in Yukino, an older woman who seems adrift in the world. Despite the difference in their ages and lives, they strike up a comfortable relationship that slowly evolves as they randomly meet in the same garden whenever it rains. But with the rainy season coming to a close, Takao wonders if there's enough time left to put his feelings into actions and words.
(Source: Sentai Filmworks)",2013,https://anilist.co/anime/16782,anilist,anilist:16782
Call of the Night,,anime,,,7.9,223546.0,,,Yofukashi no Uta,"comedy, psychological, romance, slice of life, supernatural","Wracked by insomnia and wanderlust, Kou Yamori is driven onto the moonlit streets every night in an aimless search for something he can’t seem to name. His nightly ritual is marked by purposeless introspection — until he meets Nazuna, who might just be a vampire! Kou’s new companion could offer him dark gifts and a vampire’s immortality. But there are conditions that must be met before Kou can sink his teeth into vampirism, and he’ll have to discover just how far he’s willing to go to satisfy his desires before he can heed the Call of the Night!

(Source: Sentai Filmworks)",2022,https://anilist.co/anime/141391,anilist,anilist:141391
5 Centimeters per Second,,anime,,,7.1,223208.0,,,Byousoku 5 Centimeter,"drama, romance, slice of life","Tohno Takaki and Shinohara Akari, two very close friends and classmates, are torn apart when Akari's family is transferred to another region of Japan due to her family's job. Despite separation, they continue to keep in touch through mail. When Takaki finds out that his family is also moving, he decides to meet with Akari one last time.
As years pass by, they continue down their own paths, their distance slowly growing wider and their contact with one another fades. Yet, they keep remembering one another and the times they have shared together, wondering if they will have the chance to meet once again.
",2007,https://anilist.co/anime/1689,anilist,anilist:1689
Mob Psycho 100 III,,anime,,,8.7,221717.0,,,Mob Psycho 100 III,"action, comedy, drama, psychological, slice of life, supernatural","The third season of Mob Psycho 100. 
The appearance of a divine tree and new religion turns Mob and Reigen's city upside down!
(Source: Crunchyroll)
",2022,https://anilist.co/anime/140439,anilist,anilist:140439
Fate/Zero Season 2,,anime,,,8.4,221049.0,,,Fate/Zero 2nd Season,"action, drama, fantasy, supernatural","As the Fourth Holy Grail War rages on with no clear victor in sight, the remaining Servants and their Masters are called upon by Church supervisor Risei Kotomine, in order to band together and confront an impending threat that could unravel the Grail War and bring about the destruction of Fuyuki City. The uneasy truce soon collapses as Masters demonstrate that they will do anything in their power, no matter how despicable, to win.

Seeds of doubt are sown between Kiritsugu Emiya and Saber, his Servant, as their conflicting ideologies on heroism and chivalry clash. Meanwhile, an ominous bond forms between Kirei Kotomine, who still seeks to find his purpose in life, and one of the remaining Servants. As the countdown to the end of the war reaches zero, the cost of winning begins to blur the line between victory and defeat.

(Source: MAL Rewrite)",2012,https://anilist.co/anime/11741,anilist,anilist:11741
Neon Genesis Evangelion: The End of Evangelion,,anime,,,8.5,219927.0,,,"Shin Seiki Evangelion Movie: Air / Magokoro wo, Kimi ni","action, drama, mecha, psychological, sci-fi","NERV faces a brutal attack from SEELE, but with Asuka in a coma, and Shinji in a nervous breakdown, things soon turn into the surreal. This movie provides a concurrent ending to the final two episodes of the show Neon Genesis Evangelion.

(Source: IMDb)",1997,https://anilist.co/anime/32,anilist,anilist:32
Vinland Saga Season 2,,anime,,,8.8,219722.0,,,VINLAND SAGA SEASON 2,"action, adventure, drama","The second season of Vinland Saga. 
After his father's death and the destruction of his village at the hands of English raiders, Einar wishes for a peaceful life with his family on their newly rebuilt farms. However, fate has other plans: his village is invaded once again. Einar watches helplessly as the marauding Danes burn his lands and slaughter his family. The invaders capture Einar and take him back to Denmark as a slave.

Einar clings to his mother's final words to survive. He is purchased by Ketil, a kind slave owner and landlord who promises that Einar can regain his freedom in return for working in the fields. Soon, Einar encounters his new partner in farm cultivation—Thorfinn, a dejected and melancholic slave. As Einar and Thorfinn work together toward their freedom, they are haunted by both sins of the past and the ploys of the present. Yet they carry on, grasping for a glimmer of hope, redemption, and peace in a world that is nothing but unjust and unforgiving.

(Source: MAL Rewrite)",2023,https://anilist.co/anime/136430,anilist,anilist:136430
Kaiju No. 8,,anime,,,8.2,219586.0,,,Kaijuu 8-gou,"action, sci-fi","With the highest kaiju-emergence rates in the world, Japan is no stranger to attack by deadly monsters. Enter the Japan Defense Force, a military organization tasked with the neutralization of kaiju. Kafka Hibino, a kaiju-corpse cleanup man, has always dreamed of joining the force. But when he gets another shot at achieving his childhood dream, he undergoes an unexpected transformation. How can he fight kaiju now that he’s become one himself?!

(Source: VIZ Media)",2024,https://anilist.co/anime/153288,anilist,anilist:153288
The Ancient Magus' Bride,,anime,,,7.8,218773.0,,,Mahoutsukai no Yome,"drama, fantasy, romance, slice of life, supernatural","Chise Hatori has lived a life full of neglect and abuse, devoid of anything resembling love. Far from the warmth of family, she has had her share of troubles and pitfalls. Just when all hope seems lost, a fateful encounter awaits her. When a man with the head of a beast, wielding strange powers, obtains her through a slave auction, Chise's life will never be the same again.

(Source: Seven Seas Entertainment)",2017,https://anilist.co/anime/98436,anilist,anilist:98436
Kakegurui xx,,anime,,,7.0,218681.0,,,Kakegurui ××,"drama, mystery, psychological","At Hyakkao Private Academy, Yumeko Jabami’s star rises just as the student council’s reputation starts to dim. In the shadows of the council’s dwindling power, discord reigns supreme. In a bold effort to rebalance the social scales, student council president Kirari Momobami intends to place her bet on the election for the council’s next president. Everyone starts with a single chip, and at the end of 30 days, the whoever holds the most becomes the president of the Momobami Clan. But chips aren’t the only things students can wager as they fight tooth and nail to ascend to the council presidency, and Yumeko Jabami intends to clean house no matter the prizes she must risk in the betting pool.

(Source: Sentai Filmworks)",2019,https://anilist.co/anime/100876,anilist,anilist:100876
My Hero Academia Season 6,,anime,,,8.2,218583.0,,,Boku no Hero Academia 6,"action, adventure","With Tomura Shigaraki at its helm, the former Liberation Army is now known as the Paranormal Liberation Front. This organized criminal group poses an immense threat to the Hero Association, not only because of its sheer size and strength, but also the overpowering quirks of Jin ""Twice"" Bubaigawara and Gigantomachia.

As new intel from the covert hero Keigo ""Hawks"" Takami confirms that Shigaraki is nowhere to be seen, the Hero Association decides to strike the enemy headquarters with a surprise attack using the entirety of its assets—and the UA students find themselves on the battlefield once again. As the fight rages on, the unsuspecting villains must regroup and push back, but the brave heroes are determined to eradicate every last one of them.

(Source: MAL Rewrite)",2022,https://anilist.co/anime/139630,anilist,anilist:139630
Black Lagoon,,anime,,,7.8,218053.0,,,BLACK LAGOON,"action, adventure, drama, thriller","Okajima Rokuro is a Japanese businessman in a town full of Japanese businessmen. His normal day consists of social drinking with clients and being kicked around by his bosses. He finally gets a break though, as he's sent by his company to the tropical seas of Eastern China to deliver a disc. But his boat gets hijacked by a band of mercenaries hired to retrieve the disc. Rock (as he is newly dubbed by his captors) catches the interest of the only female merc Revy as she thinks he's worth a ransom, taking him hostage. However, the disc that was stolen has a terrible secret that's unknown to Rock, which causes massive confusion and chaos for both him and his kidnappers.",2006,https://anilist.co/anime/889,anilist,anilist:889
Blue Spring Ride,,anime,,,7.5,217954.0,,,Ao Haru Ride,"drama, romance, slice of life","Yoshioka Futaba has a few reasons why she wants to ""reset"" her image & life as a new high school student. Because she's cute, she was ostracized by her female friends in junior high, and because of a misunderstanding, she couldn't get her feeling across to the one boy she has ever liked, Tanaka-kun.

Now in high school, she is determined to be as unladylike as possible so that her friends won't be jealous of her. While living her life this way contentedly, she meets Tanaka-kun again, but he now goes under the name of Mabuchi Kou. He tells her that he felt the same way as she did when they were younger, but now things can never be the same again. Will Futaba be able to continue her love that never even started from three years ago?
",2014,https://anilist.co/anime/20596,anilist,anilist:20596
Guilty Crown,,anime,,,6.9,217842.0,,,Guilty Crown,"action, drama, mecha, psychological, romance, sci-fi","Shuu's entire world was shattered after a meteorite crashed into Japan, unleashing the lethal Apocalypse Virus. The chaos and anarchy born of the outbreak cost Shuu his family and reduced him to a timid, fearful shell of the boy he'd once been. His life took another unexpected turn after a chance encounter with the stunning pop star, Inori. This mysterious beauty introduced Shuu to the King's Right Hand: a genetic mutation that allows him to reach into hearts of mortals and turn them into weapons.

Shuu finds himself caught in the crossfire between those who desperately seek his newfound strength. On one side lurks a clandestine government agency, and on the other, Inori and the spirited band of rebels known as Funeral Parlor. The choice is Shuu's to make - and the world is his to change.

(Source: Funimation)",2011,https://anilist.co/anime/10793,anilist,anilist:10793
Prison School,,anime,,,7.3,217819.0,,,Prison School,"comedy, ecchi","Hachimitsu Private Academy was a revered and elite all-girls' boarding school on the outskirts of Tokyo...once upon a time. But with the new school year comes a revision to school policy: Boys are to be admitted into the student body for the first time ever. But on his first day at Hachimitsu, Kiyoshi Fujino discovers that he's one of only five boys enrolled at the school. Their numbers overwhelmed by the thousand girls in the student body, is it heaven or hell that awaits these five (un)fortunates?!.

(Source: Anime News Network)",2015,https://anilist.co/anime/20807,anilist,anilist:20807
Date A Live,,anime,,,6.8,217294.0,,,Date A Live,"action, comedy, ecchi, fantasy, mecha, romance, sci-fi","Thirty years before a strange phenomena called a ""spacequake"" devastated the center of Eurasia, claiming the lives of at least 150 million people. Since then, smaller spacequakes plague the world on an irregular basis. Shidou Itsuka, a seemingly ordinary high schooler comes across a mysterious girl at the ground zero of a spacequake and learns from his sister Kotori she is one of the ""Spirits"" who are the real cause of the spacequakes that occur when they manifest themselves in the world. He also learns that Kotori is the captain of the airship Ratatoskr and recruits him to make use of his mysterious ability to seal the Spirits' powers and stop them from being a threat to mankind. However, there is a catch: to seal a Spirit, he must make her fall in love with him.

(Source: Anime News Network)",2013,https://anilist.co/anime/15583,anilist,anilist:15583
Bungo Stray Dogs 2,,anime,,,8.1,216940.0,,,Bungou Stray Dogs 2nd Season,"action, comedy, mystery, supernatural","The second season of Bungou Stray Dogs.

Despite their differences in position, three men—the youngest senior executive of the Port Mafia, Osamu Dazai, the lowest ranking member, Sakunosuke Oda, and the intelligence agent, Angou Sakaguchi—gather at the Lupin Bar at the end of the day to relax and take delight in the company of friends.

However, one night, Angou disappears. A photograph taken at the bar is all that is left of the three together.

Fast forward to the present, and Dazai is now a member of the Armed Detective Agency. The Guild, an American gifted organization, has entered the fray and is intent on taking the Agency's work permit. They must now divide their attention between the two groups, the Guild and the Port Mafia, who oppose their very existence.",2016,https://anilist.co/anime/21679,anilist,anilist:21679
Overlord III,,anime,,,7.7,216832.0,,,Overlord III,"action, adventure, fantasy","The third season of Overlord.

With his foundations now set in this new world, the first steps of Ains Ooal Gown's master plan apparent begin to come to fruition. The value of Carne village and especially the political value of his alter ego Momon are reaffirmed; the “hidden” genius of his actions is continuously met with shock and awe by Demiurge, Albedo, the rest of his guardians, and even Ains himself at his “great wisdom.” His attempts to act in a way befitting the ruler of Nazarick, continuing to further cement his guardian’s loyalty, push him ever further down the path of not-so-intentional world domination. Without human conscience due to being undead, he is motivated only to continue searching for other players from Yggdrasil and to gain power to better protect the children and home of him and his forty former companions. Lord Ains Ooal Gown maintains his mantle of Overlord and leads the Great Tomb of Nazarick unto the world stage, directly into a vicious power struggle between two great empires.
(Source: Anime News Network)",2018,https://anilist.co/anime/101474,anilist,anilist:101474
Is It Wrong to Try to Pick Up Girls in a Dungeon? II,,anime,,,7.1,216281.0,,,Dungeon ni Deai wo Motomeru no wa Machigatteiru Darou ka II,"action, adventure, comedy, fantasy, romance","The second season of Dungeon ni Deai wo Motomeru no wa Machigatteiru Darou ka.

There's rarely a dull moment when you're the champion of a tiny Familia, and things only get rougher for Bell when the God Apollo declares war on Hestia and her followers. With Apollo's Familia able to field a hundred times as many men, Hestia will have to work a lot of favors to keep her Familia from being completely destroyed.

Even if Bell and Hestia manage to pull off the impossible, a major debt that Hestia owes is about to come due and Lili's sordid past comes back to haunt her! Which means that when Bell and his friends come to Lili's aid, it sets into motion yet another impending clash of the titans that may destroy everything!

(Source: Sentai Filmworks)",2019,https://anilist.co/anime/101167,anilist,anilist:101167
Nichijou - My Ordinary Life,,anime,,,8.3,215939.0,,,Nichijou,"comedy, slice of life","Nichijou primarily focuses on the daily antics of a trio of childhood friends—high school girls Mio Naganohara, Yuuko Aioi and Mai Minakami—whose stories soon intertwine with the young genius Hakase Shinonome, her robot caretaker Nano, and their talking cat Sakamoto. With every passing day, the lives of these six, as well as of the many people around them, experience both the calms of normal life and the insanity of the absurd. Walking to school, being bitten by a talking crow, spending time with friends, and watching the principal suplex a deer: they are all in a day's work in the extraordinary everyday lives of those in Nichijou. 

[Written by MAL Rewrite]",2011,https://anilist.co/anime/10165,anilist,anilist:10165
Serial Experiments Lain,,anime,,,8.0,215910.0,,,serial experiments lain,"drama, mystery, psychological, sci-fi, supernatural","We're all connected... There is the world around us, a world of people, tactile sensation, and culture. There is the wired world, inside the computer, of images, personalities, virtual experiences, and a culture all of its own. The day after a classmate commits suicide, Lain, a 14-year-old girl, discovers how closely the two worlds are linked when she receives an e-mail from the dead girl: I just abandoned my body. I still live here...

Has the line between the real world and the wired world begun to blur?

(Source: Geneon Entertainment)",1998,https://anilist.co/anime/339,anilist,anilist:339
Toilet-bound Hanako-kun,,anime,,,7.7,215191.0,,,Jibaku Shounen Hanako-kun,"action, comedy, drama, mystery, supernatural","""Hanako-san, Hanako-san... are you there?""

At Kamome Academy, rumors abound about the school's Seven Mysteries, one of which is Hanako-san. Said to occupy the third stall of the third floor girls' bathroom in the old school building, Hanako-san grants any wish when summoned. Nene Yashiro, an occult-loving high school girl who dreams of romance, ventures into this haunted bathroom... but the Hanako-san she meets there is nothing like she imagined! Kamome Academy's Hanako-san... is a boy!

(Source: Yen Press)",2020,https://anilist.co/anime/108463,anilist,anilist:108463
BOCCHI THE ROCK!,,anime,,,8.7,215070.0,,,Bocchi the Rock!,"comedy, music, slice of life","Hitori Gotou, “Bocchi-chan,” is a girl who’s so introverted and shy around people that she’d always start her conversations with “Ah...”

During her middle school years, she started playing the guitar, wanting to join a band because she thought it could be an opportunity for even someone shy like her to also shine. But because she had no friends, she ended up practicing guitar for six hours every day all by herself. After becoming a skilled guitar player, she uploaded videos of herself playing the guitar to the internet under the name “Guitar Hero” and fantasized about performing at her school’s cultural festival concert. But not only could she not find any bandmates, before she knew it, she was in high school and still wasn’t able to make a single friend!

She was really close to becoming a shut-in, but one day, Nijika Ijichi, the drummer in Kessoku Band, reached out to her. And because of that, her everyday life started to change little by little...

(Source: Crunchyroll)",2022,https://anilist.co/anime/130003,anilist,anilist:130003
Kimi ni Todoke: From Me to You,,anime,,,7.9,213950.0,,,Kimi ni Todoke,"comedy, drama, romance, slice of life","Kuronuma Sawako is completely misunderstood by her classmates. Her timid and sweet demeanor is often mistaken for malicious behavior. This is due to her resemblance to the ghost girl from ""The Ring"", which has led her peers to give her the nickname Sadako. Longing to make friends and live a normal life, she is naturally drawn to Kazehaya Shouta, the most popular guy in class, whose ""100% refreshing"" personality earns him great admiration from Sawako. So when Kazehaya starts talking to her, maybe there is hope for the friendships Sawako has always longed for. Maybe...there is even a little hope for some romance in her future.
",2009,https://anilist.co/anime/6045,anilist,anilist:6045
SK8 the Infinity,,anime,,,7.9,213763.0,,,SK∞,"action, drama, sports","Reki, a high school sophomore and skater, is addicted to “S,” a highly secret and dangerous downhill skateboarding race that takes place in an abandoned mine. The skaters are especially wild about the “beefs,” or heated battles that erupt in the races.

Reki takes Langa, a transfer student returning to Japan after studying abroad, to the mine where the races are held. Langa, who has no skateboarding experience, finds himself pulled into the world of “S”...

(Source: Aniplex of America)

Note: On March 13, 2021 a recap episode (9.5) went on air, postponing the broadcast of the regular episodes by one week.",2021,https://anilist.co/anime/124153,anilist,anilist:124153
Log Horizon,,anime,,,7.6,213405.0,,,Log Horizon,"action, adventure, fantasy","The online fantasy game Elder Tales is a worldwide phenomenon, immersing millions of players in its intricately conceived virtual world. However, the release of the game's twelfth expansion pack makes that immersion all too literal, as players from around the world are suddenly pulled into the game's no-longer-fictional universe! Now, eight-year ET veteran Shiroe, his friend Naotsugu, the beautiful assassin Akatsuki, and 30,000 other players are faced with the daunting task of learning how to deal with an entirely new reality, one where the Non-Player Characters are actually alive, and the tips and tricks learned while playing with a keyboard no longer apply.
(Source: Sentai Filmworks)",2013,https://anilist.co/anime/17265,anilist,anilist:17265
The Rising of the Shield Hero Season 2,,anime,,,6.5,213380.0,,,Tate no Yuusha no Nariagari Season 2,"action, adventure, fantasy","The second season of Tate no Yuusha no Nariagari.

With another Wave happening in a week, Naofumi Iwatani and his party have no time to waste. However, when bat familiars raid Lurolona Village and the Wave countdown comes to a halt, the Four Cardinal Heroes reconvene with the queen, Mirelia Q Melromarc, for a quick briefing. The queen presumes that the odd occurrences are linked to the Spirit Tortoise—a threatening creature that has awakened from its slumber, back to cause havoc once again. A plan to put the Spirit Tortoise to rest is devised—but out of the four men, only the cursed Shield Hero agrees to help.

(Source: MAL Rewrite)",2022,https://anilist.co/anime/111321,anilist,anilist:111321
KONOSUBA -God's blessing on this wonderful world!- Legend of Crimson,,anime,,,8.2,213319.0,,,Kono Subarashii Sekai ni Shukufuku wo! Kurenai Densetsu,"action, adventure, comedy, ecchi, fantasy, supernatural","A video game-loving shut-in, Satou Kazuma's life should've ended when he was hit by a truck, but through a twist of fate, he ends up reincarnating in another world--and dragging the troublemaking goddess, Aqua, the wildly dorky mage, Megumin, and the unrelentingly delusional lady knight, Darkness, with him.

Now, the Crimson Demon village that Megumin and Yunyun are from is facing a threat that could mean its ending. Kazuma and his gang follow Yunyun, who returns to the Crimson Demon village intent on saving it... when they are faced with their greatest threat yet! What will become of the unremarkable adventurer Kazuma's life in another world?!

(Source: Crunchyroll)",2019,https://anilist.co/anime/102976,anilist,anilist:102976
TONIKAWA: Over The Moon For You,,anime,,,7.7,212603.0,,,Tonikaku Kawaii,"comedy, romance, slice of life","The story follows a protagonist whose name is written with the characters for ""Hoshizora"" (""Starry Sky"" in Japanese), but whose name is pronounced as ""Nasa"". On the day of his high school entrance exams, Nasa encounters a beautiful girl named Tsukasa. For Nasa, it feels like destiny is finally calling out to him that he will have a girlfriend, but things take a turn for the worse when Nasa is hit by a car and unable to attend his entrance exams.

After Tsukasa helps the injured Nasa, he confesses his feelings to her, and she agrees to go out with him, but only if Nasa agrees to marry her first. A year later Nasa aces the entrance exams, but he decides to work a part time job and live by himself instead of going to school. After Nasa turns 18, Tsukasa re-appears, and their happy, romantic, and mysterious married life together begins.

(Source: Crunchyroll)",2020,https://anilist.co/anime/116267,anilist,anilist:116267
Classroom of the Elite Season 2,,anime,,,7.9,212340.0,,,Youkoso Jitsuryoku Shijou Shugi no Kyoushitsu e 2nd Season,"drama, mystery, psychological","The second season of Youkoso Jitsuryoku Shijou Shugi no Kyoushitsu e.

Tokyo Metropolitan Advanced Nurturing High School seems like a paradise, but in reality, it is an extreme meritocracy. In the class of underachievers, Kiyotaka has begun working with Suzune, who seeks to ascend higher. After a survival test on an uninhabited island, they get to enjoy a luxury liner, but a new class-scrambling test will begin.

(Source: Anime News Network)",2022,https://anilist.co/anime/145545,anilist,anilist:145545
Chivalry of a Failed Knight,,anime,,,7.1,211915.0,,,Rakudai Kishi no Cavalry,"action, ecchi, fantasy, romance","The ""school sword action"" story revolves around Magic Knights, modern magic-users who fight with weapons converted from their souls. Ikki Kurogane goes to a school for these Magic Knights, but he is the ""Failed Knight"" or ""Worst One"" who is failing because he has no magical skills. However, one day, he is challenged to a duel by Stella, a foreign princess and the ""Number One"" student. In this duel, ""the loser must be obedient for life.""

(Source: Anime News Network)",2015,https://anilist.co/anime/21092,anilist,anilist:21092
Yuri!!! on ICE,,anime,,,7.7,211361.0,,,Yuuri!!! on ICE,"comedy, drama, sports","Yuri Katsuki makes his way to the Grand Prix ice skating competition as Japan’s top representative with his eyes on the prize. However, instead of celebrating, Yuri walks away defeated and ready to retire for good. But a run-in with champion Viktor Nikiforov and rising star Yuri Plisetsky ignites a new fire within him. With the two of them close by his side, Yuri will take to the ice once more.

(Source: Funimation)",2016,https://anilist.co/anime/21709,anilist,anilist:21709
Orange,,anime,,,7.4,211235.0,,,orange,"drama, romance, supernatural","Everyone has regrets in life. So who wouldn't take the chance to change the past if given the opportunity? When sixteen-year-old Takamiya Naho receives a mysterious letter, claiming to be from her twenty-seven-year-old self, her life is suddenly thrown into flux. The letter tells her that a new transfer student by the name of Naruse Kakeru will be joining her class, and to keep her eye on him. But why? Naho must decide what to make of the letter and its cryptic warning, and what it means not only for her future, but for Kakeru's as well.
(Source: Anime News Network)

Note: The last episode aired with a runtime of ~40 minutes as opposed to the standard 24 minute long episode.
",2016,https://anilist.co/anime/21647,anilist,anilist:21647
Danganronpa: The Animation,,anime,,,6.8,210822.0,,,Danganronpa: Kibou no Gakuen to Zetsubou no Koukousei - The Animation,"horror, mystery, psychological, sci-fi, thriller","A group of 15 elite high school students are gathered at a very special, high class high school. To graduate from this high school essentially means you'll succeed in life, but graduating is very difficult. The school is presided over by a bear called Monokuma, and he explains to them that their graduation hinges around committing a murder. The only way to graduate is to kill one of your classmates and get away with it. If the other classmates discover the identity of the killer, the killer is the only one executed. However, if they fail to catch the killer, only the killer graduates and the others are annihilated. Which of the 15 will survive the bloodbath to come?
",2013,https://anilist.co/anime/16592,anilist,anilist:16592
Masamune-kun's Revenge,,anime,,,6.5,210685.0,,,Masamune-kun no Revenge,"comedy, romance, slice of life","As an overweight child, Makabe Masamune was mercilessly teased and bullied by one particular girl, Adagaki Aki. Determined to one day exact his revenge upon her, Makabe begins a rigorous regimen of self-improvement and personal transformation.

Years later, Masamune re-emerges as a new man. Handsome, popular, with perfect grades and good at sports, Masamune-kun transfers to Aki's school, and is unrecognizable to her. Now, Masamune-kun is ready to confront the girl who bullied him so many years ago and humiliate her at last. But will revenge be as sweet as he thought?

(Source: Seven Seas Entertainment)",2017,https://anilist.co/anime/21857,anilist,anilist:21857
Demon Slayer: Kimetsu no Yaiba Hashira Training Arc,,anime,,,8.0,210299.0,,,Kimetsu no Yaiba: Hashira Geiko-hen,"action, adventure, drama, fantasy, supernatural","Adaptation of the Hashira Training Arc.

The Hashira, the Demon Slayer Corps' highest ranking swordsmen and members. The Hashira Training has begun in order to face the forthcoming battle against Muzan Kibutsuji. Each with their own thoughts and hopes held in their hearts, a new story for Tanjiro and the Hashira begins.
(Source: Aniplex USA)
Note: The first episode received an early premiere in cinemas as part of a special screening alongside the final episode of Kimetsu no Yaiba: Katanakaji no Sato-hen. ",2024,https://anilist.co/anime/166240,anilist,anilist:166240
Perfect Blue,,anime,,,8.5,209467.0,,,PERFECT BLUE,"drama, horror, psychological, thriller","Rising pop star Mima has quit singing to pursue a career as an actress and model, but her fans aren’t ready to see her go... Encouraged by her managers, Mima takes on a recurring role on a popular TV show, when suddenly her handlers and collaborators begin turning up murdered. Harboring feelings of guilt and haunted by visions of her former self, Mima’s reality and fantasy meld into a frenzied paranoia. As her stalker closes in, in person and online, the threat he poses is more real than even Mima knows, in this iconic psychological thriller that has frequently been hailed as one of the most important animated films of all time.

(Source: Shout! Factory)

Note: The film received an early premiere at the Fantasia Film Festival on August 5, 1997.",1998,https://anilist.co/anime/437,anilist,anilist:437
Tokyo Ghoul:re 2,,anime,,,6.2,209430.0,,,Tokyo Ghoul:re 2,"action, horror, mystery, psychological, supernatural","The second cour of Tokyo Ghoul:re.
Kaneki Ken has finally regained memories of his former self, but this once again leaves him at a crossroads in the war between human and ghoul. After donning a pair of glasses to mirror his mentor Arima, Kaneki's new assignment is to manage the interrogation of Eto, the One-Eyed Owl, after she reveals her ghoul nature in a press conference about the publication of her newest book, which she claims will bridge the gap between the two warring sides. Now interred in Cochlea, Eto eagerly awaits the awakening of the ""One-Eyed King"", but only Kaneki seems to understand what she's really planning. As Aogiri Tree descends on the facility to rescue their leader, Kaneki turns to one of his oldest friends for help in his new secret mission.

(Source: Anime News Network)
The first episode was distributed online via GYAO! on September 29, 2018. TV broadcast began on October 9, 2018.",2018,https://anilist.co/anime/102351,anilist,anilist:102351
Food Wars! The Third Plate,,anime,,,7.8,208452.0,,,Shokugeki no Souma: San no Sara,"comedy, ecchi","The third season of Shokugeki no Souma.

At the Moon Festival, Totsuki Academy’s annual gourmet jubilee, students wage fierce culinary war as they try to out-earn their peers by selling the most of their chosen cuisine. Souma Yukihira, however, has his sights set on a grander prize: challenging the Elite Ten, who rule over the academy with iron fists. But Souma might have to put his grand ambitions on hold for the time being, because an insidious scheme to upset the balance of Totsuki Academy has begun to emerge from the shadows…

(Source: Sentai Filmworks)",2017,https://anilist.co/anime/99255,anilist,anilist:99255
Magi: The Labyrinth of Magic,,anime,,,7.8,208060.0,,,Magi: The labyrinth of magic,"action, adventure, fantasy","This story is about the flow of fate and the battle to keep the world on the right path. Aladdin is a boy who has set out to explore the world after being trapped in a room for most of his life. His best friend is a flute with a djinn in it named Ugo. Soon enough, Aladdin discovers he is a Magi, a magician who chooses kings, and he was born to choose kings who will follow the righteous path, battling against those who want to destroy fate. Follow his adventures as he meets others from 1001 Arabian Nights, like Ali Baba and Sinbad, and fights to keep the balance of the world in check!",2012,https://anilist.co/anime/14513,anilist,anilist:14513
"No Game, No Life Zero",,anime,,,8.0,207894.0,,,No Game No Life Zero,"action, adventure, drama, fantasy, romance","A movie adaptation of the sixth volume of the light novel series announced at the MF Bunko J Summer School Festival 2016 event.

Six thousand years before Sora and Shiro were even a blink in the history of Disboard, war consumed the land, tearing apart the heavens, destroying stars, and even threatening to wipe out the human race. Amid the chaos and destruction, a young man named Riku leads humanity toward the tomorrow his heart believes in. One day, in the ruins of an Elf city, he meets Schwi, a female exiled ""Ex Machina"" android who asks him to teach her what it means to have a human heart.
(Source: Sentai Filmworks)",2017,https://anilist.co/anime/21875,anilist,anilist:21875
Great Pretender,,anime,,,8.1,206904.0,,,GREAT PRETENDER,"action, comedy, drama, thriller","Self-styled “Japan's greatest swindler” Makoto Edamura is mainly targeting elder people and occasional foreign travelers. But when he tries to scam an apparently clueless French tourist in Tokyo, he can't possibly imagine that what looked like just another ordinary job is going to take him all the way to Los Angeles, tied upside-down on the famous Hollywood sign… And he is yet to find out what fate awaits him!

(Source: Crunchyroll)",2020,https://anilist.co/anime/110349,anilist,anilist:110349
Blood Blockade Battlefront,,anime,,,7.4,205864.0,,,Kekkai Sensen,"action, comedy, supernatural","A breach between Earth and the netherworlds has opened up over the city of New York, trapping New Yorkers and creatures from other dimensions in an impenetrable bubble. They've lived together for years, in a world of crazy crime sci-fi sensibilities. Now someone is threatening to sever the bubble, and a group of stylish superhumans is working to keep it from happening.

(Source: Anime News Network)

Note: The last episode aired with a runtime of ~46 minutes as opposed to the standard 24 minute long episode.",2015,https://anilist.co/anime/20727,anilist,anilist:20727
Mushoku Tensei: Jobless Reincarnation Season 2,,anime,,,8.1,205680.0,,,Mushoku Tensei II: Isekai Ittara Honki Dasu,"adventure, drama, ecchi, fantasy","After his relationship with Eris Boreas Greyrat reaches new heights, Rudeus Greyrat is ecstatic. Unfortunately, his joy is short-lived, as Eris suddenly abandons him to embark on her own journey. Believing that Eris has lost all interest in him, a heartbroken and depressed Rudeus sets forth to the Northern Territories. With his sole goal being to locate his mother on the vast continent, Rudeus wonders if persisting through daily life is worth the pain, falling into a robotic routine as he endlessly ruminates on his lost love.

However, the dangers of the North soon prove that one cannot survive with a dulled mind. While on a quest with the party Counter Arrow, with whom he recently became acquainted, Rudeus has a brush with death—an experience that forces him to finally snap out of his despair. With his newfound teammates, Rudeus rediscovers the pleasure of daily adventuring and moves forward with his original goal of living his second lease on life to the fullest.

(Source: MAL Rewrite)

Note: Includes episode 0, Shugo Jutsushi Fitz.",2023,https://anilist.co/anime/146065,anilist,anilist:146065
Monthly Girls' Nozaki-kun,,anime,,,7.7,205361.0,,,Gekkan Shoujo Nozaki-kun,"comedy, romance, slice of life","You know how the story goes: girl crushes on guy, girl confesses feelings to guy, guy mistakes confession for a job application. Okay, maybe that's not how it usually goes, but that's what happens when Chiyo Sakura finally gets up the nerve to tell her classroom crush Nozaki how she feels. Since she doesn't know that he's secretly a manga artist who publishes under a female pen name, and he doesn't know that she doesn't know, he misunderstands and offers her a chance to work as his assistant instead of a date! But while it's not flowers and dancing, it is a chance to get closer to him, so Chiyo gamely accepts. And when Nozaki realizes how useful Chiyo can be in figuring out what girls find romantic, he'll be spending even more time with her ""researching"" while remaining completely clueless. Could Chiyo's romantic frustration possibly get any more drawn out of proportion?

(Source: Sentai Filmworks)",2014,https://anilist.co/anime/20668,anilist,anilist:20668
Dragon Ball,,anime,,,7.8,204844.0,,,Dragon Ball,"action, adventure, comedy, fantasy, sci-fi, supernatural","Goku Son is a young boy who lives in the woods all alone—that is until a girl named Bulma runs into him in her search for a set of magical objects called the ""Dragon Balls."" Since the artifacts are said to grant one wish to whoever collects all seven, Bulma hopes to gather them and wish for a perfect boyfriend. Goku happens to be in possession of a dragon ball, but unfortunately for Bulma, he refuses to part ways with it, so she makes him a deal: he can tag along on her journey if he lets her borrow the dragon ball's power. With that, the two set off on the journey of a lifetime.

They don't go on the journey alone. On the way, they meet the old Muten-Roshi and wannabe disciple Kuririn, with whom Goku trains to become a stronger martial artist for the upcoming World Martial Arts Tournament. However, it's not all fun and games; the ability to make any wish come true is a powerful one, and there are others who would do much worse than just wishing for a boyfriend. To stop those who would try to abuse the legendary power, they train to become stronger fighters, using their newfound strength to help the people around them along the way.

(Source: MAL Rewrite)",1986,https://anilist.co/anime/223,anilist,anilist:223
Boruto: Naruto Next Generations,,anime,,,5.6,204544.0,,,BORUTO: NARUTO NEXT GENERATIONS,"action, adventure, fantasy","Naruto was a young shinobi with an incorrigible knack for mischief. He achieved his dream to become the greatest ninja in the village and his face sits atop the Hokage monument. But this is not his story... A new generation of ninja are ready to take the stage, led by Naruto's own son, Boruto!

(Source: VIZ Media)",2017,https://anilist.co/anime/97938,anilist,anilist:97938
Akira,,anime,,,7.9,203248.0,,,AKIRA,"action, adventure, horror, psychological, sci-fi, supernatural","It's the year 2019, thirty-one years have passed since the start of World War III. A top-secret child with amazing powers of the mind breaks free from custody and accidentally gets a motorcycle gang involved in the project. This incident triggers psychic powers within one of the gang members, Tetsuo, and he is taken by the army to be experimented on. His mind has been altered and is now on the path of war, seeking revenge on the society that once called him weak. 
(Source: FUNimation) ",1988,https://anilist.co/anime/47,anilist,anilist:47
Attack on Titan Final Season THE FINAL CHAPTERS Special 1,,anime,,,8.7,202200.0,,,Shingeki no Kyojin: The Final Season - Kanketsu-hen Zenpen,"action, drama, fantasy, mystery, psychological","The fate of the world hangs in the balance as Eren unleashes the ultimate power of the Titans. With a burning determination to eliminate all who threaten Eldia, he leads an unstoppable army of Colossal Titans towards Marley. Now a motley crew of his former comrades and enemies scramble to halt his deadly mission, the only question is, can they stop him?

(Source: Crunchyroll)",2023,https://anilist.co/anime/146984,anilist,anilist:146984
Grand Blue Dreaming,,anime,,,8.2,202065.0,,,Grand Blue,"comedy, slice of life, sports","A new life begins for Kitahara Iori as he begins his college career near the ocean in Izu city, full of excitement for his new life. He will be moving into his Uncle's diving store ""Grand Blue."" There he finds the beautiful ocean, beautiful women, and men that love diving and alcohol. Will Iori be able to live his dream college life?",2018,https://anilist.co/anime/100922,anilist,anilist:100922
Clannad: After Story,,anime,,,8.7,201048.0,,,CLANNAD: After Story,"drama, romance, slice of life, supernatural","A few months have passed since Tomoya declared his love to Nagisa, and his life keeps moving forward as he continues to meet a variety of new people, expanding his world in the process. While Tomoya's world continues to expand, his and Nagisa's relationship is entering a new phase, and neither of them is quite sure where it will take them. Through his relationship with Nagisa, Tomoya begins to understand the meaning and importance of family.

But as Tomoya and Nagisa begin a family of their own, they are faced with many hardships along the way in Clannad: After Story

(Source: Sentai Filmworks, edited)

Note: Includes 2 un-numbered 'extra' and 'summary' episodes that aired at the end of the series.",2008,https://anilist.co/anime/4181,anilist,anilist:4181
My Hero Academia: Two Heroes,,anime,,,7.4,200004.0,,,Boku no Hero Academia THE MOVIE: Futari no Hero,"action, comedy, drama, sci-fi","The first installment in the Boku no Hero Academia movie franchise.

The climactic finals are over, and U.A. is getting ready for the summer training camp. Deku and All Might receive an invitation from a certain person to go overseas to a giant artificial moving city called I-Island. This island, a kind of “science Hollywood” that gathers the knowledge of scientists from around the world, is holding an exhibition called I-Expo showcasing the results of Quirk and hero item research. In the midst of all this, Deku meets a Quirkless girl named Melissa and remembers his own Quirkless past. Out of the blue, the impregnable security system the island boasts is hacked by villains, and all the people on the island are taken as hostages! Now, a plan that could shake hero society has been put into motion! The man who holds the key to it all is the number one hero and Symbol of Peace, All Might.

(Source: Funimation)",2018,https://anilist.co/anime/100723,anilist,anilist:100723
Zom 100: Bucket List of the Dead,,anime,,,7.7,199098.0,,,Zom 100: Zombie ni Naru Made ni Shitai 100 no Koto,"action, comedy, horror, supernatural","Surviving a zombie apocalypse beats being a wage slave any day! After spending years slaving away for a soul-crushing company, Akira's life has lost its luster. He lives in a trash-filled apartment, his pay is abysmal, and he can't even muster up the nerve to confess his love to his beautiful co-worker. But when a zombie apocalypse ravages his town, it gives him the push he needs to live for himself. Now Akira's on a mission to complete all 100 items on his bucket list before he...well, kicks the bucket.

(Source: Viz Media) ",2023,https://anilist.co/anime/159831,anilist,anilist:159831
Steins;Gate 0,,anime,,,8.4,198401.0,,,Steins;Gate 0,"drama, psychological, sci-fi, thriller","The eccentric, self-proclaimed mad scientist Rintarou Okabe has become a shell of his former self. Depressed and traumatized after failing to rescue his friend, he has decided to forsake his mad scientist alter ego and live as an ordinary college student. Surrounded by friends who know little of his time travel experiences, Okabe spends his days trying to forget the horrors of his adventures alone.

While working as a receptionist at a college technology forum, Okabe meets the short, spunky Maho Hiyajo, who
later turns out to be the interpreter at the forum's presentation, conducted by Professor Alexis Leskinen. In front of a stunned crowd, Alexis and Maho unveil Amadeus—a revolutionary AI capable of storing a person's memories and creating a perfect simulation of that person complete with their personality and quirks. Meeting with Maho and Alexis after the presentation, Okabe learns that the two were Kurisu's colleagues in university, and that they have simulated her in Amadeus. Hired by Alexis to research the simulation's behavior, Okabe is given the chance to interact with the shadow of a long-lost dear friend. Dangerously tangled in the past, Okabe must face the harsh reality and carefully maneuver around the disastrous consequences that come with disturbing the natural flow of time.
",2018,https://anilist.co/anime/21127,anilist,anilist:21127
The Quintessential Quintuplets 2,,anime,,,7.9,198187.0,,,Go-toubun no Hanayome ∬,"comedy, drama, romance, slice of life","Through their tutor Fuutarou Uesugi's diligent guidance, the Nakano quintuplets' academic performance shows signs of improvement, even if their path to graduation is still rocky. However, as they continue to cause various situations that delay any actual tutoring, Fuutarou becomes increasingly involved with their personal lives, further complicating their relationship with each other.

On another note, Fuutarou slowly begins to realize the existence of a possible connection between him and the past he believes to have shared with one of the five girls. With everyone's feelings beginning to develop and overlap, will they be able to keep their bond strictly to that of a teacher and his students—or will it mature into something else entirely?

(Source: MAL Rewrite)",2021,https://anilist.co/anime/109261,anilist,anilist:109261
Domestic Girlfriend,,anime,,,6.4,197656.0,,,Domestic na Kanojo,"drama, ecchi, romance","Natsuo Fuji has a serious crush on one of his teachers, Hina Tachibana, but since he knows he has zero chance of ever being in a relationship with her, he lets his friends talk him into going to a party where he meets Rui. One thing leads to another and then, well, neither of them is a virgin anymore. Unfortunately, it wasn't what they expected, but that's fine. They're just ships passing in the night and they'll never have to see each other again, right? Except when Natsuo's father announces that he's getting married again, Natsuo discovers that he's getting two new step-sisters as well. Now there's a problem, because one is his teacher, Hina, and the other is Rui.

(Source: Sentai Filmworks)",2019,https://anilist.co/anime/103139,anilist,anilist:103139
Angels of Death,,anime,,,6.7,196599.0,,,Satsuriku no Tenshi,"action, adventure, horror, psychological, thriller","13-year old Rachel awakens to find herself trapped in the basement of an abandoned building. Without any memories, or even a clue as to where she could be, she wanders the building, lost and dizzy. In her search, she comes across a man covered in bandages. He introduces himself as Zack and he wields a grim-reaper like sickle.

A strange bond is struck between them, strengthened by strange, crazy promises…

These two, trapped in this strange building, don't know why fate has placed them there. But they will work together desperately to find a way out…
",2018,https://anilist.co/anime/99629,anilist,anilist:99629
Sword Art Online: Alicization - War of Underworld,,anime,,,7.5,195755.0,,,Sword Art Online: Alicization - War of Underworld,"action, adventure, fantasy","Kirito, Eugeo, and Alice. Six months have passed since the two disciples and an Integrity Knight brought down the pontifex, Administrator. With the fighting over, Alice has been living in her hometown of Rulid Village. Beside her is Kirito, who has not only lost his arm and soul, but also his dear friend. As Alice devotes herself to looking after Kirito, she too has lost the will to fight she once had as a knight.

Nevertheless, the time for the final stress test – one which will engulf the entire Underworld with tragedy – draws relentlessly closer.

Meanwhile, in the deepest areas of the Dark Territory, the Dark God Vecta has resurrected, as if to have waited for this very moment. Leading an army of dark forces, they begin their invasion into the human empire in hopes of attaining the Priestess of Light. The human empire force led by the Integrity Knight Bercouli prepares for a war of an unimaginable scale against the army of the Dark Territory. Even then, Alice is nowhere to be seen, nor the two heroes that saved the realm...

(Source: Official Website)",2019,https://anilist.co/anime/108759,anilist,anilist:108759
My Teen Romantic Comedy SNAFU Climax!,,anime,,,8.2,195721.0,,,Yahari Ore no Seishun Love Come wa Machigatteiru. Kan,"comedy, drama, romance, slice of life","The third season of Yahari Ore no Seishun Love Come wa Machigatteiru.

As the members of the Service Club band together to host a school prom, Hachiman, Yukino and Yui will have to put their feelings into words and truly learn to understand each other at long last… if the Service Club can even stay afloat, that is!

(Source: Sentai Filmworks)",2020,https://anilist.co/anime/108489,anilist,anilist:108489
Ranking of Kings,,anime,,,8.4,194905.0,,,Ousama Ranking,"action, adventure, drama, fantasy","Unable to hear, speak, or wield a sword, Prince Bojji doesn’t seem like a typical heir to the throne—and his kingdom agrees. But his fateful encounter with Kage, a shadow on the ground, gives him his first true friend. The two set off on a grand adventure and, together, form a bond that can overcome any obstacle...even being king.

(Source: Funimation)",2021,https://anilist.co/anime/113717,anilist,anilist:113717
Arifureta: From Commonplace to World's Strongest,,anime,,,6.5,194661.0,,,Arifureta Shokugyou de Sekai Saikyou,"action, adventure, fantasy, psychological","When a classroom of students is transported to another world to act as its saviors, Hajime Nagumo finds himself the weakest link. As his friends and classmates are granted strong classes and impressive abilities due to their existing skills, he is given the weak title of Synergist. When a dungeon quest leaves him separated from his group, Hajime must discover his own talents or be left to rot in this world forever.

(Source: Seven Seas Entertainment)",2019,https://anilist.co/anime/100668,anilist,anilist:100668
March comes in like a lion,,anime,,,8.3,194279.0,,,3-gatsu no Lion,"drama, slice of life","Rei Kiriyama is a 17 year old boy who recently started living alone, financed by his salary as a professional Shogi player. Despite his independence, however, he's yet to mature emotionally, and his problems continue to haunt him in his daily life. His relationship with his adoptive family is strained, and he has difficulties interacting with his fellow high school students.

Meanwhile, his professional career in Shogi has entered a slump. Burdened with the heavy expectations placed upon him, his wins and losses are fluctuating as his record and progression into the ranks begin to stagnate.

Acquainted with Rei are the three Kawamoto sisters: Akari, Hinata, and Momo. Unlike Rei, they live happily in their modest home, which they warmly welcome Rei into as if he were one of their own.  He frequently visits the family, interacting with them and receiving the kind of care and affection he never quite had while under his foster home.
This is the story of Rei's triumphs and failures, relationships new and old, and his growth as a person.

(Source: TV Tropes)",2016,https://anilist.co/anime/21366,anilist,anilist:21366
Yona of the Dawn,,anime,,,7.9,191942.0,,,Akatsuki no Yona,"action, adventure, comedy, drama, fantasy, romance","Since Yona is the only princess of a grand kingdom, she has been raised with great care by her doting father and protected by her childhood friend/guard Hak and others. However, her fate changes on her 16th birthday, when her beloved cousin Soo-won murders her father to claim the throne. She flees the castle to Hak's hometown and begins her new life.

(Source: Anime News Network)",2014,https://anilist.co/anime/20770,anilist,anilist:20770
given,,anime,,,8.2,191763.0,,,Given,"drama, music, romance, slice of life","Tightly clutching his Gibson guitar, Mafuyu Satou steps out of his dark apartment to begin another day of his high school life. While taking a nap in a quiet spot on the gymnasium staircase, he has a chance encounter with fellow student Ritsuka Uenoyama, who berates him for letting his guitar's strings rust and break. Noticing Uenoyama's knowledge of the instrument, Satou pleads for him to fix it and to teach him how to play. Uenoyama eventually agrees and invites him to sit in on a jam session with his two band mates: bassist Haruki Nakayama and drummer Akihiko Kaji.

Satou's voice is strikingly beautiful, filling Uenoyama with the determination to make Satou the lead singer of the band. Though reticent at first, Satou takes the offer after an emotional meeting with an old friend. With the support of his new friends, Satou must not only learn how to play guitar, but also come to terms with the mysterious circumstances that led him to be its owner.

(Source: MAL Rewrite)",2019,https://anilist.co/anime/108430,anilist,anilist:108430
Dragon Ball Super,,anime,,,7.2,190850.0,,,Dragon Ball Super,"action, adventure, comedy, fantasy, sci-fi","After 18 years, we have the newest Dragon Ball story from creator Akira Toriyama. With Majin Buu defeated, Goku has taken a completely new role as...a radish farmer?! With Earth at peace, our heroes have settled into normal lives. But they can’t get too comfortable. Far away, the powerful God of Destruction, Beerus, awakens to a prophecy revealing his demise at the hands of an even more formidable being. When his search for the Saiyan God brings him to Earth, can Goku and his friends take on their strongest foe yet?

(Source: Crunchyroll)",2015,https://anilist.co/anime/21175,anilist,anilist:21175
SPY x FAMILY Season 2,,anime,,,8.0,189356.0,,,SPY×FAMILY Season 2,"action, comedy, slice of life, supernatural","The second season of SPY×FAMILY.

The Forger family will face a new familial mission as Yor heads on a cruise ship expedition!

(Source: Crunchyroll News)
",2023,https://anilist.co/anime/158927,anilist,anilist:158927
Summer Time Rendering,,anime,,,8.3,188492.0,,,Summer Time Render,"action, drama, mystery, supernatural, thriller","A sci-fi, summer story filled with suspense set on a small island with Shinpei Aijiro, whose childhood friend Ushio Kofune died. He returns to his hometown for the first time in two years for the funeral. Sou Hishigata, his best friend, suspects something's off with Ushio's death, and that someone can die next. 

A sinister omen is heard as an entire family next door suddenly disappears the following day. Furthermore, Mio implicates a ""shadow"" three days before Ushio's death. 

(Source: Disney+)",2022,https://anilist.co/anime/129201,anilist,anilist:129201
Cells at Work!,,anime,,,7.3,187266.0,,,Hataraku Saibou,"action, comedy, sci-fi","The average human body contains about 60 trillion cells, and each of them has work to do! But when you get injured, viruses or bacteria invade, or when an allergic reaction flares up, everyone from the silent but deadly white blood cells to the brainy neurons has to work together to get through the crisis!

(Source: Kodansha Comics USA)",2018,https://anilist.co/anime/100977,anilist,anilist:100977
FLCL,,anime,,,7.8,184619.0,,,FLCL,"action, comedy, mecha, sci-fi","Naota is a detached sixth grader afflicted by the pangs of puberty. He's fooling around with his brother's ex-girlfriend when a crazed girl on a motor scooter runs him over, brains him with a bass guitar, and moves into his house. This pink-haired girl, Haruko - who claims she's an alien - hurls Naota into the middle of a mega-corporation's secret agenda. Oh, and now giant battling robots shoot from his skull. Mix in mind-bending animation and tunes that echo through your cerebellum to top off the trip that will have you falling hard for FLCL.

(Source: Funimation)",2000,https://anilist.co/anime/227,anilist,anilist:227
Fate/stay night: Unlimited Blade Works 2nd Season,,anime,,,8.2,184514.0,,,Fate/stay night: Unlimited Blade Works 2nd Season,"action, drama, fantasy, supernatural","The Holy Grail War continues, with each Master and Servant duo making their move for the omnipotent wish granter. Caster’s plans have been set in motion, beginning with taking Saber captive while Rin and Archer go their separate ways to continue their fights on their own. Without Saber’s aid, Shirou’s principles are put to the ultimate test. With many battles to come with expected and unexpected enemies, Shirou’s resolve begins to take form. Is his desire to protect people and become a hero, genuine? Or are they simply borrowed feelings? And will it be enough to carry him to the end?

(Source: Aniplex of America)",2015,https://anilist.co/anime/20792,anilist,anilist:20792
Kiznaiver,,anime,,,7.1,182603.0,,,Kiznaiver,"drama, romance, sci-fi","The fictional Japanese city named Sugomori City is built on reclaimed land. But as the years go by, the city's population is decreasing. One day, Sonosaki tells her classmate Katsuhira: ""You have been selected to be a Kiznaiver."" The Kizuna System, which allows Katsuhira to share his wounds, connects him to the classmates whose lives and personalities completely differ from his. The Kizuna System is an incomplete system for the implementation of world peace that connects people through wounds. All those who are connected to this system are called Kiznaivers. When one Kiznaiver is wounded, the system divides and transmits the wound among the other Kiznaivers.

(Source: Anime News Network)",2016,https://anilist.co/anime/21421,anilist,anilist:21421
SHIMONETA: A Boring World Where the Concept of Dirty Jokes Doesn’t Exist,,anime,,,6.9,182460.0,,,Shimoneta to Iu Gainen ga Sonzai Shinai Taikutsu na Sekai,"comedy, ecchi","The novel's story is set 16 years after the ""Law for Public Order and Morals in Healthy Child-Raising"" banned coarse language in the country. Tanukichi Okuma enrolls in the country's leading elite public morals school and is soon invited into the Anti-Societal Organization (SOX) by its founder, Ayame Kajou. As a member blackmailed into joining by Ayame, Tanukichi ends up taking part in obscene acts of terrorism against the talented student council president Anna (for whom Tanukichi has a crush).

(Source: Anime News Network)",2015,https://anilist.co/anime/20910,anilist,anilist:20910
The Seven Deadly Sins: Imperial Wrath of the Gods,,anime,,,6.2,181707.0,,,Nanatsu no Taizai: Kamigami no Gekirin,"action, adventure, comedy, ecchi, fantasy, supernatural","Despite repelling the demon invasion of the Kingdom of Lioness, the war is far from over, for Arthur's Kingdom of Camelot is still being occupied by the demon army and the surviving members of Jikkai. However, in order to begin counter-offensive, the Seven Deadly Sins needs all of its members. Unfortunately, King and Diane are still hiding in the Fairy King's Forest, where they are made to discover the strange history of Jikkai.",2019,https://anilist.co/anime/108928,anilist,anilist:108928
The Case Study of Vanitas,,anime,,,7.8,180983.0,,,Vanitas no Carte,"action, drama, fantasy, mystery, supernatural","It’s 19th-century Paris, and young vampire Noé hunts for the Book of Vanitas. Attacked by a vampire driven insane, a human intercedes, rescues Noé, and heals the sick creature. Commanding the book and calling himself Vanitas, this doctor tempts Noé with a mad crusade to “cure” the entire vampire race. Allying with one who wields arcane power so easily may be dangerous, but does he have a choice?

(Source: Funimation)",2021,https://anilist.co/anime/131646,anilist,anilist:131646
Lycoris Recoil,,anime,,,8.1,180775.0,,,Lycoris Recoil,"action, slice of life","“LycoReco” is a café with a traditional Japanese twist located in downtown Tokyo. But the delicious coffee and sugary sweets are not the only orders this café takes! From delivering packages short distances, to pick-ups and drop-offs on the lonely streets at night, to zombies and giant monster extermination…?! Whatever your problem, we're here to help! We will solve any kind of ""trouble"" you may have!

Waiting for you are the ever-smiling poster-girl and the cool, serious newcomer. A petite girl who never wants to work and a young woman approaching thirty who wants to get married. And the manager is a nice guy who’s obsessed with Japan!

Whatever your order is, leave it all up to us♪

(Source: Official Site)",2022,https://anilist.co/anime/143270,anilist,anilist:143270
The Melancholy of Haruhi Suzumiya,,anime,,,7.6,180210.0,,,Suzumiya Haruhi no Yuuutsu,"comedy, mystery, sci-fi, slice of life, supernatural","Kyon, your typical high school student, has long given up his belief in the supernatural. However, upon meeting Haruhi Suzumiya, he quickly finds out that it is the supernatural that she is interested in; aliens, time travelers and espers among other things. When Haruhi laments about the lack of intriguing clubs around school, Kyon inspires Haruhi to form her own club. As a result, the SOS Brigade is formed, a club which specializes in all that is the supernatural.
Much to his chagrin, Kyon, along with the silent bookworm, Yuki Nagato, the shy and timid Mikuru Asahina, and the perpetually smiling Itsuki Koizumi, are recruited as members. The story follows the crazy adventures that these four endure under their whimsical leader, Haruhi. The story is based on the light novels by Nagaru Tanigawa.
Note: This entry is for the original 14-episode 2006 airing. The series was further expanded and reordered into a 28-episode series in 2009.",2006,https://anilist.co/anime/849,anilist,anilist:849
How NOT to Summon a Demon Lord,,anime,,,6.6,179919.0,,,Isekai Maou to Shoukan Shoujo no Dorei Majutsu,"comedy, ecchi, fantasy","In the MMORPG Cross Reverie, Takuma Sakamoto is so powerful that he is lauded as the “Demon Lord” by other players. One day, he is summoned to another world – but with the same appearance he had in the game! There, he meets two girls who both proclaim themselves to be his Summoner. They had performed an Enslavement Ritual to turn him into their Summon... but that's when Takuma's passive ability <> activated! Instead, it was the girls who had become enslaved! Though Takuma may have been the strongest Sorcerer there was, he had no idea how to talk with other people. That's when he makes his choice: to act based on his persona from the game!

“Amazing? But of course... I am Diablo, the being known and feared as the Demon Lord!”

So begins a tale of adventure with an earth-shakingly powerful Demon Lord (or at least someone who acts like one) taking on another world!

(Source: J-Novel Club)",2018,https://anilist.co/anime/101004,anilist,anilist:101004
Bungo Stray Dogs 3,,anime,,,8.1,179308.0,,,Bungou Stray Dogs 3rd Season,"action, comedy, mystery, supernatural","The third season of Bungou Stray Dogs.

The White Tiger and the Black Beast – Nakajima Atsushi and Akutagawa Ryunosuke’s fight against Francis F. brings an end to the great war against the Guild. Life goes on as normal in Yokohama, thanks to the continued truce between the Armed Detective Agency and the Port Mafia, who, together, saved the city from ruin. But there are still rumors of Guild stragglers and other crime organizations making their way in from abroad. Meanwhile, Dazai Osamu had premonitions of another impending disaster. Lurking in the darkness is the Fyodor D., leader of pirate organization Rats in the House of the Dead, his dreadful plans on the verge of execution.

(Source: Crunchyroll)",2019,https://anilist.co/anime/103223,anilist,anilist:103223
91 Days,,anime,,,7.6,178946.0,,,91Days,"action, drama, psychological","The ""classic mafia drama"" takes place during the prohibition era. In the Lawless district the law has no power, the mafia rule the streets, and the illegally made liquor flows freely. At one time Avilio lived in this district, but after a mafia dispute ended in the murder of his family, he went into hiding. Later, Avilio receives a letter from a mysterious person that ignites his passion for revenge and leads him to return to Lawless. There, he infiltrates the Vanetti family and gets close to Nero.

(Source: Anime News Network)",2016,https://anilist.co/anime/21711,anilist,anilist:21711
Black Bullet,,anime,,,6.7,178933.0,,,Black Bullet,"action, drama, mystery, sci-fi","The Gastrea virus spreads like wildfire, causing each infected host to rapidly mutate, gaining new powers and abilities with every stage of development, even while they continue to attack, kill and infect multiple new hosts. Unable to fight a pandemic enemy that turns defenders into adversaries, the shocked remnants of the human race are forced to retreat into cities surrounded by giant monoliths made of Varanium, one of the few materials that can stop the Gastrea. Now mankind's last hope lies in the Cursed Children: young girls infected with the virus who have managed to retain a hold on their humanity. Paired with a partner, they alone have the strength to take on a Gastrea in one-on-one combat. But the very thing that gives them power is a ticking time bomb, so even as they protect humanity, they are also feared and shunned. Are they Girls? Monsters? Or Mankind's Ultimate Salvation?

(Source: Sentai Filmworks)",2014,https://anilist.co/anime/20457,anilist,anilist:20457
Into the Forest of Fireflies' Light,,anime,,,7.9,178814.0,,,Hotarubi no Mori e,"drama, fantasy, romance, supernatural","The story of Hotarubi no Mori e centers around Hotaru, a little girl who gets lost in an enchanted forest where apparitions reside. A young boy, Gin, appears before Hotaru, but she cannot touch him for fear of making him disappear.",2011,https://anilist.co/anime/10408,anilist,anilist:10408
Shikimori's Not Just a Cutie,,anime,,,6.8,178811.0,,,Kawaii dake ja Nai Shikimori-san,"comedy, romance, slice of life","The ultimate ""heartthrob girlfriend"" appears! Naturally unlucky high school student Izumi's girlfriend is his classmate Shikimori. She has a beautiful smile and kind personality and always seems happy when she's with Izumi. She's a pretty, cute, and loving girlfriend, but when Izumi's in trouble… she transforms into a super cool ""heartthrob girlfriend!"" The fun lives of the cute and cool Shikimori, Izumi, and their good friends never end!

(Source: Crunchyroll)",2022,https://anilist.co/anime/127911,anilist,anilist:127911
Tengoku Daimakyo,,anime,,,8.1,177292.0,,,Tengoku Daimakyou,"adventure, mystery, sci-fi, thriller","In the year 2024, the world has collapsed. Grotesque monsters lurk amongst the ruins of Japan, while remaining people scrape together what they can to survive. Kiruko, an odd-job girl in Nakano, accepts a mysterious woman's dying wish to take a boy named Maru to a place called Heaven.

(Source: Disney+, edited)",2023,https://anilist.co/anime/155783,anilist,anilist:155783
Seraph of the End: Battle in Nagoya,,anime,,,7.4,177165.0,,,Owari no Seraph: Nagoya Kessen-hen,"action, drama, fantasy, supernatural","Yuuichirou has reunited with Mikaela at the Shinjuku Battle. But Mikaela was turned into a vampire... To save the ""family,"" and to protect his fellow members, Yuuichirou needed to gain knowledge and power. He searched for ways to bring back vampire to human beings, and at the same time, trained hard working on the Cursed Gear. 

Meanwhile, Kureto calls Guren and tells him a shocking truth. That in one month, the main unit of the vampire will start attacking Tokyo. To get a head start against vampires, Kureto orders Guren to go to Nagoya. The noble extermination mission is about to open fire!

(Source: Official website)",2015,https://anilist.co/anime/20993,anilist,anilist:20993
Wolf Children,,anime,,,8.3,176848.0,,,Ookami Kodomo no Ame to Yuki,"drama, fantasy, romance, slice of life","The theme of the film is the love between parents and children. The story covers 13 years and begins with a 19-year-old college student named Hana who encounters and falls in ""fairy tale-like"" love with a ""wolf man."" After marrying the wolf man, Hana gives birth and raises two wolf children&mdash;an older sister named Yuki who was born on a snowy day, and a younger brother named Ame who was born on a rainy day. The four quietly lived in a corner of a city to conceal the existence of the ""wolf children,"" but when the wolf man suddenly dies, Hana decides to move to a rural town far removed from the city.

(Source: Anime News Network)",2012,https://anilist.co/anime/12355,anilist,anilist:12355
Tsuredure Children,,anime,,,7.4,176760.0,,,Tsurezure Children,"comedy, drama, romance, slice of life","To those of you out there who never could say ""I love you""— This story is about ordinary highschoolers and how love makes them fired up, shaken, laugh, cry, and hurt. Whether things go well or not, this story of adolescence and romance will show you how they spend their precious youth. Every character is the main character here, and you're sure to find one you can sympathize with.

(Source: Crunchyroll)",2017,https://anilist.co/anime/98291,anilist,anilist:98291
Grave of the Fireflies,,anime,,,8.3,176148.0,,,Hotaru no Haka,drama,"In the aftermath of a World War II bombing, two orphaned children struggle to survive in the Japanese countryside. To Seita and his four-year-old sister, the helplessness and indifference of their countrymen is even more painful than the enemy raids. Through desperation, hunger and grief, these children's lives are as heartbreakingly fragile as their spirit and love is inspiring.
(Source: Sentai Filmworks)",1988,https://anilist.co/anime/578,anilist,anilist:578
High School DxD NEW,,anime,,,7.1,175919.0,,,High School DxD NEW,"action, comedy, ecchi, fantasy, romance","The devilish haremking Issei Hyoudou is back for more outrageous Oppai Battle Entertainment in the scintillating second season of High School DxD! Fans who like their hardcore action spiked with a double dose of fan service won't be able to pry their eyes off all the scorching supernatural schoolgirls waiting for them in Season Two. So what are you waiting for? Plant yourself in front of the boob tube and watch a harem of devil hotties show you how much fun it is to be bad!

(Source: FUNimation)

Episode 1 was previewed at a screening in United Cinema Toyosu, Tokyo on June 29, 2013. Regular broadcasting began on July 7, 2013.
The Blu-ray and DVD Director's Cut includes an extra 3 minutes per episode.",2013,https://anilist.co/anime/15451,anilist,anilist:15451
NANA,,anime,,,8.5,175798.0,,,NANA,"drama, music, romance, slice of life","Two twenty-somethings seemingly share nothing in common apart from their first name, but a chance meeting on a train bound for Tokyo sets Nana Komatsu and Nana Oosaki on a collision course with destiny. Nana Komatsu, a love-at-first-sight dreamer, aims to find enduring happiness in the big city. Nana Oosaki, neo punk rock vocalist, pursues her burning ambitions of musical stardom and worldwide fame. As their fates increasingly intertwine, they each chase their dreams — until the harsh realities of life in big city Tokyo threaten to tear everything apart.

(Source: Sentai Filmworks)",2006,https://anilist.co/anime/877,anilist,anilist:877
Delicious in Dungeon,,anime,,,8.5,175680.0,,,Dungeon Meshi,"adventure, comedy, fantasy","When young adventurer Laios and his company are attacked and soundly thrashed by a dragon deep in a dungeon, the party loses all its money and provisions...and a member! They're eager to go back and save her, but there is just one problem: If they set out with no food or coin to speak of, they're sure to starve on the way! But Laios comes up with a brilliant idea: ""Let's eat the monsters!"" Slimes, basilisks, and even dragons...none are safe from the appetites of these dungeon-crawling gourmands! 

(Source: Yen Press)

Note: A world premiere screening of Episode 1 was shown in the Studio TRIGGER panel at Anime Expo on July 1, 2023.",2024,https://anilist.co/anime/153518,anilist,anilist:153518
Daily Lives of High School Boys,,anime,,,8.0,175491.0,,,Danshi Koukousei no Nichijou,"comedy, slice of life","Tadakuni, Hidenori, and Yoshitake are students at the all-boys academy, Sanada North High School. This is a tale about just that—their daily lives as students. Winning the basketball tournament? Finding true love? You won't find any of that here. Whether it's sparking random arguments while hanging out with friends, meeting that one weird co-worker at a part-time job, or even letting imaginations run wild on a windy afternoon, we've all experienced the show's ordinary but true-to-life themes at one point or another. 
(Source: NIS America) ",2012,https://anilist.co/anime/11843,anilist,anilist:11843
Sword Art Online the Movie: Ordinal Scale,,anime,,,7.3,175220.0,,,Sword Art Online: Ordinal Scale,"action, adventure, fantasy, romance, sci-fi","In 2022, the world of virtual reality was upended by the arrival of a new invention from a genius programmer, Akihiko Kayaba. Called NerveGear, it was the first full-dive system and with it, came endless possibilities to VRMMORPGs.

In 2026, a new machine called the Augma is developed to compete against the NerveGear and its successor, the Amusphere. A next-gen wearable device, the Augma doesn't have a full-dive function like its predecessors. Instead, it uses Augmented Reality to get players into the game. It is safe, user-friendly and lets users play while they are conscious, making it an instant hit on the market. The most popular game on the system is “Ordinal Scale” (aka: OS), an ARMMORPG developed exclusively for the Augma.

Asuna and the gang have already been playing OS for a while, by the time Kirito decides to join them. They’re about to find out that Ordinal Scale isn’t all fun and games…

(Source: Official website)",2017,https://anilist.co/anime/21403,anilist,anilist:21403
Is It Wrong to Try to Pick Up Girls in a Dungeon? III,,anime,,,7.4,175039.0,,,Dungeon ni Deai wo Motomeru no wa Machigatteiru Darou ka III,"action, adventure, comedy, fantasy, romance","The third season of Dungeon ni Deai wo Motomeru no wa Machigatteiru Darou ka.

When Bell encounters a frightened little girl in the dungeon, he doesn’t think twice to help. But this simple act of kindness has consequences. The girl is a monster and proof that monsters can be eerily human. And not everyone can accept this...

(Source: HIDIVE)",2020,https://anilist.co/anime/112124,anilist,anilist:112124
TRINITY SEVEN,,anime,,,6.7,174735.0,,,Trinity Seven,"action, comedy, ecchi, fantasy, romance","Pride, Envy, Wrath, Sloth, Greed, Gluttony, Lust. These are the seven sins laid upon seven girls who rule over Biblia Academy. 

To retake his world, the boy decides he must control these sins... The boy, Arata Kasuga, has had the world he knows hit by a mysterious phenomenon ""Collapse Phenomenon"", and his cousin Hijiri disappears into another dimension. To understand the Collapse Phenomenon and win back his cousin, he comes to Biblia Academy. There he finds the seven girls and their sins.

(Source: Crunchyroll)",2014,https://anilist.co/anime/20631,anilist,anilist:20631
Baccano!,,anime,,,8.1,174580.0,,,Baccano!,"action, mystery, supernatural","During the early 1930s in Chicago, the transcontinental train, Flying Pussyfoot, is starting its legendary journey that will leave a trail of blood all over the country. At the same time in New York, the ambitious scientist Szilard and his unwilling aide Ennis, are looking for missing bottles of the immortality elixir. In addition, a war between the mafia groups is getting worse. On board the Advena Avis, in 1711, alchemists are about to learn the price of immortality.
Based on the award winning light novels of the same name, this anime adaptation follows several events that initially seem unrelated, both in time and place, but are part of a much bigger story&mdash;one of alchemy, survival and immortality. Merging these events together are the kindhearted would-be thieves, Isaac and Miria, connecting various people, all of them with their own hidden ambitions and agendas, and creating lifelong bonds and consequences for everyone involved.
(Source: MAL Rewrite)",2007,https://anilist.co/anime/2251,anilist,anilist:2251
Kabaneri of the Iron Fortress,,anime,,,7.0,173902.0,,,Koutetsujou no Kabaneri,"action, drama, fantasy, horror, supernatural","As the world is in the middle of an industrial revolution, a monster appears that cannot be defeated unless its heart, which is protected by a layer of iron, is pierced. By infecting humans with its bite, the monster can create aggressive and undead creatures known as Kabane. On the island Hinomoto, located in the far east, people have built stations to shelter themselves from these creatures. People access the station, as well as transport wares between them, with the help of a locomotive running on steam, called Hayajiro. Ikoma, a boy who lives in the Aragane station and helps to build Hayajiro, creates his own weapon called Tsuranukizutsu in order to defeat the creatures. One day, as he waits for an opportunity to use his weapon, he meets a girl named Mumei, who is excused from the mandatory Kabane inspection. During the night, Ikoma meets Mumei again as he sees Hayajiro going out of control. The staff on the locomotive has turned into the creatures. The station, now under attack by Kabane, is the opportunity Ikoma has been looking for.
",2016,https://anilist.co/anime/21196,anilist,anilist:21196
Violet Evergarden: the Movie,,anime,,,8.7,173838.0,,,Violet Evergarden Movie,"drama, fantasy, slice of life","While writing other people’s emotions, she may have neglected her own. Violet Evergarden, the child soldier turned Auto Memory Doll, writes letters that evoke the words her clients can’t. But when a terminally ill boy requests her services for his family, her own feelings about love and loss resurface. Now she must confront her past and the death of the Major.

(Source: Funimation)",2020,https://anilist.co/anime/103047,anilist,anilist:103047
Akashic Records of Bastard Magic Instructor,,anime,,,6.8,173698.0,,,Rokudenashi Majutsu Koushi to Akashic Records,"action, comedy, fantasy","In the ""action fantasy"" story, Glenn is a part-time teacher at a magic school who is inclined to write ""self-study"" on the blackboard and then take a nap. One of his students, Sistine, gets angry and challenges him to a duel and he is easily defeated. However, when a terrible incident threatens the school, Glenn shows intense dedication to protecting his students.

(Source: Anime News Network)",2017,https://anilist.co/anime/21700,anilist,anilist:21700
Cautious Hero: The Hero Is Overpowered but Overly Cautious,,anime,,,7.3,173559.0,,,Shinchou Yuusha: Kono Yuusha ga Ore TUEEE Kuse ni Shinchou Sugiru,"action, adventure, comedy, fantasy","The goddess Rista summons a hero to help her hard mode video game-like world. The hero, Seiya, is exceptional in every way, but he is incredibly cautious to the point of buying three sets of armor (one to wear, a spare, and a spare for the spare) and going full power against weak slimes (just in case). 
  
",2019,https://anilist.co/anime/105156,anilist,anilist:105156
Sword Art Online: Alicization - War of Underworld Part 2,,anime,,,7.4,173525.0,,,Sword Art Online: Alicization - War of Underworld Part 2,"action, adventure, fantasy","The final load test... The war between the Human Empire and the Dark Territory has engulfed Underworld entirely. The battle has shifted course with the Dark Territory army led by Gabriel, who seeks to capture Alice, the Priestess of Light, against Asuna and the Human Empire forces fighting to save Underworld.

As Kirito's consciousness remains buried in a deep sleep, Gabriel, standing in as the Dark God Vecta, has recruited thousands of American players to log in to Underworld to annihilate the Human Empire forces. Meanwhile, Asuna, Sinon, and Leafa have joined the battle utilizing three super-accounts of the deities of the Underworld. As the Goddess of Creation Stacia Asuna fights alongside the Human Empire forces to take on the American players in a vicious combat. Sinon, who has gained the super-account for the Sun Goddess Solus, is in pursuit of Gabriel, who has abducted Alice, while Leafa arrives to Underworld with the super-account Earth Goddess Terraria.

But that is not all...

The impassioned speech by Lisbeth has convinced many ALO players to join the fight with the Human Empire despite the risks. With this great war, not only Underworld's continued existence, but the bottom-up artificial intelligence, the ultimate AI, and even the future of mankind is at stake.

Though he has yet to awaken, only one man holds the fate of this world: the Black Swordsman.

(Source: Official Website)",2020,https://anilist.co/anime/114308,anilist,anilist:114308
Welcome to the N-H-K,,anime,,,8.2,173010.0,,,NHK ni Youkoso!,"comedy, drama, psychological, romance, slice of life","Satou’s life – or what’s left of it – is a paranoid mess of conspiracy theories and social anxieties. He’s terrified of the outside world; his apartment is overflowing with the remnants of cheap take-out food; and his retinas have been permanently scarred by a steady diet of internet porn. But maybe it’s not all his fault. After all, the nefarious N-H-K is out there, and they’re determined to turn society’s fringe-dwellers into a brainwashed lot of jobless, hopeless, futureless recluses.

Enter Misaki – a mysterious girl-next-door type who is Satou’s last chance to beat down his inner demons and venture out into the light of day. She’s ready to help him overcome his crippling phobias, but Satou would rather cower in his existential foxhole and pretend to work on the demo for his virtual sex game.

He’s afraid to face the world. She’s strangely desperate to fix a total stranger. Maybe together they can be normal.

(Source: Funimation)",2006,https://anilist.co/anime/1210,anilist,anilist:1210
Kokoro Connect,,anime,,,7.5,172758.0,,,Kokoro Connect,"drama, romance, slice of life, supernatural","The five members of the Cultural Research Club - Taichi Yaegashi, Iori Nagase, Himeko Inaba, Yui Kiriyama, and Yoshifumi Aoki - encounter a bizarre phenomenon one day when Aoki and Yui switch bodies without warning. The same begins to happen to the other club members, throwing their daily lives into disarray.
At first the five students find some amusement amidst the confusion, but this unwarranted connection also exposes the painful scars hidden within their hearts. As their calm lives are shattered, the relationships between the five students also begin to change...
(Source: Crunchyroll, edited)",2012,https://anilist.co/anime/11887,anilist,anilist:11887
Haven't You Heard? I'm Sakamoto,,anime,,,7.3,172675.0,,,Sakamoto desu ga?,"comedy, slice of life","First year high school student Sakamoto isn't just cool, he's the coolest! Almost immediately after starting school, he began attracting everyone's attention. The girls love him, and most of the boys resent him. There's even a boy in the class who works as a model, but who is constantly upstaged by Sakamoto! No matter what tricks the other boys try to play on him, Sakamoto always manages to foil them with ease and grace. Though Sakamoto may seem cool and aloof, he helps others when asked, such as in the case of the boy in his class who was being constantly bullied. No matter what difficulties Sakamoto encounters, he moves through his high school life with confidence and class!

(Source: MangaHelpers)",2016,https://anilist.co/anime/21595,anilist,anilist:21595
MUSHI-SHI,,anime,,,8.5,172384.0,,,Mushishi,"adventure, fantasy, mystery, psychological, slice of life, supernatural","Neither good nor evil, they are life in its purest form. Vulgar and strange, they have inspired fear in humans since the dawn of time and have, over the ages, come to be known as ""mushi."" The stories of the Mushi and the people they affect are all linked together by a traveling Mushi-shi, or ""Mushi Master,"" who seeks rare Mushi sightings and uses his shaman-like knowledge of Mushi to help the affected people.

What are the Mushi and what do they want?

(Source: Funimation)",2005,https://anilist.co/anime/457,anilist,anilist:457
A Certain Magical Index,,anime,,,7.0,172220.0,,,Toaru Majutsu no Index,"action, sci-fi, supernatural","Set in a city of scientifically advanced superhuman students, but in a world where magic is also real. Touma Kamijou&rsquo;s right hand, the Imagine Breaker, will negate all magic, psychic, or divine powers, but not his own bad luck. One day he finds a young girl hanging on his balcony railing. She turns out to be a nun from the Church of England, and her mind has been implanted with the Index-Librorum-Prohibitorum - all the magical texts the Church has removed from circulation.",2008,https://anilist.co/anime/4654,anilist,anilist:4654
Nisemonogatari,,anime,,,7.9,171818.0,,,Nisemonogatari,"comedy, drama, ecchi, mystery, psychological, supernatural","First season of the Monogatari Series, part 5/6. Contains the arcs Karen Bee and Tsukihi Phoenix from the Nisemonogatari light novels.

In Bakemonogatari, the story centered on Koyomi Araragi, a third year high school student who has recently survived a vampire attack and finds himself mixed up with all kinds of apparitions: gods, ghosts, myths, and spirits. However, in Nisemonogatari, we pick up right where we left off and follow Koyomi as the psychological twists delve deeper and deeper...

(Source: Aniplex)",2012,https://anilist.co/anime/11597,anilist,anilist:11597
Gate,,anime,,,7.4,171765.0,,,"GATE: Jieitai Kanochi nite, Kaku Tatakaeri","action, adventure, fantasy","The military fantasy series begins when a gate appears in Tokyo's Ginza district sometime in the 21st century. From the gate pours out monsters, knights from middle-age Europe, and other fantasy-like beings, and they kill many of the citizens of Tokyo. This event is known as the Ginza Incident.

The government sends a small group of soldiers from the Japanese Self-Defense Forces (a replacement for Japan's military) to the alternate world beyond the gate. Led by otaku soldier Youji, they find that the villages in the world are being attacked by a dragon. An elf girl who is a survivor from the dragon's rampage joins the group in their travels across the dangerous new world.

(Source: Anime News Network)",2015,https://anilist.co/anime/20994,anilist,anilist:20994
Eromanga Sensei,,anime,,,5.9,171215.0,,,Eromanga Sensei,"comedy, drama, ecchi, romance, slice of life","The ""new sibling romantic comedy"" revolves around Masamune Izumi, a light novel author in high school. Masamune's little sister is Sagiri, a shut-in girl who hasn't left her room for an entire year. She even forces her brother to make and bring her meals when she stomps the floor. Masamune wants his sister to leave her room, because the two of them are each other's only family.

Masamune's novel illustrator, penname “Ero Manga Sensei,” draws extremely perverted drawings, and is very reliable. Masamune had never met his illustrator, and figured he was just a disgusting, perverted otaku. However, the truth is revealed … that his “Ero Manga Sensei” is his own younger sister! To add to the chaos that erupts between the siblings, a beautiful, female, best-selling shoujo manga creator becomes their rival!

(Source: Anime News Network)",2017,https://anilist.co/anime/21685,anilist,anilist:21685
Free! -Iwatobi Swim Club-,,anime,,,7.1,170430.0,,,Free!,"comedy, drama, slice of life, sports","The story revolves around Haruka Nanase, a boy who has always loved to be immersed in water, and to swim in it. Before graduating from elementary school, he participated in a swimming tournament along with his fellow swimming club members, Makoto Tachibana, Nagisa Hazuki, and Rin Matsuoka. After achieving victory, each of the boys went their separate ways.
Time passed, and in the middle of their uneventful high school lives Rin appears and challenges Haruka to a match, showing Haruka his overwhelming power. Not wanting it to end like this, Haruka, gathers together Makoto and Nagisa once again and brings a new member named Rei Ryugazaki to create the Iwatobi High School Swimming Club in order to defeat Rin.
(Source: Anime News Network)",2013,https://anilist.co/anime/18507,anilist,anilist:18507
Yamada and the Seven Witches,,anime,,,7.3,169953.0,,,Yamada-kun to 7-nin no Majo,"comedy, mystery, romance, supernatural","Ryu Yamada is a second year student at Suzaku High. Ryu is always late for school, naps in class and gets abysmal grades. His life is a dead bore. The beautiful Urara Shiraishi, on the other hand, is Suzaku High's brightest student. One day, without explanation, their bodies are swapped! Ryu ends up in Urara's body, and Urara in Ryu's.",2015,https://anilist.co/anime/20966,anilist,anilist:20966
"Higehiro: After Being Rejected, I Shaved and Took in a High School Runaway",,anime,,,7.0,168577.0,,,Hige wo Soru. Soshite Joshikousei wo Hirou.,"drama, romance, slice of life","On his way home from drinking his sorrows away after being rejected by his crush, the 26 year old salaryman, Yoshida, finds a high school girl named Sayu sitting on the side of the road. Yoshida is completely drunk out of his mind and ends up letting Sayu stay at his place overnight. Not having the heart to put Sayu out on the streets since she ran away from home, Yoshida allows her to stay at his place... And so began the awkward, irritable, and slightly heartwarming relationship between a runaway high school girl and a salaryman living together.

(Source: Crunchyroll)",2021,https://anilist.co/anime/114232,anilist,anilist:114232
BLEND-S,,anime,,,7.0,168105.0,,,Blend S,"comedy, slice of life","The story centers on a girl named Maika who gets a job at a cafe where all the waitresses are given certain attributes — such as ""tsundere"" or ""little sister"" — to embody while serving customers. The manager asks Maika to be the ""Do S"" (extreme sadist) waitress, so she will have to adopt a dominant and aggressive persona.

(Source: Anime News Network)",2017,https://anilist.co/anime/97994,anilist,anilist:97994
Fate/stay night,,anime,,,6.8,168039.0,,,Fate/stay night,"action, fantasy, romance, supernatural","Raised by a mysterious sorcerer after the death of his parents in a catastrophic fire, Shirou Emiya has only just begun to learn small tidbits of magic. When he is caught in a battle between two powerful Magi, however, he ends up performing a spell above his expected ability, accidentally summoning a beautiful woman knight to protect him. 

Shirou is thus unwillingly thrust into the competition known as the Holy Grail War where Seven Magi called Masters, together with their spirit partners called Servants, fight to acquire a powerful artifact said to grant every wish. 
",2006,https://anilist.co/anime/356,anilist,anilist:356
Fruits Basket Season 2,,anime,,,8.5,167760.0,,,Fruits Basket: 2nd Season,"comedy, drama, psychological, romance, slice of life, supernatural","A year has passed since Tohru Honda began living in the Souma residence, and she has since created stronger relationships with its inhabitants Shigure, Kyou, and Yuki. She has also grown closer to the rest of the Souma family and has become familiar with their ancestral secret, having helped them with many of their personal issues. The closer Tohru gets, however, the more she begins to realize that their secret holds a darker truth than she first presumed.

Summer is approaching and Tohru is invited to spend her days with the Soumas, mainly Kyou and Yuki. Tohru wishes for an easy-going vacation, but her close relationships with the two boys and the rest of the Soumas may prove to cause trouble. As they grow more intimate, their carefree time together is hindered by older hardships and feelings from the past that begin to resurface. The Eternal Banquet also dawns on the members of the zodiac, and they must tend to their duties alongside the unnerving head of the family, Akito Souma.

With the banquet approaching and a plethora of feelings to be solved, will Tohru's life with the Soumas remain peaceful, or will she find herself in a situation from which she cannot escape?",2020,https://anilist.co/anime/111762,anilist,anilist:111762
Fairy Tail Series 2,,anime,,,7.4,167663.0,,,FAIRY TAIL (2014),"action, adventure, fantasy","The Grand Magic Games reaches its climax following Natsu Dragneel and Gajeel Redfox's stunning victory over Sting Eucliffe and Rogue Cheney of the Sabertooth guild. This success pushes the Fairy Tail guild closer to being crowned the overall champions, but obtaining victory isn't the only challenge they face. A mystery still surrounds a hooded stranger and the ominous Eclipse Gate, leaving more questions than answers. More crazy adventures are on the horizon for Fairy Tail as their destructive antics and joyful rowdiness continue unabated. Their greatest trial is quickly approaching, but united as a family, the guild will always be ready to face any threat that comes their way.
",2014,https://anilist.co/anime/20626,anilist,anilist:20626
Dr. STONE New World,,anime,,,8.1,167313.0,,,Dr. STONE: NEW WORLD,"action, adventure, comedy, sci-fi","The third season of Dr. STONE. 

Senkuu and the Kingdom of Science sail to new lands to uncover more scientific secrets! 
(Source: Crunchyroll)",2023,https://anilist.co/anime/131518,anilist,anilist:131518
The World's Finest Assassin Gets Reincarnated in Another World as an Aristocrat,,anime,,,7.2,167293.0,,,"Sekai Saikou no Ansatsusha, Isekai Kizoku ni Tensei suru","action, adventure, drama, fantasy, mystery, romance","The world's number one assassin has been reincarnated as the eldest son of a family of aristocrat assassins. In exchange for being reincarnated in another world, a goddess has imposed upon him one condition. ""Kill the Hero who is prophesied to destroy the world."" 

This was to be the mission in his new life. The synergistic effect of the vast knowledge and experience he gained that made all manner of assassinations possible in the modern world, and the secret techniques and magic of the fantasy world's most powerful family of assassins turn him into the greatest assassin of all time.

(Source: Crunchyroll)",2021,https://anilist.co/anime/129898,anilist,anilist:129898
The Disastrous Life of Saiki K. Season 2,,anime,,,8.3,167218.0,,,Saiki Kusuo no Ψ-nan 2,"comedy, slice of life, supernatural","The disastrous life of the gifted psychic Kusuo Saiki continues, despite his utmost effort to live an ordinary life. Although he has certainly grown accustomed to dealing with his troublesome friends—who are his biggest hurdle to achieving a peaceful life—he still has a long way to go. Also joining the usual oddballs are a few new faces whose shenanigans add to Saiki's misery, making his dreams of a hassle-free life a distant fantasy.
",2018,https://anilist.co/anime/98034,anilist,anilist:98034
A Whisker Away,,anime,,,7.2,166134.0,,,Nakitai Watashi wa Neko wo Kaburu,"drama, fantasy, romance","Miyo Sasaki is an energetic high school girl who comes from a broken family consisting of her unconfident father and an overly invested stepmother, whose attempts at connecting with Miyo come across as bothersome. Seeing Kento Hinode as a refuge from all her personal issues, she can't help herself from forcing her unorthodox demonstrations of love onto her crush.

While Miyo is unable to get Kento's attention as herself, she manages to succeed by interacting with him in the form of a white cat, affectionately nicknamed """"Tarou"""" by Kento. But Miyo soon realizes that she can't help Kento with the various problems she overhears in her cat form and is now caught between two tough choices. Will she continue her relationship with him as a cat, or will she reveal her identity and risk what they have, in order to help him as her human self?

[Written by MAL Rewrite]

Note: The film was slated to open in theaters in Japan on June 5, but was postponed due to COVID-19 and received an exclusive streaming on Netflix beginning on June 18.",2020,https://anilist.co/anime/114963,anilist,anilist:114963
BLEACH: Thousand-Year Blood War,,anime,,,8.8,165810.0,,,BLEACH: Sennen Kessen-hen,"action, adventure, supernatural","Was it all just a coincidence, or was it inevitable?

Ichigo Kurosaki gained the powers of a Soul Reaper through a chance encounter. As a Substitute
Soul Reaper, Ichigo became caught in the turmoil of the Soul Society, a place where deceased
souls gather. But with help from his friends, Ichigo overcame every challenge to become even
stronger.

When new Soul Reapers and a new enemy appear in his hometown of Karakura, Ichigo jumps
back into the battlefield with his Zanpakuto to help those in need. Meanwhile, the Soul Society
is observing a sudden surge in the number of Hollows being destroyed in the World of the Living.
They also receive separate reports of residents in the Rukon District having gone missing. Finally,
the Seireitei, home of the Soul Reapers, comes under attack by a group calling themselves the
Wandenreich.

Led by Yhwach, the father of all Quincies, the Wandenreich declare war against the Soul Reapers
with the following message: ""Five days from now, the Soul Society will be annihilated by the
Wandenreich.""

The history and truth kept hidden by the Soul Reapers for a thousand long years is finally brought
to light.

All things must come to an end as Ichigo Kurosaki's final battle begins!",2022,https://anilist.co/anime/116674,anilist,anilist:116674
Scum's Wish,,anime,,,6.8,165534.0,,,Kuzu no Honkai,"drama, ecchi, psychological, romance","Hanabi has loved her older friend Narumi for years, but she’s still in high school and not only is Narumi now her new homeroom teacher, he’s also clearly in love with the music teacher, Akane. And as awkward as being the unwanted third in a romantic triangle can be, things become even more twisted for Hanabi when she learns that another student, Mugi, is in love with Akane. That leads to a strange idea: since the ones that Mugi and Hanabi are in love with aren’t available, the two unrequited thirds start to explore the idea of becoming each other’s substitute surrogate relationship. It’s not about romance, of course. Just sex and convenience.

(Source: Sentai Filmworks)",2017,https://anilist.co/anime/21701,anilist,anilist:21701
"Love, Chunibyo & Other Delusions - Heart Throb -",,anime,,,7.4,164946.0,,,Chuunibyou demo Koi ga Shitai! Ren,"comedy, drama, romance, slice of life","Due to various events, Yuuta and Rikka are living together. This secret co-habitation is so exciting for the two lovebirds! Or so it should be...

Is having a chuuni girlfriend too high of a hurdle for Yuuta, who never even went out with a normal girl?! Yuuta worries about how to advance his relationship with Rikka. And then everyone else, Nibutani, Kumin, and Dekomori, have powered up by advancing a grade. Furthermore, the cause of his chuunibyou outburst in middle school, the girl who calls herself Sophia Ring Saturn the 7th, Satone Shichimiya appears...

This is the long-awaited second season of the adolescent romantic comedy revolving around chuunibyou that makes you laugh and cry.


(Source: Animax)",2014,https://anilist.co/anime/18671,anilist,anilist:18671
Spice and Wolf,,anime,,,8.0,164785.0,,,Ookami to Koushinryou,"adventure, fantasy, romance, slice of life","The peddler Kraft Lawrence travels through the world selling all kinds of things. After visiting a village, he discovers a sleeping girl under the pelts in his cart. She has wolf ears and a tail. The wolf girl explains that she has been called a ""god"", but that her name is Holo and nothing more. Lawrence teases the girl a little, but after hearing more of her story, he is moved and decides to accompany her further north. On their travels the two have many adventures, often getting into trouble, but the bond between them grows stronger. ",2008,https://anilist.co/anime/2966,anilist,anilist:2966
SAKAMOTO DAYS,,anime,,,7.6,164752.0,,,SAKAMOTO DAYS,"action, comedy","When Sakamoto meets Aoi, the convenience store clerk, it’s love at first sight — and just like that, he retires.

Sakamoto gets married, has a daughter, opens a mom-and-pop store in a quiet town, and completely transforms … into a plus-size man. To ensure a peaceful life with his beloved family, the legendary ex–hit man bands together with comrades to face off against the looming threat of assassins.

(Source: Netflix TUDUM)

Note: The series streamed a week in advance on Netflix Japan starting with episode 2 released alongside episode 1.",2025,https://anilist.co/anime/177709,anilist,anilist:177709
Ponyo,,anime,,,7.9,164370.0,,,Gake no Ue no Ponyo,"adventure, fantasy","A young boy named Sosuke rescues a goldfish named Ponyo, and they embark on a fantastic journey of friendship and discovery before Ponyo's father, a powerful sorcerer, forces her to return to her home in the sea. But Ponyo's desire to be human upsets the delicate balance of nature and triggers a gigantic storm. Only Ponyo's mother, a beautiful sea goddess, can restore nature's balance and make Ponyo's dreams come true. 
(Source: Disney)",2008,https://anilist.co/anime/2890,anilist,anilist:2890
Kiki's Delivery Service,,anime,,,8.1,164056.0,,,Majo no Takkyuubin,"adventure, drama, fantasy, slice of life","Kiki is an enterprising young girl who must follow tradition to become a full-fledged witch. Venturing out with only her chatty black cat, Jiji, Kiki flies off for the adventure of a lifetime. Landing in a far-off city, she sets up a high-flying delivery service and begins a wonderful experience of independence and responsibility as she finds her place in the world.
(Source: Disney)",1989,https://anilist.co/anime/512,anilist,anilist:512
Suzume,,anime,,,8.2,163360.0,,,Suzume no Tojimari,"adventure, fantasy, mystery, supernatural","The story follows Suzume, a 17-year-old girl from a quiet Kyushu town who meets a young man looking for a door. They find a door within ruins in the mountain, and Suzume opens it. Soon, more doors begin to open around Japan, bringing disasters from the other side. The film depicts Suzume's liberation and growth, as she closes the doors that are causing disaster.

(Source: Anime News Network)",2022,https://anilist.co/anime/142770,anilist,anilist:142770
Blue Exorcist: Kyoto Saga,,anime,,,7.2,163271.0,,,Ao no Exorcist: Kyoto Fujouou-hen,"action, fantasy, supernatural","In the late Edo Period, a demon known as the Impure King killed thousands of people. After defeating the demon, the Knights of the True Cross kept its left eye safely sealed away on Academy grounds - but now someone has stolen it! Hearing the thief has taken a child hostage, Yukio and Rin go to help. The investigation and pursuit will lead Rin and his friends to Kyoto and involve them even deeper in a sinister plot! But will his friends' knowledge that Rin is the son of Satan drive a wedge between them?

(Source: Viz Media)",2017,https://anilist.co/anime/21861,anilist,anilist:21861
Kuroko's Basketball 2,,anime,,,8.0,163232.0,,,Kuroko no Basket 2nd SEASON,"comedy, sports","With the Interhigh Championship finally over, Seirin's basketball team refocuses their efforts, training harder than ever to get the chance to participate in the Winter Cup. Both Kuroko and Kagami see old friends walk back into their lives, providing a challenge both on and off the court.  

As new skills are developed and new alliances created, enemies from various teams—giants of high school basketball such as Yousen, Shuutoku and Touou—stand in the way of Seirin's steadfast attempts to get to the top. All of these schools prove to be formidable foes whose abilities progress exponentially, while Kuroko struggles to find a balance between his resolve to play as part of a team and his desire to win.  

With old wounds reopening, new challenges to face on the court, and a new set of foes—the ""Uncrowned Kings""—vowing to defeat the new hopefuls, will Seirin ever be able to achieve their dream of beating the Generation of Miracles?  

(Source: MAL Rewrite)",2013,https://anilist.co/anime/16894,anilist,anilist:16894
From the New World,,anime,,,8.0,163044.0,,,Shinsekai yori,"drama, horror, mystery, psychological, sci-fi, supernatural","Following a sudden outbreak of psychokinesis in 0.1% of the population, a rapid transformation swept the world. The godlike ability to manipulate matter remotely turned many power wielders to violence, inciting a long period of upheaval. Finally, after a chaotic era shaped by the rise and fall of oppressive regimes, the psychic humans were able to achieve a fragile peace by isolating their society, creating a new world bound by complex rules.

In the town of Kamisu 66, 12-year-old Saki Watanabe has just awakened to her powers and is relieved to rejoin her friends—the mischievous Satoru Asahina, the shy Mamoru Itou, the cheerful Maria Akizuki, and Shun Aonuma, a mysterious boy whom Saki admires—at Sage Academy, a special school for psychics. However, unease looms as Saki begins to question the fate of those unable to awaken to their powers, and the children begin to get involved with secretive matters such as the rumored Tainted Cats said to abduct children.

Shinsekai yori tells the unique coming-of-age story of Saki and her friends as they journey to grow into their roles in the supposed utopia. Accepting these roles, however, might not come easy when faced with the dark and shocking truths of society, and the impending havoc born from the new world.

(Source: MAL Rewrite)",2012,https://anilist.co/anime/13125,anilist,anilist:13125
Snow White with the Red Hair,,anime,,,7.6,161907.0,,,Akagami no Shirayuki-hime,"drama, fantasy, romance","In the kingdom of Tanbarun lives Shirayuki, an independent and strong-willed young woman. Her resourceful intelligence has led her become a skilled pharmacist, but her most defining trait is her shock of beautiful apple-red hair. Her dazzling mane gets her noticed by the prince of the kingdom, but instead of romancing her, he demands she be his concubine. Shirayuki refuses, chops off her lovely locks, and runs away to the neighboring kingdom of Clarines. There, she befriends a young man named Zen, who, SURPRISE, is also a prince, although with a much better temperament than the previous one. Watch as Shirayuki finds her place in the new kingdom, and in Zen’s heart.

(Source: FUNimation)",2015,https://anilist.co/anime/21058,anilist,anilist:21058
JoJo's Bizarre Adventure: STONE OCEAN,,anime,,,8.0,161632.0,,,JoJo no Kimyou na Bouken: Stone Ocean,"action, adventure, drama, supernatural","In Florida, 2011, Jolyne Kuujou sits in a jail cell like her father Joutarou once did; yet this situation is not of her own choice. Framed for a crime she didn’t commit, and manipulated into serving a longer sentence, Jolyne is ready to resign to a dire fate as a prisoner of Green Dolphin Street Jail. Though all hope seems lost, a gift from Joutarou ends up awakening her latent abilities, manifesting into her Stand, Stone Free. Now armed with the power to change her fate, Jolyne sets out to find an escape from the stone ocean that holds her.

However, she soon discovers that her incarceration is merely a small part of a grand plot: one that not only takes aim at her family, but has additional far-reaching consequences. What's more, the mastermind is lurking within the very same prison, and is under the protection of a lineup of menacing Stand users. Finding unlikely allies to help her cause, Jolyne sets course to stop their plot, clear her name, and take back her life.

(Source: MAL Rewrite)",2021,https://anilist.co/anime/131942,anilist,anilist:131942
Hellsing Ultimate,,anime,,,8.1,161471.0,,,HELLSING OVA,"action, horror, supernatural","Hellsing, a secret organization of the British government, has long been battling supernatural threats to keep the people safe from creatures of the night. The current leader, Integra Wingates Hellsing controls her own personal army to eliminate the undead beings, but even her highly trained soldiers pale in comparison to her most trusted vampire exterminator, a man by the name of Alucard, who is actually a powerful vampire himself. Along with Integra's mysterious butler and Alucard's new vampire minion, Seras Victoria, The Hellsing Organization must face not only regular ghouls and vampires, but a rivaling secret organization from the Vatican, and Millennium, an enigmatic group of madmen spawned by a certain war over 50 years ago...
A bloody battle between monsters is about to begin, the dead are dancing, and all hell is singing...",2006,https://anilist.co/anime/777,anilist,anilist:777
My Love Story with Yamada-kun at Lv999,,anime,,,7.8,161172.0,,,Yamada-kun to Lv999 no Koi wo Suru,"comedy, drama, romance","Akane Kinoshita, a female college student, faces the absolute worst situation when she ends up breaking up with her boyfriend after he has an affair with a woman he met playing an online game. While relieving her stress by rampaging through the open hunting grounds of an online game, Akane spills everything about her heartbreak to “Yamada”, a player she met by chance who happens to be in the same guild. “I don't care,” is his curt reply. But when Akane gets a makeover and joins an offline event to get back at her ex-boyfriend, she hears those dreadful words again. And that was Akane's fateful encounter with “Yamada”─！

(Source: Crunchyroll)",2023,https://anilist.co/anime/154965,anilist,anilist:154965
When They Cry,,anime,,,7.5,160892.0,,,Higurashi no Naku Koro ni,"horror, mystery, psychological, supernatural, thriller","After moving into the quiet town of Hinamizawa, Maebara Keiichi spends his days blissfully in school often playing games with his local friends. However, appearances can be deceiving. One fateful day, Keiichi stumbles upon news of a murder that had occurred in Hinamizawa. From this point on, horrific events unfold in front of Keiichi, as he soon learns his close friends may not be all that they seem. Based on the amateur mystery game by 07th Expansion, the story is told in a series of different scenarios. ",2006,https://anilist.co/anime/934,anilist,anilist:934
Saekano: How to Raise a Boring Girlfriend,,anime,,,7.3,160573.0,,,Saenai Heroine no Sodatekata,"comedy, romance, slice of life","The life of Tomoyo Aki, a highschool otaku working part time to support his BD hoarding. With remarkable luck, he bumps head-first into Megumi Kato, the most beautiful girl he has ever seen. Naturally, the meeting twists his life into a complicated torrent of relationships. Eriri Spencer Sawamura, his half-foreigner childhood friend who’s always valued her relationship with MC. Kasumigaoka Utaha, a cold, composed renowned literary genius who shoves everyone aside from our protagonist. What is this? An eroge introduction?

The tale of a small not quite doujin circle, but not quite indie studio’s journey through the tough territory of comiket and beyond.

Note: Includes episode 0.",2015,https://anilist.co/anime/20657,anilist,anilist:20657
86 EIGHTY-SIX Part 2,,anime,,,8.6,160553.0,,,86: Eighty Six Part 2,"action, drama, mecha, sci-fi","The second cour of 86: Eighty Six.

Having bid Lena farewell, Shin and the surviving members of the Spearhead squadron continue into the heart of Legion territory. There, they endure countless hardships until they're rescued by the Federal Republic of Giad, a reformed nation that offers them a second chance at a peaceful life. But it isn't long before a sense of duty calls the Eighty-Six back to the battlefield. Choosing to enlist in the military, they willingly walk back through the gates of hell, this time joined by a peculiar new ally-Frederica Rosenfort: a haughty young girl with a rare ability and wisdom far beyond her years.

(Source: Yen Press)

Note: The last two episodes were originally set to air in the first two weeks of January 2022, but were postponed to the second and third week of March due to production issues.",2021,https://anilist.co/anime/131586,anilist,anilist:131586
Grimgar of Fantasy and Ash,,anime,,,7.4,160231.0,,,Hai to Gensou no Grimgar,"action, adventure, drama, fantasy","Fear, survival, instinct. Thrown into a foreign land with nothing but hazy memories and the knowledge of their name, they can feel only these three emotions resonating deep within their souls. A group of strangers is given no other choice than to accept the only paying job in this game-like world—the role of a soldier in the Reserve Army—and eliminate anything that threatens the peace in their new world, Grimgar.

When all of the stronger candidates join together, those left behind must create a party together to survive: Manato, a charismatic leader and priest; Haruhiro, a nervous thief; Yume, a cheerful hunter; Shihoru, a shy mage; Mogzo, a kind warrior; and Ranta, a rowdy dark knight. Despite its resemblance to one, this is no game—there are no redos or respawns; it is kill or be killed.

It is now up to this ragtag group of unlikely fighters to survive together in a world where life and death are separated only by a fine line.
",2016,https://anilist.co/anime/21428,anilist,anilist:21428
Food Wars! The Fourth Plate,,anime,,,7.6,160148.0,,,Shokugeki no Souma: Shin no Sara,"comedy, ecchi","The fourth season of Shokugeki no Souma.

The ultimate Regimental Food War continues as the culinary rebels led by Souma and the members of Kyokusei square off against epicurean elitist Azami and the Toutsuki Ten. At stake – the future of dining across Japan. Because if the rebels fail, Azami intends to impose his own tastes and techniques on the entire restaurant industry!

But the fine dining control freak has made a serious mistake in threatening the futures of Souma’s friends and family, as while the rebels may seem less experienced overall, this is ultimately a clash of skill, dedication, and, most of all, taste. That may be a recipe for disaster for the seasoned veterans!

(Source: Sentai Filmworks)",2019,https://anilist.co/anime/109963,anilist,anilist:109963
Vivy -Fluorite Eye's Song-,,anime,,,8.2,160120.0,,,Vivy: Fluorite Eye’s Song,"action, drama, music, sci-fi, thriller","An AI named Matsumoto appears before Vivy, the world’s first autonomous humanoid AI. Matsumoto’s mission is to rewrite history together with Vivy, in order to stop the war between AI and humans that will happen one century later.

(Source: Funimation)",2021,https://anilist.co/anime/128546,anilist,anilist:128546
The Girl Who Leapt Through Time,,anime,,,7.8,159240.0,,,Toki wo Kakeru Shoujo,"drama, romance, sci-fi","The power to travel through time... It can be used for the good of humanity, or just selfishly abused. While many may fantasize about obtaining such a power, it has become nothing less than reality for otherwise-normal schoolgirl Konno Makoto.
After a fated event, her life takes a turn for the extraordinary. Though she initially uses her power to literally ""leap"" into the past and change little things in order to make her life easier, she soon has to face the fact that changing the past can have drastic consequences.
",2006,https://anilist.co/anime/2236,anilist,anilist:2236
Darker than Black,,anime,,,7.7,158628.0,,,DARKER THAN BLACK: Kuro no Keiyakusha,"action, mystery, sci-fi","In Tokyo, an impenetrable field known as ""Hell's Gate"" appeared ten years ago. At the same time, psychics who wield paranormal powers at the cost of their conscience also emerged. Hei is one of the most powerful of these psychic agents, and along with his blind associate, Yin, works for one of the many rival agencies vying to unlock the mysteries of Hell's Gate.

(Source: Anime News Network)",2007,https://anilist.co/anime/2025,anilist,anilist:2025
K,,anime,,,7.1,158313.0,,,K,"action, mystery, supernatural","Yashiro Isana has lived a relatively ordinary, simple life. He lives in the technologically advanced Shizume City and attends Ashinaka High School, a notable high school that is located on an island just outside the areas. Yashiro is friendly with everyone. Nothing seems wrong about him, except perhaps his habit of forgetting where his school-issued PDA is.

However, nothing normal has been happening since the recent murder of Tatara Totsuka, prominent member of the infamous HOMRA. No one knows who exactly killed him but the man responsible bears an uncanny, identical appearance to Yashiro. Seeking vengeance, the Red Clansmen of HOMRA set out to get Yashiro and kill him. Everyone suspects that Yashiro is the murderer.

(Source: Wikipedia)",2012,https://anilist.co/anime/14467,anilist,anilist:14467
Monogatari Series Second Season,,anime,,,8.8,158036.0,,,Monogatari Series: Second Season,"comedy, drama, mystery, psychological, romance, supernatural","Second season of the Monogatari Series, part 1/2. Contains the arcs Tsubasa Tiger, Mayoi Jiangshi, Nadeko Medusa, Shinobu Time, and Hitagi End, from the Nekomonogatari White, Kabukimonogatari, Otorimonogatari, Onimonogatari and Koimonogatari light novels, respectively.

These stories take place after the end of the summer vacation when the apparition of the bee had left and the apparition of the phoenix avoided any consequences… Now that Koyomi Araragi and the girls were entering their new school terms, they were once again about to encounter supernatural beings…but this time, they may not be so easy to deal with.

Tsubasa Hanekawa, Mayoi Hachikuji, Nadeko Sengoku, Shinobu Oshino, and finally Hitagi Senjougahara. The girls’ loneliness, their confessions, and their departures… 5 new “stories” begin now.

(Source: Aniplex)

Notes:

 Includes 3 recap episodes from the TV version (Ep. 6, 11, 16).

The recap episodes were not included in the Blu-Ray version of the anime.",2013,https://anilist.co/anime/17074,anilist,anilist:17074
High School DxD BorN,,anime,,,7.0,157966.0,,,High School DxD BorN,"action, comedy, ecchi, fantasy, romance","The third season of High School DxD.

The Red Dragon Emperor, Issei Hyoudou, and the Occult Research Club are back in action as summer break comes for the students of Kuoh Academy. After their fight with Issei’s sworn enemy, Vali and the Chaos Brigade, it is clear just how inexperienced Rias Gremory's team is. As a result, she and Azazel lead the club on an intense training regime in the Underworld to prepare them for the challenges that lie ahead.

While they slowly mature as a team, Issei will once again find himself in intimate situations with the girls of the Occult Research Club. Meanwhile, their adversaries grow stronger and more numerous as they rally their forces. And with the sudden appearance of Loki, the Evil God of Norse Mythology, the stage is set for epic fights and wickedly powerful devils in High School DxD BorN!

(Source: MAL Rewrite)",2015,https://anilist.co/anime/20745,anilist,anilist:20745
INUYASHIKI LAST HERO,,anime,,,7.4,157913.0,,,Inuyashiki,"action, drama, psychological, sci-fi","Ichiro Inuyashiki is down on his luck. While only 58 years old, his geriatric looks often have him written off as a pathetic old man by the world around him and he's constantly ignored and disrespected by his family despite all that he's done to support them. On top of everything else, his doctor has revealed that he has cancer and it appears that he has little time left in this world. But just when it seems things couldn't get any worse, a blinding light in the night sky strikes the earth where Ichiro stands. He later wakes up to find himself unscathed, but he soon starts to notice that there's something…different about himself.

(Source: Crunchyroll)",2017,https://anilist.co/anime/97922,anilist,anilist:97922
"BOFURI: I Don't Want to Get Hurt, so I'll Max Out My Defense.",,anime,,,7.4,157838.0,,,Itai no wa Iya nano de Bougyoryoku ni Kyokufuri Shitai to Omoimasu.,"action, adventure, comedy, fantasy, slice of life","The story centers on Kaede Honjou, who is invited by her friend Risa Shiramine to play a virtual reality MMO game with her. While Kaede doesn't dislike games, what she really, truly dislikes is being in pain. She creates a character named Maple, and decides to put all her points in VIT to minimize pain. As a result, she moves slowly, can't use magic, and even a rabbit can get the best of her. However, as it turns out, she acquires a skill known as ""Absolute Defense"" as a result of her pumping points into VIT, as well as a ""Counter Skill"" that works against special moves. Now, with her ability to nullify all damage, she goes on adventures.(Source: Anime News Network, edited)",2020,https://anilist.co/anime/106479,anilist,anilist:106479
Dorohedoro,,anime,,,7.9,157830.0,,,Dorohedoro,"action, adventure, comedy, fantasy, horror, mystery","The story revolves around Kaiman, who does not remember who he was before he was transfigured by a Magic user. This transformation left him with a reptile's head, and a desire to find out the truth about who he really is. Accompanied by Nikaido, his female companion, he tracks down Magic Users in ""The Hole"" and unceremoniously chomps down on their head, hoping to find out who it was that put him in this state. One by one, they witness this ""second man"" inside the head of Kaiman, and after pulling them back out of his mouth he asks them all a question... ""What did the guy inside my head say?""
",2020,https://anilist.co/anime/105228,anilist,anilist:105228
Food Wars! The Third Plate: Totsuki Train Arc,,anime,,,7.7,157759.0,,,Shokugeki no Souma: San no Sara - Tootsuki Ressha-hen,"comedy, ecchi","The second half of the third season of Shokugeki no Souma.

A dark age of cooking befalls Tootsuki Culinary Academy. With the Elite Ten's devastating coup d'état, Azami Nakiri is now the director of the prestigious school. Students must now conform to Azami's ideology of ""true gourmet food"" and are forbidden to express creativity, or else face expulsion.

However, Souma Yukihira and the members of the Polar Star Dormitory refuse to accept these changes. Aided by other rebellious first-years, including the tenth seat, Erina Nakiri, Souma and his allies band together to fight off supporters of Azami's regime. But corrupt instructors and the menacing Central organization stand in their way, and so they must work together, harder than ever before, to survive every underhanded plot designed to banish them from the school.

(Source: MAL Rewrite)",2018,https://anilist.co/anime/100773,anilist,anilist:100773
Wise Man’s Grandchild,,anime,,,6.4,157729.0,,,Kenja no Mago,"action, comedy, fantasy, romance","A young man is reborn in another world where he is adopted as a baby by the hero Merlin Wolford and named Shin. By his 15th birthday, Shin has accumulated all kinds of power by studying under Merlin, but one thing his adoptive grandfather didn't give him was a lick of common sense. 
(Source: Anime News Network)",2019,https://anilist.co/anime/100112,anilist,anilist:100112
GAMERS!,,anime,,,6.5,157204.0,,,Gamers!,"comedy, drama, romance, slice of life","Keita Amano is a fan of one thing: gaming! Whether he’s on his phone or console, he just loves playing video games. And when the beautiful president of the game club, Karen Tendou, invites him to join, it seems like an EZ choice. Except, he declines! KO’d by the shock, Karen suddenly makes getting close to Amano her main quest. But she’s not the only one interested in him!

(Source: Funimation)",2017,https://anilist.co/anime/97766,anilist,anilist:97766
Himouto! Umaru-chan,,anime,,,6.7,156651.0,,,Himouto! Umaru-chan,"comedy, slice of life","The sibling gag comedy manga centers around Umaru, Taihei's little sister who boasts beautiful looks as well as prowess in both school and sports. However, ""Himouto"" (beautiful little sister) has a certain secret.

(Source: Anime News Network)",2015,https://anilist.co/anime/20987,anilist,anilist:20987
Fruits Basket The Final Season,,anime,,,8.9,156634.0,,,Fruits Basket: The Final,"comedy, drama, psychological, romance, slice of life, supernatural","After last season’s revelations, the Soma family moves forward, but the emotional chains that bind them are not easily broken. Unable to admit why she wants the cure, Tohru wrestles with the truth, aware that time is running out for someone close.

And a secret still lurks that could break another’s heart. But hope is not lost—a clue to the curse is found. Could their imprisonment’s end be near?
(Source: Funimation)
Note: This season premiered on Funimation and AnimeLab on March 20, 2021. The Japanese broadcast started two weeks later on April 6, 2021.",2021,https://anilist.co/anime/124194,anilist,anilist:124194
Darwin's Game,,anime,,,7.0,156142.0,,,Darwin's Game,"action, mystery, sci-fi, thriller","Kaname Sudou, an ordinary high school student, receives an invitation email to try a mysterious app called ""Darwin's Game."" Kaname, upon launching the app, is drawn into a game where players fight one another using superpowers called Sigils. Without knowing the reason for all this, can Kaname survive furious battles against the powerful players who attack him?

(Source: Aniplex of America)

Note: The first episode aired with a runtime of ~48 minutes as opposed to the standard 24 minute long episode.",2020,https://anilist.co/anime/105190,anilist,anilist:105190
My Hero Academia: Heroes Rising,,anime,,,7.8,155783.0,,,Boku no Hero Academia THE MOVIE: Heroes:Rising,"action, sci-fi","The second installment in the Boku no Hero Academia movie franchise.

The aspiring heroes of UA Class 1-A have been given a new training opportunity during their winter break: To establish and maintain their own professional Hero Agency on the idyllic island of Nabu far off the coast of Japan. There, they'll experience the everyday travails of being heroes, for the first time without the support of their instructors or chaperons. It's a challenging assignment, but one the plucky students of UA are more than equipped to face – that is, until the arrival of a team of villains lead by the ruthless Nine and his eerily familiar quirk. Cut off from any backup and facing their greatest threat yet, it's up to Deku, Bakugo, and their classmates to face unspeakable danger to protect not only the people of the island, but the future of all Hero society.

(Source: Anime News Network)",2019,https://anilist.co/anime/108553,anilist,anilist:108553
InuYasha,,anime,,,7.6,155623.0,,,Inuyasha,"action, adventure, comedy, fantasy, romance","Kagome Higurashi, an average ninth grader, gets pulled into an ancient well by a demon, bringing her 500 years in the past to the feudal era. There, she meets Inuyasha, a half-demon who seeks the Shikon Jewel to make himself a full-fledged demon. With Inuyasha and new friends, Kagome's search for the Jewel of Four Souls begins...

(Source: Viz Media)",2000,https://anilist.co/anime/249,anilist,anilist:249
DAN DA DAN Season 2,,anime,,,8.4,155530.0,,,Dandadan 2nd Season,"action, comedy, drama, romance, sci-fi, supernatural","The second season of Dandadan. Okarun and Jiji have made a strange discovery, while Momo finds herself under attack! What mysterious encounters await them next?!

(Source: Netflix Anime Twitter)

Notes: 
- Worldwide premiere of Episodes 1-3 titled as DAN DA DAN: EVIL EYE before the Japanese premiere was pre-screened in advance in theaters on June 6, 2025 in North America by GKIDS Films and June 7 and 8 in Europe by Piece of Magic Entertainment and Animation Digital Network.",2025,https://anilist.co/anime/185660,anilist,anilist:185660
The Seven Deadly Sins: Signs of A Holy War,,anime,,,6.7,155088.0,,,Nanatsu no Taizai: Seisen no Shirushi,"action, adventure, comedy, ecchi, fantasy, supernatural","Four-part original story by mangaka Nakaba Suzuki. Having taken the kingdom of Leones back from Holy Knights, the Seven Deadly Sins, along with Elizabeth and Hawk, can finally enjoy peaceful lives they earned. However, with premonitions of a new threat looming, their happy, ordinary days are about to end.",2016,https://anilist.co/anime/21385,anilist,anilist:21385
Mushoku Tensei: Jobless Reincarnation Season 2 Part 2,,anime,,,8.3,154985.0,,,Mushoku Tensei II: Isekai Ittara Honki Dasu Part 2,"adventure, drama, ecchi, fantasy","The second cour of Mushoku Tensei II: Isekai Ittara Honki Dasu.

Following the faceless god Hitogami's advice seems to have worked wonders for Rudeus Greyrat. After enrolling into the University of Magic as he was told, Rudeus reunites with his childhood friend Sylphiette, who put a valiant effort into curing his condition. The two grow ever closer together and decide to host a wedding party, inviting the friends they have made over the years to announce and formalize their relationship.

For all his recent blessings, however, Rudeus' troubles are far from over. The research he is helping Shizuka Nanahoshi conduct hits a bottleneck, sending her into a deep slump much like he experienced in his previous life. Furthermore, a letter from his father, Paul, brings complications to Rudeus' relationships, and Sylphiette still knows next to nothing about his real background. In the face of these issues, Rudeus will have to apply the lessons he has learned in this new world to navigate through the challenges that come with living a life to its fullest.

(Source: MAL Rewrite)",2024,https://anilist.co/anime/166873,anilist,anilist:166873
"Josee, the Tiger and the Fish",,anime,,,8.2,154307.0,,,Josee to Tora to Sakanatachi,"drama, romance, slice of life","The story centers on the relationship between Tsuneo and Josee. Tsuneo is a university student, and Josee is a young girl who has rarely gone out of the house by herself due to her being unable to walk. The two meet when Tsuneo finds Josee's grandmother taking her out for a morning walk.

(Source: Anime News Network)",2020,https://anilist.co/anime/113596,anilist,anilist:113596
Teasing Master Takagi-san,,anime,,,7.4,154173.0,,,Karakai Jouzu no Takagi-san,"comedy, romance, slice of life","Having a friend that knows you inside out should be a good thing, but in Nishikata's case, the opposite is true.

His classmate Takagi loves to tease him on a daily basis, and she uses her extensive knowledge of his behavior to predict exactly how he will react to her teasing, making it nearly impossible for Nishikata to ever make a successful comeback. Despite this, Nishikata vows to someday give Takagi a taste of her own medicine by making her blush out of embarrassment from his teasing.
",2018,https://anilist.co/anime/99468,anilist,anilist:99468
Magi: The Kingdom of Magic,,anime,,,8.1,153149.0,,,Magi: The kingdom of magic,"action, adventure, fantasy","After celebrating their victory against Al-Thamen, Aladdin and his friends depart the land of Sindria. With the end of the battle, however, comes the time for each of them to go their separate ways. Hakuryuu and Kougyoku are ordered to go back to their home country, the Kou Empire. Meanwhile Aladdin announces he needs to head for Magnostadt—a mysterious country ruled by magicians—to investigate the mysterious events occurring in this new kingdom and become more proficient in magic. For their part, encouraged by Aladdin's words, Alibaba and Morgiana also set off in pursuit of their own goals: training and going to her homeland, respectively.

Magi: The Kingdom of Magic follows these friends as they all go about their separate adventures, each facing their own challenges. However, a new threat begins to rise as a great war looms over the horizon...

[Written by MAL Rewrite]",2013,https://anilist.co/anime/18115,anilist,anilist:18115
GTO: Great Teacher Onizuka,,anime,,,8.4,153141.0,,,GTO,"comedy, drama, slice of life","Onizuka is a reformed biker gang leader who has his sights set on an honorable new ambition: to become the world's greatest teacher... for the purpose of meeting sexy high school girls. Okay, so he's mostly reformed.
However, strict administrators and a class of ruthless delinquents stand between Onizuka and his goal and they will use any means, however illegal or low, to drive the new teacher away. Perfect, because Onizuka's methods won't be found in any teaching manual; he cares about the difference between legal and illegal activities about as much as he cares for the age difference between himself and a high school girl.
So get ready for math that doesn't add up, language you'd be slapped for using, and biology that would make a grown man blush... unless of course, you're the Great Teacher Onizuka.

 Note: Episode 1 has an airtime of 48 minutes.",1999,https://anilist.co/anime/245,anilist,anilist:245
A Place Further Than the Universe,,anime,,,8.4,153032.0,,,Sora yori mo Tooi Basho,"adventure, comedy, drama","Mari Tamaki is in her second year of high school and wants to start something. It's then that she meets Shirase, a girl with few friends who's considered weirdo by the rest of the class and nicknamed ""Antarctic"" since it's all she ever talks about. Unlike her peers, Mari is moved by Shirase's dedication and decides that even though it's unlikely that high school girls will ever go to Antarctica, she's going to try to go with Shirase.

(Source: Anime News Network)",2018,https://anilist.co/anime/99426,anilist,anilist:99426
Berserk,,anime,,,8.4,152931.0,,,Kenpuu Denki Berserk,"action, adventure, drama, fantasy, horror, supernatural","Set during a time that very much resembles Europe during the Middle Ages, Berserk is a story of revenge set in the castle town of Midland. Recently, the town has seen the rise of a wicked king, who uses demonic minions to control and victimise his subjects.

However, when a lone soldier enters the town calling himself the Black Swordsman and armed to the teeth, many sense that the king's days of unchecked oppression are over. Soon, the Black Swordsman is plying his trade by hunting down the king's evil servants, giving no quarter, and preparing to exact his vengeance on the king.

(Source: MVM Entertainment)",1997,https://anilist.co/anime/33,anilist,anilist:33
Monster Musume: Everyday Life With Monster Girls,,anime,,,6.6,152141.0,,,Monster Musume no Iru Nichijou,"comedy, ecchi, fantasy, romance","Monsters: they're real, and they want to date us!

Three years ago, the world learned that harpies, centaurs, catgirls, and all manners of fabulous creatures are not merely fiction; they are flesh and blood - not to mention scale, feather, horn, and fang. Thanks to the ""Cultural Exchange Between Species Act,"" these once-mythical creatures have assimilated into society, or at least, they're trying.

When a hapless human teenager named Kurusu Kimihito is inducted as a ""volunteer"" into the government exchange program, his world is turned upside down. A snake-like lamia named Miia comes to live with him, and it is Kurusu's job to take care of her and make sure she integrates into his everyday life.

Unfortunately for Kurusu, Miia is undeniably sexy, and the law against interspecies breeding is very strict. Even worse, when a ravishing centaur girl and a flirtatious harpy move in, what's a full-blooded teenage human with raging hormones to do?!

(Source: Anime News Network)",2015,https://anilist.co/anime/21093,anilist,anilist:21093
Laid-Back Camp,,anime,,,8.1,152073.0,,,Yuru Camp△,"comedy, slice of life","Rin likes to go camping by herself along the lakes that provide a scenic view of Mt. Fuji. Nadeshiko loves to take cycling trips by herself to places where she can see Mt. Fuji. After they meet, Rin and Nadeshiko take camping trips, eat cup ramen together, and enjoy the scenery. (Source: Anime News Network)",2018,https://anilist.co/anime/98444,anilist,anilist:98444
Sword Art Online Alternative: Gun Gale Online,,anime,,,6.9,152004.0,,,Sword Art Online Alternative: Gun Gale Online,"action, sci-fi","The story follows Karen Kohiruimaki, a 183-centimeter-tall (6-foot-tall) college student who's insecure about her height, and is bad at dealing with people in the real world. She enters the world of Gun Gale Online with her avatar, Ren, who is less than 150 centimeters (5 feet) tall and wears all pink. She meets a beautiful, brown-skinned female player who goes by Pitohui. They hit it off, but one day Pitohui pressures her to participate in ""Squad Jam,"" a team battle royale variation of the Bullet of Bullets tournament.

(Source: Anime News Network)",2018,https://anilist.co/anime/100183,anilist,anilist:100183
K-ON! Season 2,,anime,,,8.2,151757.0,,,K-ON!!,"comedy, music, slice of life","It is the new year, which means that the senior members of the Light Music Club are now third-years, with Azusa Nakano being the only second-year. The seniors soon realize that Azusa will be the only member left once they graduate and decide to recruit new members. Despite trying many methods of attracting underclassmen—handing out fliers, bringing people into the clubroom, and performing at the welcoming ceremony—there are no signs of anyone that plans to join.

While heading to the clubroom, Azusa overhears Yui Hirasawa say that the club is fine with only five people and that they can do many fun things together. Changing her mind, she decides that they do not need to recruit any members for the time being.

K-On!! revolves around the members of the Light Music Club as they experience their daily high school life. From rehearsing for concerts to just messing around, they are ready to make their last year together an exciting one!

(Source: MAL Rewrite)",2010,https://anilist.co/anime/7791,anilist,anilist:7791
takt op.Destiny,,anime,,,6.9,151594.0,,,takt op.Destiny,"action, fantasy, music","Music is the light that illuminates people's hearts-- and that ""light"" was suddenly taken from the world. The world changed the night the black ""Kuroya Meteorite"" fell. Grotesque monsters known as D2 emerged from the meteorite and began to overrun the land and people. As the D2 were drawn to melodies people played, eventually ""music"" itself became taboo. 

However, those who opposed the monsters appeared. They the ""Musicart,"" girls who draw power from music. They possess the great operas and musical scores of humanity history and use them to defeat the D2.

(Source: Crunchyroll)",2021,https://anilist.co/anime/131565,anilist,anilist:131565
Ghost in the Shell,,anime,,,8.0,151405.0,,,GHOST IN THE SHELL: Koukaku Kidoutai,"action, psychological, sci-fi","2029: A female cybernetic government agent, Major Motoko Kusanagi, and the Internal Bureau of Investigations are hot on the trail of “The Puppet Master,” a mysterious and threatening computer virus capable of infiltrating human hosts. Together with her fellow agents from Section 9, Kusanagi embarks on a high-tech race against time to capture the omnipresent entity.

(Source: Lionsgate Films)",1995,https://anilist.co/anime/43,anilist,anilist:43
Little Witch Academia (TV),,anime,,,7.7,151338.0,,,Little Witch Academia (TV),"comedy, fantasy","In a time when magic is on the decline amid society, Atsuko Kagari is a cheerful girl who enters Luna Nova Academy in order to accomplish her dream of becoming a witch like her idol, Shiny Chariot. Shiny is a famous witch who disappeared from public view many years ago. On her way to school, Kagari meets the kind Lotte Yanson and the mischevious Sucy Manbavaran and the three become friends as they share a bedroom in campus. At the academy, Atsuko soon discovers she is in serious disadvantage compared to the other girls since she doesn`t come from a magical family and is required to learn the magical curriculum from scratch. Having found an item that once belonged to Chariot, Atsuko must discover how to activate and properly use the mysterious Shiny Rod as she hopes it might lead to finding out what has truly happened to her vanished idol.

(Source: Anime News Network)",2017,https://anilist.co/anime/21858,anilist,anilist:21858
Miss Kobayashi's Dragon Maid S,,anime,,,8.1,151183.0,,,Kobayashi-san Chi no Maidragon S,"comedy, fantasy, slice of life","A strange turn of events leads the Dragon, Tohru, to work as Miss Kobayashi's maid. She occasionally (that's a lie, she often) causes trouble for her beloved Miss Kobayashi while blending into human society and splendidly (that's a lie, only mediocrely) carrying out her maid duties. Her fellow dragons, Kanna, Lucoa, Fafnir, and Elma all find their own places to fit in as well and enjoy interspecies interactions with the humans. Yet while they're all enjoying that laid-back and occasionally turbulent left, the threat of a new Dragon swoops down upon Miss Kobayashi.

(Source: Crunchyroll)
",2021,https://anilist.co/anime/107717,anilist,anilist:107717
Nisekoi:,,anime,,,7.1,150816.0,,,Nisekoi:,"comedy, romance, slice of life","The relationship antics continue as Chitoge starts to realize that she is actually in love with Raku. Kosaki's younger sister Haru, who wants to protect her sister from the supposedly-depraved Raku, gets added to the mix. Other highlights include the introductions of Hana (Chitoge's mother) and Paula McCoy (Seishiro's assassin rival) and Kosaki's brief stint as a magical girl.(Source: Anime News Network)",2015,https://anilist.co/anime/20876,anilist,anilist:20876
Kizumonogatari Part 1: Tekketsu,,anime,,,8.3,150727.0,,,Kizumonogatari I: Tekketsu-hen,"action, drama, ecchi, mystery, psychological, supernatural","First season of the Monogatari Series, part 2/6. Contains the arc Koyomi Vamp from the Kizumonogatari light novel. 

March 25th—just another day during spring break. Koyomi Araragi, a second year high school student at Naoetsu High School, befriends Tsubasa Hanekawa, the top honors student at his school. Hanekawa mentions a rumor about a ""blonde vampire"" that has been sighted around their town recently. Araragi, who is usually anti-social, takes a liking to her down-to-earth personality.

That night, Araragi encounters the rumored vampire: she is Kiss-Shot Acerola-Orion Heart-Under-Blade, also known as the ""iron-blooded, hot-blooded, cold-blooded King of Apparitions."" The stunningly beautiful vampire cries out for Koyomi to save her as she lies in a pool of her own blood, all four of her limbs cut off. Kiss-shot asks Araragi to give her his blood, and when he does, the next moment he awakes, Araragi finds himself reborn as her vampire kin. As Araragi struggles to accept his existence, Kiss-Shot whispers, ""Welcome to the world of darkness...""

(Source: Aniplex)",2016,https://anilist.co/anime/9260,anilist,anilist:9260
The Millionaire Detective - Balance: UNLIMITED,,anime,,,7.4,150693.0,,,Fugou Keiji: Balance:UNLIMITED,"action, comedy, mystery, sci-fi","Based on Yasutaka Tsutsui's novel, Fugou Keiji.

The story centers around millionaire Daisuke Kambe, the heir to one of the wealthiest families in Japan, who is assigned as a detective to the Modern Crime Prevention Task Force (aka MCPTF), at the Tokyo Metropolitan Police Department. Taking full advantage of his vast family wealth, he spares no expense in solving complex crimes, and has the tendency to evaluate everything including individual human lives in terms of their monetary value. Haru Katou, a detective with a compassionate heart who believes that money isn’t everything, is chosen as Kambe’s partner but is repulsed by his materialistic attitude. Having diametrically opposing personalities, witness how the two join forces to tackle seemingly unsolvable crimes and mysteries!

(Source: Fuji Creative Corporation)

Note: Although Tsutsui's novel was published between 1975 and 1977, the anime plays out in the modern era.",2020,https://anilist.co/anime/114888,anilist,anilist:114888
Overlord IV,,anime,,,8.0,150166.0,,,Overlord IV,"action, adventure, fantasy","The fourth season of Overlord.

E-Rantel, the capital city of the newly established Sorcerer Kingdom, suffers from a dire shortage of goods. Once a prosperous city known for its trade, it now faces a crisis due to its caution—or even fear—of its king, Ainz Ooal Gown. To make amends, Ainz sends Albedo to the city as a diplomatic envoy.

Meanwhile, the cardinals of the Slane Theocracy discuss how to retaliate against Ainz after his attack crippled the Re-Estize Kingdom's army, plotting for the Baharuth Empire to take over the Sorcerer Kingdom. However, when Emperor Jircniv Rune Farlord El Nix arranges a meeting with the Theocracy's messengers at a colosseum, he is confronted by none other than Ainz himself.

With their secret gathering now out in the open, the emperor and his guests learn that Ainz has challenged the Warrior King, the empire's greatest fighter, to a duel. With Ainz's motivations beyond his comprehension, Jircniv can do nothing but watch as humanity's future changes before his very eyes.

(Source: MAL Rewrite)",2022,https://anilist.co/anime/133844,anilist,anilist:133844
The Eminence in Shadow Season 2,,anime,,,8.2,150053.0,,,Kage no Jitsuryokusha ni Naritakute! 2nd season,"action, comedy, fantasy","The second season of Kage no Jitsuryokusha ni Naritakute! 

Everything has been going according to plan, but the hour of awakening draws near. Cid Kagenou and Shadow Garden investigate the Lawless City, a cesspool where the red moon hangs low in the sky and three powerful monarchs rule the streets. The true draw for Cid, however, is one who can draw blood–the Blood Queen, a vampire who has slumbered in her coffin for eons. Her awakening approaches, and Cid could finally face a day of reckoning. 

(Source: HIDIVE, edited)

Note: A world premiere screening of Episode 1 was shown in the The Eminence in Shadow 2nd Season panel at Anime Expo on July 1, 2023.",2023,https://anilist.co/anime/161964,anilist,anilist:161964
Haganai,,anime,,,6.7,149963.0,,,Boku wa Tomodachi ga Sukunai,"comedy, ecchi, romance, slice of life","Hasegawa Kodaka has transferred schools, and he's having a hard time making friends. It doesn't help that his blond hair tends to make people think he's a delinquent. One day, he runs into his bad-tempered solitary classmate Yozora while she's talking animatedly to her imaginary friend Tomo. Realizing that neither of them have any actual friends, they decide that the best way to alter this situation is to form a club and start recruiting. 
That is how ""Rinjinbu"", The Neighbours' Club, was formed, a club specifically designed for people who don't have very many friends. As other lonely classmates slowly join their little club, they'll try to learn how to build friendships through cooking together, playing games, and other group activities. But will this group of relationship-challenged misfits really be able to get along?
",2011,https://anilist.co/anime/10719,anilist,anilist:10719
Trigun,,anime,,,8.0,149558.0,,,TRIGUN,"action, adventure, comedy, drama, sci-fi","Vash the Stampede is a wanted man with a habit of turning entire towns into rubble. The price on his head is a fortune, and his path of destruction reaches across the arid wastelands of a desert planet. Unfortunately, most encounters with the spiky-haired gunslinger don't end well for the bounty hunters who catch up with him; someone almost always gets hurt - and it's never Vash.

Oddly enough, for such an infamous fugitive, there's no proof that he's ever taken a life. In fact, he's a pacifist with a doughnut obsession who's more doofus than desperado. There's a whole lot more to him than his reputation lets on - Vash the Stampede definitely ain't your typical outlaw.

(Source: Funimation)",1998,https://anilist.co/anime/6,anilist,anilist:6
BTOOOM!,,anime,,,6.8,149377.0,,,BTOOOM!,"action, psychological, sci-fi","In the blink of the mind's eye, Ryouta Sakamoto suddenly finds himself transported from playing the hit Btoom! video game to being stranded on a mysterious island, equipped with a day's worth of provisions, a bag of bombs, a strange crystal embedded in his left hand and a huge gaping hole in his memory. But it doesn't take long to figure out what's going on, especially after the first person Ryouta meets tries to kill him. Someone is attempting to recreate the ultra-violent Btoom! game in real life, and the island has been filled with an army of other unwilling players, each armed with one of the multiple variants of explosive weapons called BIM. Fortunately, Ryouta's an ace Btoom! player, but this insane version of the game has no reset switch or second lives, and there's only one way off the island: kill seven other people before they can kill you! Can Ryouta repurpose his game based skills fast enough to survive? 
(Source: Sentai Filmworks) ",2012,https://anilist.co/anime/14345,anilist,anilist:14345
WIND BREAKER,,anime,,,7.8,149052.0,,,WIND BREAKER,"action, comedy, drama","Where the average scores are the lowest, but the fights are the strongest. Furin High School is renowned as a super school of delinquents. Haruka Sakura, a first-year student, came from outside the city to fight to the top. However, Furin High School has become a group that protects the town called the “Chime of the Wind Breaker” – Bofurin. The heroic legend of high school delinquent Sakura begins here!

(Source: Crunchyroll)",2024,https://anilist.co/anime/163270,anilist,anilist:163270
Amagi Brilliant Park,,anime,,,7.2,148877.0,,,Amagi Brilliant Park,"comedy, fantasy","When new transfer student Isuzu asks Seiya Kanie out on a date at gunpoint, he knows something odd is going on. Especially since she wants to go to Amagi Brilliant Park, where the rides are either dangerous or mind-numbingly dull and the only costumed performers who aren’t rude or apathetic are the ones who didn’t show up for work.

So when Isuzu asks Seiya to take over as the park’s new manager, he knows she’s crazy (Well, crazy-er, given the gunpoint thing.).  But when Seiya learns that Amagi Brilliant Park is a REAL Magic Kingdom, that the costumed performers aren’t wearing costumes, that they live off the energy created by attendees, and that unless they can attract 250,000 attendees in three months, they’ll lose their jobs and homes… he goes a little crazy himself.

But, even with the aid of scantily clad fairies, giant mice and sniper-trained sheep, can anyone rescue a park that’s sunk so low that its own bus doesn’t stop there anymore? The race is on to get the turnstiles turning and save Amagi Brilliant Park!

(Source: Sentai Filmworks)",2014,https://anilist.co/anime/20602,anilist,anilist:20602
Alya Sometimes Hides Her Feelings in Russian,,anime,,,7.5,147524.0,,,Tokidoki Bosotto Russiago de Dereru Tonari no Alya-san,"comedy, romance, slice of life","Alya is a transfer student enjoying popularity at her new high school, often sporting a cold shoulder while earning high marks in class. She ignores her nerdy classmate, Kuze Masachika, except for when she blurts out a flirtatious line to him in Russian. Little does she know, Kuze understands Russian, though he pretends not to. Let’s see where this wacky love story takes them!

(Source: Crunchyroll)",2024,https://anilist.co/anime/162804,anilist,anilist:162804
Akudama Drive,,anime,,,7.5,146194.0,,,Akudama Drive,"action, drama, sci-fi, thriller","Many years ago, a Great Civil War ravaged Japan, leaving the country fragmented between two regions: Kansai and Kanto. In Kansai, a group of six Akudama carry out missions given to them by a mysterious black cat, while evading the police. But a dangerous journey is about to unfold when a civilian girl becomes twisted into the Akudama’s way of life and witnesses their criminal drives.

(Source: Funimation)

Note: On May 28, 2021, a director's cut of the final episode was released which included approximately 5 minutes of new content.",2020,https://anilist.co/anime/116566,anilist,anilist:116566
Kamisama Kiss,,anime,,,8.0,145669.0,,,Kamisama Hajimemashita,"comedy, fantasy, romance, supernatural","Nanami Momozono is alone and homeless after her dad skips town to evade his gambling debts and the debt collectors kick her out of her apartment. So when a man she's just saved from a dog offers her his home, she jumps at the opportunity. But it turns out that his place is a shrine, and Nanami has unwittingly taken over his job as a local deity! 
Nanami has all kinda of new responsibilities she doesn't understand, dangers she's unaware of, and a cranky ex-familiar who's... actually pretty hot. What's a new-fledged godling to do? 
(Source: Viz Media) ",2012,https://anilist.co/anime/14713,anilist,anilist:14713
KONOSUBA -God's blessing on this wonderful world! 3,,anime,,,8.2,145413.0,,,Kono Subarashii Sekai ni Shukufuku wo! 3,"action, adventure, comedy, ecchi, fantasy","The third season of Kono Subarashii Sekai ni Shukufuku wo! 
The dysfunctional party is back, but they may be short a member soon ’cause Kazuma is over it. Disillusioned with adventure, he wants to become a monk, but Aqua, Megumin, and Darkness call bull. However, the career dispute gets put on hold when a princess requests to hear all about their tales. Will the taste of fame at the royal castle keep them together or will this mark their farewell tour?

(Source: Crunchyroll)",2024,https://anilist.co/anime/136804,anilist,anilist:136804
Link Click,,anime,,,8.6,145030.0,,,Shiguang Dailiren,"drama, mystery, supernatural, thriller","In a corner of a bustling city, there is a small shop called ""Time Photo Studio""  operating as usual. Although the entrance looks abandoned, it's actually run by two men with special abilities: Cheng Xiaoshi and Lu Guang. In order to fulfil customers' requests, Lu Guang and Cheng Xiaoshi work together and use their special abilities to enter photos. However, things don't go as planned...

(Source: bilibili, translated)

Note: The final episode aired with a runtime of ~31 minutes.",0,https://anilist.co/anime/126403,anilist,anilist:126403
Kuroko's Basketball 3,,anime,,,8.1,144996.0,,,Kuroko no Basket 3rd SEASON,"comedy, sports","Following their triumph against Yousen High, Seirin's basketball team has reached the semifinals of the Winter Cup along with Kaijou, Rakuzan, and Shuutoku. Each of these teams possesses a member of the Generation of Miracles, and Seirin prepares to face the largest obstacles on their path to winning the Winter Cup.  

In the final season of Kuroko no Basket, Kuroko goes head-to-head with his old teammates once more as he attempts to show them that individual skill is not the only way to play basketball. His firm belief that his form of basketball, team play, is the right way to play the sport will clash with the talents of a perfect copy and an absolute authority.  

While Kuroko tries to prove that his basketball is ""right,"" he and the rest of Seirin High ultimately have one goal: to win the Winter Cup and overcome the strength of the Generation of Miracles, who have long dominated the scene of middle and high school basketball.  

(Source: MAL Rewrite)",2015,https://anilist.co/anime/20725,anilist,anilist:20725
Komi Can't Communicate Part 2,,anime,,,7.9,144959.0,,,"Komi-san wa, Komyushou desu. 2","comedy, romance, slice of life","The second season of Komi-san wa, Komyushou desu. 

Komi and pals are back! Who else will Komi make friends with? How will her relationship with Tadano evolve? 

(Source: Netflix)
",2022,https://anilist.co/anime/142984,anilist,anilist:142984
Mieruko-chan,,anime,,,7.2,144954.0,,,Mieruko-chan,"comedy, horror, slice of life, supernatural","She can see dead people…she just chooses to ignore them. That’s Miko’s plan, anyway, but it doesn’t seem to be working for her in this love letter to the horror genre that will send shivers down your spine—and occasionally tickle your funny bone.

(Source: Funimation)",2021,https://anilist.co/anime/131083,anilist,anilist:131083
MASHLE: MAGIC AND MUSCLES Season 2,,anime,,,7.8,144803.0,,,MASHLE: Kami Shinkakusha Kouho Senbatsu Shiken-hen,"action, comedy, fantasy","The second season of MASHLE, adapting the Divine Visionary Candidate Exam Arc.

After Mash Burnedead's clash with Magia Lupus, the secret about his powers is now out in the open. The short-lived celebration ends when the Bureau of Magic summons Mash before an audience of Divine Visionaries, who collectively decree Mash should reap the consequences and die. However, an evil shadow organization called Innocent Zero hijacks the inquiry to demand that Mash be kept alive.

Mash proves that he is capable of dealing with Innocent Zero, but the Divine Visionaries' verdict remains unchanged. Luckily, Mash finds unexpected allies in Divine Visionary Rayne Ames and Headmaster Wahlberg Baigan, and they successfully defer his execution until Innocent Zero is defeated. Mash is now allowed to live under one condition: he must be selected as the Divine Visionary candidate by the year's end.

(Source: MAL Rewrite)",2024,https://anilist.co/anime/166610,anilist,anilist:166610
Made in Abyss: Dawn of the Deep Soul,,anime,,,8.5,144511.0,,,Made in Abyss: Fukaki Tamashii no Reimei,"action, adventure, drama, fantasy, horror, mystery, psychological, sci-fi","Dawn of the Deep Soul continues the epic adventure of plucky Riko and Reg who are joined by their new friend Nanachi. Together they descend into the Abyss’ treacherous fifth layer, the Sea of Corpses, and encounter the mysterious Bondrewd, a legendary White Whistle whose shadow looms over Nanachi’s troubled past. Bondrewd is ingratiatingly hospitable, but the brave adventurers know things are not always as they seem in the enigmatic Abyss...

(Source: Sentai Filmworks)",2020,https://anilist.co/anime/100643,anilist,anilist:100643
Classroom of the Elite Season 3,,anime,,,7.9,143783.0,,,Youkoso Jitsuryoku Shijou Shugi no Kyoushitsu e 3rd Season,"drama, psychological","The third season of Youkoso Jitsuryoku Shijou Shugi no Kyoushitsu e.

The third semester kicks off in high gear with a special boot camp deep in the mountains. Forcibly separated into groups along grade and gender lines, the first, second and third years alike must work together to survive the rugged terrain. Even worse? The leader of the group that comes in last will be expelled. Can Class D make it back to campus intact, or is this where they finally say goodbye to one of their own?

(Source: Seven Seas Entertainment)",2024,https://anilist.co/anime/146066,anilist,anilist:146066
Land of the Lustrous,,anime,,,8.3,143777.0,,,Houseki no Kuni,"action, drama, fantasy, mystery, psychological","In the mysterious future, crystalline organisms called Gems inhabit a world that has been destroyed by six meteors. Each Gem is assigned a role in order to fight against the Lunarians, a species who attacks them in order to shatter their bodies and use them as decorations.

Phosphophyllite, also known as Phos, is a young and fragile Gem who dreams of helping their friends in the war effort. Instead, they are told to compile an encyclopedia because of their delicate condition. After begrudgingly embarking on this task, Phos meets Cinnabar, an intelligent gem who has been relegated to patrolling the isolated island at night because of the corrosive poison their body creates. After seeing how unhappy Cinnabar is, Phos decides to find a role that both of the rejected Gems can enjoy. Houseki no Kuni follows Phos' efforts to be useful and protect their fellow Gems.",2017,https://anilist.co/anime/98707,anilist,anilist:98707
In/Spectre,,anime,,,6.8,143691.0,,,Kyokou Suiri,"comedy, mystery, romance, supernatural","At the young age of 11, Kotoko Iwanaga was abducted by youkai for two weeks and asked to become their ""God of Wisdom,"" a mediator between the spirit and human worlds, to which the girl quickly agreed but at the cost of her right eye and left leg. Now, six years later, whenever youkai wish for their problems to be solved, they make their way to Kotoko for consultation.

Meanwhile, Kurou Sakuragawa, a 22-year-old university student, has just broken up with his girlfriend after he fled alone when the two encountered a kappa. Seeing this as her chance to become closer with him, Kotoko immediately makes her move, hoping to get married to Kurou one day. However, she quickly realizes there is something more to Kurou. With this knowledge, she asks for his help in solving the various issues presented by the supernatural, all the while wishing her newfound partner will eventually reciprocate her feelings.
",2020,https://anilist.co/anime/107201,anilist,anilist:107201
The Testament of Sister New Devil,,anime,,,6.2,142981.0,,,Shinmai Maou no Testament,"action, ecchi, fantasy, romance","When a pair of sexy girls, Maria and Mio, come to live with high school student Basara Toujou, his life changes forever. The two girls have a secret that they don’t keep for long—Maria is a succubus, and Mio is a future Demon Lord. But Basara has a secret of his own—he’s the last descendant from a clan of demon-fighting heroes. To make things even more complicated, the girls force Basara into a master-servant contract, and Basara ends up becoming their master! What happens when you put a succubus, a demoness, and a demon-fighting hero under the same roof? They form a bond that will help them to take on anything!

(Source: Funimation)",2015,https://anilist.co/anime/20678,anilist,anilist:20678
Yu Yu Hakusho: Ghostfiles,,anime,,,8.2,142660.0,,,Yuu☆Yuu☆Hakusho,"action, adventure, comedy, supernatural","Urameshi Yusuke, 14 years of age, is about as troublesome and violent as teenagers come. He is constantly ditching school, causing trouble, and getting into numerous fights everyday. One day however, he does the unexpected, sacrificing himself to save a young child. Such an action, was never ever expected, especially coming from someone as troublesome as Urameshi Yusuke. The afterlife is not prepared for Yusuke, as they never thought he would make such a sacrifice. Nowhere to go, and dead, Yusuke becomes a ghost and must earn his way back into existence.
Yusuke is ""employed"" by Koenma, who is in charge while his father and ruler of the afterlife, King Enma, is away. Under Koenma's command, Yusuke helps to stop menacing demons that threaten the lives of people everywhere; whether by stealing priceless and invaluable items and destructive weapons, or by wreaking havoc on humans everywhere.
Throughout Yusuke's journey, he is usually joined by; his arch-rival, and local bully, Kuwabara Kazuma. He is also joined by two demons named Hiei and Kurama, whom are ex-convicts of the afterlife that managed to escape from Koenma.
This group of unlikely allies goes on to participate and struggle in battles that have outcomes that determine the fate of humanity!
(Source: AniDB) ",1992,https://anilist.co/anime/392,anilist,anilist:392
Tsukigakirei,,anime,,,7.8,142253.0,,,Tsuki ga Kirei,"drama, romance, slice of life","It’s the third year of middle school. Kotaro, a bookish boy aspiring to become a novelist, and Akane, a track girl who loves to run, meet in the same class together for the first time. They’re put in charge of the equipment for the sports festival, and slowly grow closer via LINE. How does Kotaro deal with his growing feelings for her?

Meanwhile, Takumi has been in love with Akane since first year, and Akane’s friend, Chinatsu, becomes interested in Kotaro.

A refreshing story of young love set in Kawagoe.

(Source: Crunchyroll)",2017,https://anilist.co/anime/98202,anilist,anilist:98202
The Way of the Househusband,,anime,,,7.1,142240.0,,,Gokushufudou,"comedy, slice of life","He was the fiercest member of the yakuza, a man who left countless underworld legends in his wake. They called him “the Immortal Dragon.” But one day he walked away from it all to travel another path—the path of the househusband! The curtain rises on this cozy yakuza comedy!

(Source: VIZ Media)",2021,https://anilist.co/anime/125426,anilist,anilist:125426
ZOMBIE LAND SAGA,,anime,,,7.4,142088.0,,,Zombie Land Saga,"comedy, music, supernatural","A typical morning. The usual music. Their normal lives. The peace these seven girls experience will suddenly be destroyed. By the living dead... zombies. A reality that they never wanted a part of, an amazing and terrifying zombie world. They all share one wish: ""We want to live."" These girls will struggle through this saga, in order to achieve a miracle. MAPPA, Avex Pictures, and Cygames team up to bring you a juicy, 100% original anime. A timeless shocker for all audiences, a brand new style of zombie anime, will soon rise.

(Source: Crunchyroll)",2018,https://anilist.co/anime/103871,anilist,anilist:103871
Shangri-La Frontier,,anime,,,8.0,140911.0,,,Shangri-La Frontier,"action, adventure, comedy, fantasy, sci-fi"," ""When was the last time I played a game that wasn't crap?"" This is a world in the near future where games that use display screens are classified as retro. Anything that can't keep up with state-of-the-art VR technology is called a ""crap game,"" and you see a large number of crap games coming out. Those who devote their lives to clearing these games are called ""crap-game hunters,"" and Rakuro Hizutome is one of them. The game he's chosen to tackle next is Shangri-La Frontier, a ""god-tier game"" that has a total of thirty million players. Online friends... An expansive world... Encounters with rivals... These are changing Rakuro and all the other players' fates! The best game adventure tale by the strongest ""crap game"" player begins now!

(Source: Crunchyroll)",2023,https://anilist.co/anime/151970,anilist,anilist:151970
My Love Story!!,,anime,,,7.7,140907.0,,,Ore Monogatari!!,"comedy, romance","Takeo Gouda is a giant guy with a giant heart. Too bad the girls don't want him! (They always go for his good-looking best friend, Sunakawa.) Used to being on the sidelines, Takeo simply stands tall and accepts his fate. But one day when he saves a girl named Yamato from a harasser on the train, his (love!) life suddenly takes an incredible turn! Takeo can hardly believe it when he crosses paths with Yamato again, and he finds himself falling in love with her… But with handsome Sunakawa around, does Takeo even stand a chance?
(Source: Crunchyroll)",2015,https://anilist.co/anime/20946,anilist,anilist:20946
A Certain Scientific Railgun,,anime,,,7.5,140808.0,,,Toaru Kagaku no Railgun,"action, fantasy, sci-fi","Academy City is a highly developed place in terms of technology. It is said to be 20 to 30 years ahead of the rest of the world, and 80% of its 2.3 million residents are students. The focus of studies here is directed towards esper powers. Misaka Mikoto, one of the top level espers in town, shares a room with Kuroko Shirai, another high level esper who is a member of Judgement, a law enforcing agency composed of students. Both attend Tokiwadai, a private school reserved for the high-leveled and the rich. Kuroko's partner at Judgement, Kazari Uiharu, is a low level esper who studies at Sakugawa middle school. Her best friend and classmate there is Ruiko Saten, a level zero, one who has no esper powers. Together, the four encounter several adventures in the exciting scientific town. 
(Source: Anime News Network)",2009,https://anilist.co/anime/6213,anilist,anilist:6213
"Say ""I love you"".",,anime,,,7.1,140246.0,,,Sukitte Ii na yo.,"drama, romance","To trust is to set yourself up for failure. That’s the lesson Mei Tachibana learned when her heart was broken. She found a solution: never make any more friends. It’s not as easy as it sounds, but it works for Mei. At least it did until handsome and charming Yamato Kurosawa showed up to complicate everything. Mei’s not looking for a white knight. So why did he have to kiss her and ruin everything? Between heartbeats and behind trembling lips the specter of betrayals past, future, and present haunt them both in Say ""I Love You""!(Source: Hulu)",2012,https://anilist.co/anime/14289,anilist,anilist:14289
That Time I Got Reincarnated as a Slime Season 3,,anime,,,7.7,140181.0,,,Tensei Shitara Slime Datta Ken 3rd Season,"action, adventure, comedy, fantasy","The third season of Tensei Shitara Slime Datta Ken.
Rimuru has officially become a Demon Lord after defeating Clayman. Following Walpurgis, the Demon Lords' banquet, Rimuru's domain is expanded to include the entire Great Forest of Jura. Anticipating a flood of representatives from all races showing up to pay their respects, Rimuru decides to throw a festival to commemorate the opening of Tempest, using it as an opportunity to gain new citizens and present Demon Lord Rimuru to the world. Meanwhile, in the Holy Empire of Lubelius, home base of the monster-hating cult of Luminism, Holy Knight Captain Hinata receives a message from Rimuru. But the message is actually a fabricated declaration of war sent by some unknown party. Upon learning that Hinata is heading for Tempest, Rimuru makes a decision... Thus begins a new challenge for Rimuru, striving to distinguish friend from foe in his pursuit of the ideal nation where humans and monsters can prosper together. 
(Source: Crunchyroll)
",2024,https://anilist.co/anime/156822,anilist,anilist:156822
Re:ZERO -Starting Life in Another World- Season 3,,anime,,,8.4,140069.0,,,Re:Zero kara Hajimeru Isekai Seikatsu 3rd Season,"action, adventure, drama, fantasy, psychological, romance, thriller","The third season of Re:Zero kara Hajimeru Isekai Seikatsu. 

A year has passed since Subaru’s victory at the Sanctuary. He savors a life of fulfillment while Emilia’s camp stands united for the royal selection—until a fateful letter arrives. Anastasia, a royal selection candidate, has invited Emilia to the Watergate City of Priestella. But as the party begins its journey, crisis stirs beneath the surface and Subaru meets a cruel fate once again.
(Source: Crunchyroll) 

Notes:
The first episode has an extended runtime of ~90 minutes, and received an early premiere at Anime Expo on July 5, 2024.",2024,https://anilist.co/anime/163134,anilist,anilist:163134
Tomo-chan Is a Girl!,,anime,,,7.7,140022.0,,,Tomo-chan wa Onnanoko!,"comedy, romance, slice of life","Tomboy Tomo couldn’t have picked a more awkward high school crush ’cause it’s on her childhood friend, Junichiro, but he only sees her as one of the guys. Despite her pretty looks and signals, nothing gets through to this meathead! Will Junichiro ever realize Tomo’s into him and see her for the cutesy girl she actually is?!

(Source: Crunchyroll) ",2023,https://anilist.co/anime/151806,anilist,anilist:151806
The Asterisk War,,anime,,,6.4,140007.0,,,Gakusen Toshi Asterisk,"action, comedy, ecchi, fantasy, romance, sci-fi","Invertia (meteor storm)… an unprecedented disaster that struck the world during the 20th century.

Because of this disaster, numerous cities around the world were destroyed. However, within the meteor, an unknown element called mana (the all-encompassing element), was discovered, which allowed human technology to make rapid strides.

This also gave rise to a new species of human born with unique skills – the Star Pulse Generation (Genestella).

The setting for the world’s greatest comprehensive battle spectacle, the Festas (Star Warrior Festivals), is an academy city above the water surrounded by six academies called Rikka also commonly known as Asterisk. Having transferred into Seidoukan Academy in order to fulfill his own wish, scholarship student Ayato Amagiri swears he too will fight in this city.

Burning souls race…

The curtain rises on this school battle spectacle!

(Source: Crunchyroll)",2015,https://anilist.co/anime/21131,anilist,anilist:21131
Welcome to Demon School! Iruma-kun,,anime,,,7.7,139858.0,,,Mairimashita! Iruma-kun,"comedy, fantasy","Suzuki Iruma has just been abandoned and sold to a demon by his irresponsible parents! Surprisingly, the next thing he knows he's living with the demon who has adopted him as his new grandson, and has been transferred into a school in the demon world where his new ""demon"" grandfather works as the principal. Thus begins the cowardly Iruma-kun's extraordinary school life among the otherworldly as he faces his true self, takes on challenges, and rises to become someone great...",2019,https://anilist.co/anime/107693,anilist,anilist:107693
Barakamon,,anime,,,8.2,139778.0,,,Barakamon,slice of life,"Seishuu Handa is an up-and-coming calligrapher: young, handsome, talented, and unfortunately, a narcissist to boot. When a veteran labels his award-winning piece as ""unoriginal,"" Seishuu quickly loses his cool with severe repercussions. 

As punishment, and also in order to aid him in self-reflection, Seishuu's father exiles him to the Goto Islands, far from the comfortable Tokyo lifestyle the temperamental artist is used to. Now thrown into a rural setting, Seishuu must attempt to find new inspiration and develop his own unique art style—that is, if boisterous children (headed by the frisky Naru Kotoishi), fujoshi middle schoolers, and energetic old men stop barging into his house! The newest addition to the intimate and quirky Goto community only wants to get some work done, but the islands are far from the peaceful countryside he signed up for. Thanks to his wacky neighbors who are entirely incapable of minding their own business, the arrogant calligrapher learns so much more than he ever hoped to. 
(Source: MAL Rewrite)",2014,https://anilist.co/anime/20722,anilist,anilist:20722
Oshi no Ko Season 2,,anime,,,8.5,139755.0,,,[Oshi no Ko] 2nd Season,"drama, mystery, psychological, supernatural","The second season of [Oshi no Ko].

Aqua’s desire for revenge takes center stage as he navigates the dark underbelly of the entertainment world alongside his twin sister, Ruby. While Ruby follows in their slain mother’s footsteps to become an idol, Aqua joins a famous theater troupe in hopes of uncovering clues to the identity of his father — the man who arranged their mother’s untimely death, and the man who once starred in the same troupe Aqua hopes to infiltrate.

(Source: HIDIVE)",2024,https://anilist.co/anime/166531,anilist,anilist:166531
The Devil is a Part-Timer! Season 2,,anime,,,6.5,139495.0,,,Hataraku Maou-sama!!,"comedy, fantasy, romance, slice of life","The second season of  Hataraku Maou-sama!

MgRonald’s best demon lord worker is back, climbing the corporate ladder to become ruler of Earth. But Maou’s plans of domination might need to be put on hold when a small girl claims to be his and Emi’s child!
(Source: Crunchyroll)",2022,https://anilist.co/anime/130592,anilist,anilist:130592
The Familiar of Zero,,anime,,,6.7,139154.0,,,Zero no Tsukaima,"action, adventure, comedy, ecchi, fantasy, romance","Louise is a magician at the Tristein Academy, dubbed with the nickname ""Zero Louise"" due to her inability to effectively use her magic properly, resulting in zero successes. An upcoming test at her academy requires her to summon a familiar, a servant and partner to support her as a magician. Despite desiring a familiar that would be superior to her constantly mocking classmates, Louise ends up summoning Hiraga Saito, your average Japanese boy. Even with Louise and Saito both unwilling to accept each other, they have no choice. Louise cannot attempt another summoning and Saito cannot return to Japan, and so their life together begins. Based on the novel by Noboru Yamaguchi.",2006,https://anilist.co/anime/1195,anilist,anilist:1195
Nekomonogatari Black,,anime,,,7.7,139002.0,,,Nekomonogatari (Kuro),"drama, mystery, psychological, romance, supernatural","First season of the Monogatari Series, part 6/6. Contains the arc Tsubasa Family from the Nekomonogatari Black light novel.

On his way to the bookstore, Koyomi Araragi encounters Tsubasa Hanekawa whose face is covered with a bandage. The incident allows Koyomi to learn what has been happening in the Hanekawa household, but Tsubasa begs him not to tell anyone about it, saying she’ll do anything to keep him quiet. Without revealing her family’s circumstances, Koyomi tells of the day’s incident - he and Tsubasa buried a “cat” that had been hit by a car- to Meme Oshino. Meme tells Koyomi that he must immediately go to confirm Hanekawa’s safety. He heads to her house, only to find...

So begins the nightmarish nine days of Golden Week.

(Source: Aniplex)",2012,https://anilist.co/anime/15689,anilist,anilist:15689
"WataMote: No Matter How I Look At It, It's You Guys' Fault I'm Not Popular!",,anime,,,6.6,138682.0,,,Watashi ga Motenai no wa Dou Kangaetemo Omaera ga Warui!,"comedy, slice of life","At the tender age of 15, Tomoko Kuroki has already dated hundreds of boys — or at least in dating games she has. The sad truth is that she gets tongue-tied just talking to people, which makes her entrance into the social pressure cooker of high school especially odious and riddled with anxiety. Can Tomoko overcome her crippling social anxiety and finally have the popular high school life she’s always dreamed of? Or will she merely get caught in the downward spiral that is her awkward life?

(Source: HIDIVE)",2013,https://anilist.co/anime/16742,anilist,anilist:16742
TSUKIMICHI -Moonlit Fantasy-,,anime,,,7.6,138427.0,,,Tsuki ga Michibiku Isekai Douchuu,"action, adventure, comedy, fantasy","Makoto Misumi was just an average teenager who happened to suddenly be summoned to another world as a ""hero."" But the goddess of this world called him ugly and took his hero status away from him then sent him to the ends of the world. In the wastelands, he meets dragons, spiders, orcs, dwarves and many other non-human races. Makoto manages to show promises in the use of magic and fighting, which he wouldn't have been able to do in his former world. He has numerous encounters, but will he be able to survive this new world? A fantasy where a guy who had been abandoned by gods and humanity tries to reset his life in this new world is about to begin!

(Source: Crunchyroll)",2021,https://anilist.co/anime/125206,anilist,anilist:125206
Moriarty the Patriot,,anime,,,8.0,138109.0,,,Yuukoku no Moriarty,"drama, mystery, psychological","In the late 19th century, the British Empire nobility reigns while its working class suffers at their hands. Sympathetic to their plight, William James Moriarty wants to topple it all. Frustrated by the systemic inequity, Moriarty strategizes to fix the entire nation. Not even consulting detective Sherlock Holmes can stand in his way. It's time for crime to revolutionize the world!

(Source: Funimation)

Note: The first episode received an early screening on September 21st, 2020. The regular TV broadcast started on October 11th, 2020.",2020,https://anilist.co/anime/114124,anilist,anilist:114124
The Apothecary Diaries Season 2,,anime,,,8.8,137600.0,,,Kusuriya no Hitorigoto 2nd Season,"drama, mystery","The second season of Kusuriya no Hitorigoto.

Maomao and Jinshi face palace intrigue as a pregnant concubine's safety and a looming conspiracy collide.

(Source: Crunchyroll News)",2025,https://anilist.co/anime/176301,anilist,anilist:176301
Ergo Proxy,,anime,,,7.6,137521.0,,,Ergo Proxy,"adventure, mystery, psychological, sci-fi","Something is wrong in the perfect domed city of Romdo. Between the sudden rash of murders and a virus affecting all AutoReivs-cyborg companions and workers who assist the people of Romdo - all is not right in their dome home. Detective Re-l Meyer begins to investigate, seeking answers to the weird occurrences that are happening more and more around her. But when she begins to uncover the truth, her world is turned upside down.

First, the strange immigrant Vincent Law goes missing and then a monster appears before her, shaking her to her core. But this monster is something more, something dangerous and sinister. With each question and mystery, she is led back to the creature. But what is it really? What purpose does it serve? A sign of the end or a sign of a new beginning? Whatever it is, it repeatedly brings her back to Vincent and soon, alongside his journey back to another dome world called, Mosk. As they make their way across scarred and deserted Earth, Re-l and Vincent will learn more about the monster and the ""awakening""-which could be more of an ending than a beginning.

(Source: Funimation)
Note: Episode 1 received an advanced broadcast on channel WOWOW on February 5, 2006. The start date reflects the start of the regular series broadcasting.",2006,https://anilist.co/anime/790,anilist,anilist:790
Attack on Titan Final Season THE FINAL CHAPTERS Special 2,,anime,,,8.7,137376.0,,,Shingeki no Kyojin: The Final Season - Kanketsu-hen Kouhen,"action, drama, fantasy, psychological, romance","Eren, as the Founding Titan, advances on Fort Salta with countless other Titans. Appearing before the refugees, who stand on the brink of despair, are Mikasa, Armin, Jean, Conny, Reiner, Pieck, and Levi, who narrowly escaped from the rumbling. The battle between former comrades and childhood friends with Eren concludes here.

(Source: Crunchyroll)",2023,https://anilist.co/anime/162314,anilist,anilist:162314
Tomodachi Game,,anime,,,7.6,137370.0,,,Tomodachi Game,"drama, mystery, psychological, thriller","High school student Katagiri Yuuichi, who values friendship above all else, enjoys a fulfilling life with his close friends Sawagiri Shiho, Mikasa Tenji, Shibe Makoto, and Kokorogi Yutori.

However, after a particular incident, they're dragged into a debt repayment game.
 
The only way to beat the ""Tomodachi Game"" is to not doubt their friends. Bound together by solid friendships, the game should've been easy, but– The hugely popular comic that sold over two million copies is finally becoming an anime! Will they trust or betray their precious friends? The true nature of humanity is exposed in the ultimate psychological game!

(Source: Crunchyroll)

Note: Premiered on Hulu and d Anime Store at 0:00 on Wednesdays, 1 hour 29 minutes ahead of Nippon TV's broadcast.",2022,https://anilist.co/anime/141014,anilist,anilist:141014
Attack on Titan: No Regrets,,anime,,,8.2,137366.0,,,Shingeki no Kyojin Gaiden: Kuinaki Sentaku,"action, drama, fantasy","This prequel to megahit Attack on Titan answers the questions: How did Captain Levi of the Survey Corps go from street thug to humanity's strongest soldier? And how did Commander Erwin become a cold, calculating leader, ready to sacrifice anything to save the human race? The fires that forged this bond of loyalty and trust were intense indeed!

(Source: Anime News Network, revised)",2015,https://anilist.co/anime/20811,anilist,anilist:20811
Blue Period,,anime,,,7.7,137104.0,,,Blue Period,"drama, slice of life","The studious Yatora leaves a dry life of study and good manners behind for a new passion: painting. But untethering yourself from all your past expectations is dangerous as well as thrilling…

(Source: Kodansha USA)

Note: The anime premiered on Netflix on Sep 25, 2021 in Japan. The TV broadcast started on Oct 2, 2021.",2021,https://anilist.co/anime/128705,anilist,anilist:128705
HINAMATSURI,,anime,,,8.0,137052.0,,,Hinamatsuri,"comedy, sci-fi, slice of life, supernatural","The comedy manga centers around a super-powered girl named Hina and Nitta, a young member of the yakuza. Hina suddenly appears in Nitta's room and threatens him with her extraordinary powers. However, they end up living together.

(Source: Anime News Network)",2018,https://anilist.co/anime/100077,anilist,anilist:100077
Sound! Euphonium,,anime,,,8.0,136699.0,,,Hibike! Euphonium,"drama, music, slice of life","Spring in the first year of high school. Kumiko, a member of the brass band in junior high school, visits the high school brass band club with classmates Hazuki and Sapphire. There, she comes across Reina, her former classmate from junior high. Hazuki and Sapphire decide to join the club, but Kumiko can’t make up her mind. She recollects her experience with Reina at a competition in junior high school.

(Source: Pony Canyon USA)",2015,https://anilist.co/anime/20912,anilist,anilist:20912
Gleipnir,,anime,,,6.6,134919.0,,,Gleipnir,"action, ecchi, mystery, supernatural","Shuuichi Kagaya isn’t human. He has an unnatural sense of smell, and can transform into an incredibly powerful beast… of sorts. He does all he can to avoid standing out and being discovered, but no good deed goes unpunished, and his decision to use his power to save a girl spells the end for his quiet life.",2020,https://anilist.co/anime/108241,anilist,anilist:108241
In Another World With My Smartphone,,anime,,,5.7,134882.0,,,Isekai wa Smartphone to Tomo ni.,"adventure, comedy, fantasy, romance","After a freak accident involving some lightning winds up zapping him dead, 15-year-old Mochizuki Touya wakes up to find himself face-to-face with God. “I am afraid to say that I have made a bit of a blunder...” laments the old coot. But all is not lost! God says that he can reincarnate Touya into a world of fantasy, and as a bonus, he gets to bring his smartphone along with! So begins Touya's adventure in a new, anachronistic pseudo-medieval world. Friends! Laughs! Tears! Inexplicable Deus ex Machina! He sets off on a journey full of wonder as he absentmindedly travels from place to place, following whatever goal catches his fancy. The curtains lift on an epic tale of swords, sorcery, and smartphone apps!(Source: J-Novel Club)",2017,https://anilist.co/anime/98491,anilist,anilist:98491
Food Wars! The Fifth Plate,,anime,,,7.1,134783.0,,,Shokugeki no Souma: Gou no Sara,"comedy, drama, ecchi","The fifth and the final season of Shokugeki no Souma.Yukihira Souma has been helping out his family diner, honing his skills. With his father's recommendation, he decides to enroll into ""Totsuki Saryo Culinary Institute"", a school for the most elites of the culinary world. During his time there, he has grown so much as a chef through studying hard with friends and competing against rivals in shokugeki battles.

Souma has now moved up a grade and he has finally grasped what he has always hoped for; the first seat at the Totsuki Ten Masters Council.

In the meantime, an invitation to a world-class cooking competition known as ""BLUE"" arrives to Totsuki. ""BLUE"" is one of the most authentic gastronomic tournaments for young chefs seeking fame. However, there's been a change to this year's system and themes are all out of ordinary!(Source: Official Website)",2020,https://anilist.co/anime/114043,anilist,anilist:114043
The Tatami Galaxy,,anime,,,8.4,134744.0,,,Yojouhan Shinwa Taikei,"comedy, mystery, psychological, romance","When a college dropout stops for a late night bite at a mysterious ramen stand, he crosses paths with a self-proclaimed deity of matrimony. This bizarre meeting sends the young man hurtling through a horrifying flashback to his not-so-glorious college days when the influence of a cruel new friend turned him from a hopeless romantic into a mischievous “black cupid.”
(Source: Funimation)",2010,https://anilist.co/anime/7785,anilist,anilist:7785
Oreimo,,anime,,,6.5,134536.0,,,Ore no Imouto ga Konna ni Kawaii Wake ga Nai,"comedy, slice of life","Kousaka Kyousuke, a normal 17-year-old high school student living in Chiba, has not gotten along with his younger sister Kirino in years. For longer than he can remember, Kirino has ignored his comings and goings and looked at him with spurning eyes. It seemed as if the relationship between Kyousuke and his sister, now fourteen, would continue this way forever. One day however, Kyousuke finds a DVD case of a magical girl anime which had fallen in his house's entrance way.

(Source: Crunchyroll)",2010,https://anilist.co/anime/8769,anilist,anilist:8769
My Hero Academia Season 7,,anime,,,8.1,134419.0,,,Boku no Hero Academia 7,"action, adventure","The seventh season of Boku no Hero Academia.

Following an all-out battle with the Paranormal Liberation Front, it is difficult for the people of Japan to continue placing faith in their heroes. To combat the combined power of Tomura Shigaraki and All For One, All Might calls for his ally from the West—the strongest woman on the planet, Star and Stripe.

However, All For One decides to intercept Star and her fleet to get his hands on her overpowered quirk before she can enter Japanese airspace. Although Endeavor, Hawks, and Best Jeanist are headed to the rendezvous point, Star makes a gamble in the present to save her comrades.

(Source: MAL Rewrite)

Note: The season was preceded by a 4-episode special titled 'Boku no Hero Academia: Memories' recapping events from the 6th season along with adding a few minutes of new material each episode.",2024,https://anilist.co/anime/163139,anilist,anilist:163139
Asobi Asobase - workshop of fun -,,anime,,,7.9,134360.0,,,Asobi Asobase,"comedy, slice of life","Olivia is a blonde-haired beauty who was born and raised in Japan, but can’t speak any English. Despite always acting serious and as an intellectual, Kasumi is a bespectacled girl with short hair, who also can’t speak English. Finally, there’s the pig-tailed Hanako, who’s cheerful but can’t seem to become a normie. The three middle schoolers end up making a “Players’ Club”?! The ultimately cute, ultimately fun and hilarious teenage girls’ comedy is about to begin!

(Source: Crunchyroll)",2018,https://anilist.co/anime/101001,anilist,anilist:101001
Made in Abyss: The Golden City of the Scorching Sun,,anime,,,8.5,134313.0,,,Made in Abyss: Retsujitsu no Ougonkyou,"adventure, drama, fantasy, horror, mystery, sci-fi","The second season of Made in Abyss.

Directly after the events of Made in Abyss: Fukaki Tamashii no Reimei, the third installment of Made in Abyss covers the adventures of Reg, Riko, and Nanachi in the Sixth Layer, The Capital of the Unreturned.

Note: The last episode aired with a runtime of ~48 minutes as opposed to the standard 24 minute long episode.",2022,https://anilist.co/anime/114745,anilist,anilist:114745
The Disappearance of Haruhi Suzumiya,,anime,,,8.6,134262.0,,,Suzumiya Haruhi no Shoushitsu,"drama, mystery, sci-fi, supernatural","It is mid-December, and SOS Brigade chief Haruhi Suzumiya announces that the Brigade is going to hold a Christmas party in their clubroom, with Japanese hotpot for dinner. The brigade members Kyon, Yuki Nagato, Mikuru Asahina and Itsuki Koizumi start preparing everything for the party, such as costumes and decorations. But a couple of days later, Kyon arrives at school only to find that Haruhi is missing. Not only that, but Mikuru claims she has never known Kyon before, Koizumi is also missing, and Yuki has become the sole member of the literature club. The SOS Brigade seems to have never existed, nor has Haruhi Suzumiya. No one in the school has ever heard about her... except for Kyon.
(Source: Anime News Network)",2010,https://anilist.co/anime/7311,anilist,anilist:7311
Paprika,,anime,,,7.8,133770.0,,,Paprika,"fantasy, mystery, psychological, sci-fi, thriller","Prepare to enter the realm of fantasy and imagination where reality and dreams collide in a kaleidoscopic mindscape of sheer visual genius. The magical tale centers on a revolutionary machine that allows scientists to enter and record a subject's dream. After being stolen, a fearless detective and brilliant therapist join forces to recover the device before it falls into the hands of a dream terrorist.

(Source: Sony Pictures Home Entertainment)

Note: The film received an early premiere at the 63rd Venice International Film Festival on September 2, 2006.",2006,https://anilist.co/anime/1943,anilist,anilist:1943
Wandering Witch: The Journey of Elaina,,anime,,,7.4,133703.0,,,Majo no Tabitabi,"adventure, fantasy, slice of life","Inspired by her favorite book, Elaina ventures out to see the world she's read so much about. Like a leaf on the wind, she travels from one country to another, looking to sate her inquisitiveness and searching for new experiences. She's confronted by humanity in all its forms, whether strange, bizarre, or emotional. Exploration and curiosity drive her journey. Where to next, Elaina?


(Source: Funimation)",2020,https://anilist.co/anime/112609,anilist,anilist:112609
Date A Live II,,anime,,,6.8,133341.0,,,Date A Live II,"action, comedy, ecchi, fantasy, romance, sci-fi","The second season of Date A Live.

Shido Itsuka, who used to be a normal high school student at Raizen High, meets the first Spirit, Tohka, and awakens his power to ""seal the Spirit's power"". Though they may be feared and hated beings due to their immense power, Spirits were always alone and knew only combat and death. Shido, the only one in the world with the power to seal the Spirits' might, hurls himself into life-threatening dates with the beautiful Spirits in order to save them.

(Source: Anime News Network)",2014,https://anilist.co/anime/19163,anilist,anilist:19163
Kizumonogatari Part 3: Reiketsu,,anime,,,8.7,132961.0,,,Kizumonogatari III: Reiketsu-hen,"action, drama, ecchi, mystery, psychological, supernatural","First season of the Monogatari Series, part 4/6. Contains the arc Koyomi Vamp from the Kizumonogatari light novel.

With help from Meme Oshino, the apparition specialist, Koyomi defeats the three powerful vampire hunters: Dramaturgy, Episode and Guillotinecutter. Koyomi takes back all the limbs of Kiss-Shot Acerola-Orion Heart-Under-Blade in order to become a human again. But, when he returns to Kiss-Shot, she reveals to him the cold truth of what it means to be a vampire—a creature of the night. Unable to take back what he has done, Koyomi feels nothing but regret and can only deny his dreadful fate. While Koyomi is struggling to face reality, his “friend” Tsubasa Hanekawa comes to him with a certain plan…

(Source: Aniplex)",2017,https://anilist.co/anime/21400,anilist,anilist:21400
ODDTAXI,,anime,,,8.5,132155.0,,,Odd Taxi,"drama, mystery, psychological, thriller","The taxi driver Odokawa lives a very mundane life. He has no family, doesn't really hang out with others, and he's an oddball who is narrow-minded and doesn't talk much. The only people he can call his friends are his doctor, Gouriki and his classmate from high school, Kakihana.

All of his patrons seem to be slightly odd themselves. The college student who wants the world to notice him online, Kabasawa. A nurse with secrets named Shirakawa. A comedy duo that just can't catch a break named the Homosapiens. A local hoodlum named Dobu. An idol group that's just starting out named Mystery Kiss... All these mundane conversations somehow eventually lead to a girl who's gone missing.

(Source: Crunchyroll)",2021,https://anilist.co/anime/128547,anilist,anilist:128547
"So I'm a Spider, So What?",,anime,,,7.2,131717.0,,,"Kumo desu ga, Nani ka?","action, adventure, comedy, fantasy, mystery","I, the protagonist, was just an ordinary high school girl, but suddenly I was reincarnated as a spider monster in a fantasy world. Not only that, but I awakened in a dungeon filled with vicious monsters. Armed with only my human knowledge and my overwhelming positivity, I'm forced to use spiderwebs and traps to defeat far stronger monsters just to stay alive... So begins the labyrinth survival story of a girl with incredible mental strength living as one of the lowest-ranked beasts!

(Source: Crunchyroll)",2021,https://anilist.co/anime/103632,anilist,anilist:103632
The Fruit of Grisaia,,anime,,,7.1,131524.0,,,Grisaia no Kajitsu,"drama, ecchi, psychological, romance","The anime revolves around Mihama Academy, a prison-like school built to preserve fruit that has fallen too far from its tree. It is home to five female students who each have their reasons for enrolling in the academy and live their life idly within the walls of Mihama. 
 
One day, Kazami Yuuji the institute’s first male student arrives and throws the orderly rhythm of Mihama off balance. Is Yuuji what the girls need to hold of their lives once more, or will the weight of their pasts prove too steep a wall to overcome? Or is his past even heavier than any of the others?

(Source: Crunchyroll)",2014,https://anilist.co/anime/17729,anilist,anilist:17729
Uzaki-chan Wants to Hang Out!,,anime,,,6.7,131358.0,,,Uzaki-chan wa Asobitai!,"comedy, ecchi, romance, slice of life","Sakurai Shinichi’s one wish is for a little peace and quiet. But Uzaki Hana–his boisterous, well-endowed underclassman–has other plans. All she wants is to hang out and poke fun at him. With the help of her chipper charm and peppy persistence, this might just be the start of a beautiful relationship!

(Source: Seven Seas Entertainment)",2020,https://anilist.co/anime/115113,anilist,anilist:115113
Gachiakuta,,anime,,,7.9,131299.0,,,Gachiakuta,"action, drama, fantasy","A boy lives in a floating town, where the poor scrape by and the rich live a sumptuous life, simply casting their garbage off the side, into the abyss. When he’s falsely accused of murder, though, his wrongful conviction leads to an unimaginable punishment—exile off the edge, with the rest of the trash. Down on the surface, the cast-off waste of humanity has bred vicious monsters, and to travel the path to vengeance against those who cast him into Hell, a boy will have to become a warrior…

(Source: Kodansha USA)",2025,https://anilist.co/anime/178025,anilist,anilist:178025
My Next Life as a Villainess: All Routes Lead to Doom!,,anime,,,7.3,131220.0,,,Otome Game no Hametsu Flag shika Nai Akuyaku Reijou ni Tensei shiteshimatta…,"comedy, fantasy, romance, slice of life","Wealthy heiress Katarina Claes is hit in the head with a rock and recovers the memories of her past life. It turns out the world she lives in is the world of the game Fortune Lover, an otome game she was obsessed with in her past life... but she's been cast as the villain character who tries to foil the protagonist's romances! The best ending the game has for Katarina is exile, and the worst, death! She'll have to find a way to avoid triggering the flags of doom, and make her own happy future!

(Source: Crunchyroll, edited)",2020,https://anilist.co/anime/104647,anilist,anilist:104647
Citrus,,anime,,,6.0,130502.0,,,citrus,"drama, romance","Fashionable and friendly Yuzu Aihara is ready to face her brand-new school and find her first love. The only problem? It's an all-girls' school. Determined to make a good impression and lots of friends, Yuzu puts on her best looks—only to wind up in trouble on day-one! After a close encounter by the beautiful yet harsh student council president Mei and having her phone confiscated, Yuzu is losing hope that this will be a perfect high school story. But nothing compares to the shock when she gets home to find out Mei is her brand-new stepsister—who suddenly kisses her! With her heart beating wildly and her emotions a complete mess, Yuzu wonders something: Is she falling for Mei?

Torn between being a good stepsister and dealing with her feelings, Yuzu does everything she can to become close to Mei. But can she melt the ice around Mei's heart and heal the pain she hides?

(Source: Funimation)",2018,https://anilist.co/anime/97832,anilist,anilist:97832
Kizumonogatari Part 2: Nekketsu,,anime,,,8.5,129934.0,,,Kizumonogatari II: Nekketsu-hen,"action, drama, ecchi, mystery, psychological, supernatural","First season of the Monogatari Series, part 3/6. Contains the arc Koyomi Vamp from the Kizumonogatari light novel.

In the spring of his second year of high school, Koyomi Araragi met the beautiful vampire Kiss-Shot Acerola-Orion Heart-Under-Blade. Koyomi saved Kiss-shot, who was on the verge of death with all four of her limbs cut off, but only at the expense of becoming her minion and a vampire. “In order to go back to being a human again, you must take back all of Kiss-shot’s limbs.” After receiving advice from Meme Oshino, an expert in the supernatural, Koyomi prepares to go into battle.

Awaiting him are three powerful vampire hunters—Dramaturgy, a giant vampire hunter who is a vampire himself. Episode, a half-vampire who wields an enormous cross, and Guillotinecutter, a quiet man who specializes in killing vampires. Will Koyomi be able to take back Kiss-Shot’s limbs from the vampire hunters? Amidst the soft spring rain, the curtain rises on this fateful blood bath…

(Source: Aniplex)",2016,https://anilist.co/anime/21399,anilist,anilist:21399
Lucky☆Star,,anime,,,7.5,129877.0,,,Lucky☆Star,"comedy, slice of life","What’s the best way to eat dessert? Do twins really have a psychic connection? What kind of guys are into moe girls? These are the kinds of questions that float through the inquisitive mind of anime super-fan Konata Izumi. When she’s not lost in her favorite manga or logging hours in one of her online games, she’s debating the mysteries of the universe with the best friends a girl could ask for.

(Source: Funimation)",2007,https://anilist.co/anime/1887,anilist,anilist:1887
Fate/stay night [Heaven's Feel] I. presage flower,,anime,,,8.0,129782.0,,,Fate/stay night [Heaven's Feel] I. presage flower,"action, fantasy, psychological, supernatural","The first film in a trilogy adaptation of the third route of the popular visual novel: Fate/stay night.

10 years after the Holy Grail War—a battle waged by Masters and Servants over the wish-granting container, the Holy Grail—another war breaks out in Fuyuki City. Shirou Emiya—the adopted son of Kiritsugu Emiya, a participant of the previous Holy Grail War—is leading a peaceful life with people dear to him. Especially close to him is his underclassman Sakura Matou, who brings kindness into his otherwise lonely life. But once the Holy Grail War starts, Shirou’s peaceful life is sundered.

(Source: Aniplex of America)",2017,https://anilist.co/anime/20791,anilist,anilist:20791
Pokémon,,anime,,,7.2,129378.0,,,Pocket Monsters,"action, adventure, comedy, fantasy","A young boy named Satoshi embarks on a journey to become a ""Pokémon Master"" with his first Pokémon, Pikachu. Joining him on his travels are Takeshi, a girl-obsessed Rock Pokemon Trainer, and Kasumi, a tomboyish Water Pokémon Trainer who may have a crush on him. Satoshi and Co. end up traveling through various regions, including Kanto, the Orange Islands, and Johto, and then enter the Pokémon League competitions there. Along the way, they run into many confrontations with Musashi, Kojirou, and Nyarth, a trio of Pokémon thieves who are apart of an evil organization called ""Team Rocket"". But everytime Team Rocket try to do their evil deeds, they fail thanks to Satoshi and his Pokémon.
(Source: Anime News Network)",1997,https://anilist.co/anime/527,anilist,anilist:527
Maquia: When the Promised Flower Blooms,,anime,,,8.2,129044.0,,,Sayonara no Asa ni Yakusoku no Hana wo Kazarou,"drama, fantasy, psychological","The people of Iorph live far away from the lands of men, weaving the happenings of each day into a fabric called Hibiol. They live for centuries while maintaining their youthful appearance. Maquia, an orphaned Iorph girl, lives her life in an oasis surrounded by friends, yet somehow feels “alone”. But the tranquil lives of the Iorph are shattered in an instant when the Mezarte army invades their territory on a dragon fleet, seeking the blood that grants the Iorph long life. Maquia manages to escape, but loses her friends and her home in the chaos. She then encounters an orphaned baby who is “alone”. Maquia raises this boy ""Ariel"", with the help of some new friends. But as the era changes, the bond between Maquia and Ariel changes too, amidst a backdrop of racial tensions between the Iorph and the Mezarte. This is a story of irreplaceable time, woven by two lonely people who can only find solace in each other.

(Source: Eleven Arts)",2018,https://anilist.co/anime/99457,anilist,anilist:99457
Evangelion: 1.0 You Are (Not) Alone,,anime,,,7.7,128969.0,,,Evangelion Shin Movie: Jo,"action, drama, mecha, psychological, sci-fi","After the second impact, all that remains of Japan is Tokyo-3, a city that's being attacked by giant creatures that seek to eradicate the human kind, called Angels. After not seeing his father for more than eight years, Shinji Ikari receives a phone call in which he is told to urgently come to the NERV Headquarters, an organization that deals with the destruction of the Angels through the use of giant mechs called Evas. Shinji's objective is to pilot the Eva Unit 01 while teaming up with the Eva Unit 00 pilot, Ayanami Rei.
Note: Exists in several versions, as denoted by the version number:
• 1.0: Sep 1, 2007 - Original theatrical release
• 1.01: Apr 25, 2008 - DVD release containing minor adjustments and fine tunings in picture, editing, and sound quality.
&#8195;• Explanation of Evangelion 1.01 - Included with the special edition DVD release of 1.01, overlays large captions to provide the ""official designations"" of people, locations, weapons, technology, and so forth.
• 1.11: May 27, 2009 - Blu-ray/DVD re-release with 3 minutes of new animation added to the first 15 minutes and fixing video issues present in the previous release.",2007,https://anilist.co/anime/2759,anilist,anilist:2759
BEASTARS Season 2,,anime,,,7.8,128599.0,,,BEASTARS 2nd Season,"drama, mystery, psychological, romance, slice of life","""Beastar""—a title awarded to beasts who prove their excellence through fighting inequality to unite carnivores and herbivores in an anthropomorphic animal society. Cherryton Academy has gone five years without one such leader. However, following the murder of an alpaca within the school boundaries, the growing tension between the different species poses a greater need for a Beastar to ensure peace and harmony.

When Louis, the prime candidate for this prestigious role, rejects the offer and leaves the academy, the student council declares to honor any student who captures the culprit of the aforementioned murder as Beastar. Meanwhile, Legoshi's sense of duty as a strong wolf who must protect the weak pushes him to investigate the incident. To further complicate his life, he struggles to manage his complex feelings for the white rabbit, Haru.

(Source: MAL Rewrite)

Note: The first episode had an early delivery on Netflix Japan on January 5, 2021. The regular TV broadcast started on January 7, 2021.",2021,https://anilist.co/anime/114194,anilist,anilist:114194
PSYCHO-PASS 2,,anime,,,7.1,128460.0,,,PSYCHO-PASS 2,"action, psychological, sci-fi, thriller","Taking place one-and-a-half years after Psycho-Pass, having learned the true nature of the Sibyl System, Akane Tsunemori chose to obey the system, believing in both humanity and the legal order. She's part of a new police section and spends her everyday life facing down criminals. Unbeknownst to Akane, however, a monster who will shake the system to its core is about to appear before her.

(Source: Anime News Network)",2014,https://anilist.co/anime/20513,anilist,anilist:20513
Horimiya: The Missing Pieces,,anime,,,8.1,128374.0,,,Horimiya: piece,"comedy, romance, slice of life","A new anime project adapting popular side stories that were left out from the previous adaptation.

As the graduation ceremony at Katagiri High School comes to an end, Kyouko Hori, her boyfriend Izumi Miyamura, and their friends begin to look back on their time as students. The moments they shared together may be fleeting, but each one is a colorful piece of their precious memories.

(Source: MAL Rewrite)",2023,https://anilist.co/anime/163132,anilist,anilist:163132
Megalobox,,anime,,,7.7,127999.0,,,Megalo Box,"action, drama, sci-fi, sports","""To be quiet and do as you're told, that's the cowardly choice."" These are the words of Junk Dog, an underground fighter of Megalo Box, an evolution of boxing that utilizes mechanical limbs known as Gear to enhance the speed and power of its users. Despite the young man's brimming potential as a boxer, the illegal nature of his participation forces him to make a living off of throwing matches as dictated by his boss Gansaku Nanbu. However, this all changes when the Megalo Box champion Yuuri enters his shabby ring under the guise of just another challenger. Taken out in a single round, Junk Dog is left with a challenge: ""If you're serious about fighting me again, then fight your way up to me and my ring.""

Filled with overwhelming excitement and backed by the criminal syndicate responsible for his thrown matches, Junk Dog enters Megalonia: a world-spanning tournament that will decide the strongest Megalo Boxer of them all. Having no name of his own, he takes on the moniker of ""Joe"" as he begins his climb from the very bottom of the ranked list of fighters. With only three months left to qualify, Joe must face off against opponents the likes of which he has never fought in order to meet the challenge of his rival.

(Source: MAL Rewrite)",2018,https://anilist.co/anime/100298,anilist,anilist:100298
My First Girlfriend is a Gal,,anime,,,5.9,127735.0,,,Hajimete no Gal,"comedy, ecchi, romance, slice of life","Junichi Hashiba is nearing the end of high school and going into panic mode. His time here has not gone as expected: he has no girlfriend and worse yet—he’s still a virgin! Desperate to experience the big ‘first,’ his friends pressure him to approach the gyaru—a fashionable and boy-crazy gal—Yukana Yame for a good time. But his first mistake was thinking this gal would be an easy one!

(Source: Funimation)",2017,https://anilist.co/anime/97863,anilist,anilist:97863
Blood Lad,,anime,,,6.9,127612.0,,,Blood Lad,"action, adventure, comedy, ecchi, supernatural","Staz is the vampire boss of a section of the demon world, but he has little interest in human blood. He's more infatuated with Japanese culture. When he learns that Yanagi Fuyumi, a Japanese teenage girl, accidentally wanders into the demon city, he jumps to the occasion. However, while Staz deals with an intruder on his turf, the oblivious Fuyumi is killed by a monster and becomes a wandering ghost. The disappointed Staz vows to her that he will find a way to bring Fuyumi back to life.
",2013,https://anilist.co/anime/11633,anilist,anilist:11633
Fairy Tail Final Season,,anime,,,7.5,127538.0,,,FAIRY TAIL (2018),"action, adventure, comedy, fantasy","The final season of Fairy Tail.

Fairy Tail has been disbanded. A year later, Lucy comes into contact with Natsu and Happy. The three of them try to find the other former members' whereabouts to reconstruct the guild as they seek the real reason behind the guild's disbandment.

(Source: Anime News Network)",2018,https://anilist.co/anime/99749,anilist,anilist:99749
Violet Evergarden: Eternity and the Auto Memory Doll,,anime,,,8.3,127346.0,,,Violet Evergarden Gaiden: Eien to Jidou Shuki Ningyou,"drama, fantasy, slice of life","Violet Evergarden comes to a private women's academy to tutor Isabella in the ways of being a lady. Heir to the York family, Isabella feels trapped in this new and uncomfortable world. She still grieves for the only person to ever bring her happiness – now lost to her. Violet's lessons do give her a brief respite from the melancholy but with the absence of joy, how long does it take to truly heal?

(Source: Funimation)",2019,https://anilist.co/anime/109190,anilist,anilist:109190
A Lull in the Sea (Nagi-Asu: Nagi no Asukara),,anime,,,7.7,127005.0,,,Nagi no Asukara,"drama, fantasy, romance, slice of life","Since long ago, human civilization had lived on the ocean floor. However, there were many humans who wanted to live above the surface and they moved to land creating a fundamental separation between the two. After their school closes down, four 14-year-old middle school students from the sea village, Shioshishio, have to attend Mihama Middle School on the surface. What follows is their struggles to adjust to a new environment and the relationships between the sea and land people, while dealing with their own newfound feelings that have just started appearing with the end of their childhood.

(Source: Wikipedia)",2013,https://anilist.co/anime/16067,anilist,anilist:16067
Steins;Gate The Movie – Load Region of Déjà Vu,,anime,,,8.2,126315.0,,,Steins;Gate: Fuka Ryouiki no Déjà vu,"drama, romance, sci-fi, thriller","After a year in America, Kurisu Makise returns to Akihabara and reunites with Rintarou Okabe. However, their reunion is cut short when Okabe begins to experience recurring flashes of other timelines as the consequences of his time traveling start to manifest. These side effects eventually culminate in Okabe suddenly vanishing from the world, and only the startled Kurisu has any memory of his existence.

In the midst of despair, Kurisu is faced with a truly arduous choice that will test both her duty as a scientist and her loyalty as a friend: follow Okabe's advice and stay away from traveling through time to avoid the potential consequences it may have on the world lines, or ignore it to rescue the person that she cherishes most. Regardless of her decision, the path she chooses is one that will affect the past, the present, and the future.
",2013,https://anilist.co/anime/11577,anilist,anilist:11577
The Last: Naruto the Movie,,anime,,,7.5,126196.0,,,THE LAST: NARUTO THE MOVIE,"action, romance","The moon is beginning to fall, and at the rate it's going, it is doomed to fall on the Earth. The countdown for the survival of the planet begins. Among the havoc, Hinata's younger sister Hanabi is captured by the mysterious enemy, Toneri Ootsutsuki. Naruto must overcome great danger on a mission to save Hanabi and the world along with Hinata, Sai, Shikamaru, and Sakura is their final story. ""The final story is a first love.""

(Source: Anime News Network)",2014,https://anilist.co/anime/16870,anilist,anilist:16870
To Love Ru,,anime,,,6.5,125610.0,,,To LOVE-Ru,"comedy, ecchi, romance, sci-fi","Rito Yuuki is unlucky when it comes to love — no matter how hard he tries to confess to his crush, his efforts end in failure. After another day’s confession goes down the drain, Rito spends his night sulking in his bathtub. But when a naked girl with a pointed tail teleports into the tub with him, it seems like Rito’s luck is finally looking up! His fortune doesn’t last long when he finds himself accidentally engaged to the buxom beauty who is none other than the princess of the planet Deviluke!

(Source: HIDIVE)",2008,https://anilist.co/anime/3455,anilist,anilist:3455
Hellsing,,anime,,,7.2,124950.0,,,HELLSING,"action, horror, supernatural","Hellsing follows the antiheroic vampire, Alucard, and a police girl-turned-vampire, Seras Victoria, two vampires employed by the vampire-extermination group of England, the Hellsing Organization. Slowly but surely, through their active duty, they find a new breed of vampires beginning to arise.

(Source: Anime News Network)",2001,https://anilist.co/anime/270,anilist,anilist:270
Myriad Colors Phantom World,,anime,,,6.5,124715.0,,,Musaigen no Phantom World,"action, ecchi, slice of life, supernatural","The story takes place in the near future, in a world born of human imagination. What humans would call ghosts or monsters appear, and they come to be called ""phantoms"". The main character, Haruhiko Ichijo, is a first year at Hosea Academy along with his upperclassman Mai Kawakami, who fights phantoms with the ability ""Spirit of Five Elements"", Izumi Reina, who has the ability ""Phantom Eater"", and Koito Minase, who fights phantoms in solitude. They experience the ups and downs of high school life before a certain incident leads them to the truth of this world.

(Source: Anime News Network)",2016,https://anilist.co/anime/21306,anilist,anilist:21306
The Rising of the Shield Hero Season 3,,anime,,,7.1,124329.0,,,Tate no Yuusha no Nariagari Season 3,"action, adventure, fantasy","The third season of Tate no Yuusha no Nariagari.
After defeating the Spirit Tortoise, Naofumi has no time for rest. An attack from the next Guardian Beast is imminent, but the three other Cardinal Heroes have gone missing. So, Naofumi and his party set out to search for the legendary trio. 
(Source: Crunchyroll News)",2023,https://anilist.co/anime/111322,anilist,anilist:111322
Katanagatari,,anime,,,8.1,124119.0,,,Katanagatari,"action, adventure, romance","Yasuri Shichika, seventh successor of the Kyotouryuu (bladeless) sword art, lives on an isolated island with his older sister, Nanami. 
One day Shichika is visited by a woman named Togame, who requests his aid in her quest to find and collect the final twelve swords forged by the legendary master swordsmith, Shikizaki Kiki. Shichika and Togame begin their odyssey by leaving the island he called home for over 20 years. They will face twelve individuals who possess and protect Shikizaki's legendary swords. 
Join Shichika and Togame on an exciting, epic adventure that defies reality as they discover the true potential of the Kyoutoryuu sword style!
(Source: NIS America)",2010,https://anilist.co/anime/6594,anilist,anilist:6594
And you thought there is never a girl online?,,anime,,,6.3,123771.0,,,Netoge no Yome wa Onnanoko ja Nai to Omotta?,"comedy, ecchi, romance","The story centers on Hideki Nishimura, a young man who confessed to a person he thought was a girl online, only for that person to turn out to be a boy. He keeps this ""black history"" secret and swears to never to trust a ""girl"" online again. However, one day a girl online confesses to him, and it turns out she's actually a beautiful girl named Ako Tamaki. Ako cannot tell the difference between the online world and reality, and she is a loner who has trouble communicating. Hideki and his friends from his guild decide to work together to ""correct"" her.

(Source: Anime News Network)",2016,https://anilist.co/anime/21290,anilist,anilist:21290
ORESUKI: Are you the only one who loves me?,,anime,,,7.0,123638.0,,,Ore wo Suki nano wa Omae dake ka yo,"comedy, drama, ecchi, romance, slice of life","Amatsuyu ""Joro"" Kisaragi finds himself in a rather delightful situation, two lovely girls asked him out on a date in the same week. Little does he know he's not the actual target of their love, instead, he ends up as a love consultant forced to juggle a web of relationships more complex than initially thought. 


",2019,https://anilist.co/anime/104464,anilist,anilist:104464
My Dress-Up Darling Season 2,,anime,,,8.3,123623.0,,,Sono Bisque Doll wa Koi wo Suru Season 2,"comedy, ecchi, romance, slice of life","The second season of Sono Bisque Doll wa Koi wo Suru.

When Marin Kitagawa and Wakana Gojo met, they grew close over their love for cosplay. Through interacting with classmates and making new cosplay friends, Marin and Wakana’s world keeps growing. New developments arise as Marin’s love for Wakana continues to be filled with endless excitement. In their ever-expanding world, Marin and Wakana’s story of cosplay and thrills continues!
(Source: Crunchyroll)",2025,https://anilist.co/anime/154768,anilist,anilist:154768
Re:CREATORS,,anime,,,7.3,123599.0,,,Re:CREATORS,"action, drama, fantasy, mecha, thriller","People have created many stories. Joy, sadness, anger, deep emotion. Stories stir up emotion and captivate. However, those emotions are nothing more than the feelings of a spectator. What if the characters in the stories had their own ""will""? In their eyes, are we, the creators of the stories, like gods? Revolution for our world. Punishment for the land of the gods. Re:CREATORS. Everyone becomes a Creator.(Source: Amazon)",2017,https://anilist.co/anime/97980,anilist,anilist:97980
Bottom-Tier Character Tomozaki,,anime,,,7.0,123581.0,,,Jaku-Chara Tomozaki-kun,"comedy, drama, romance, slice of life","Expert gamer Tomozaki Fumiya doesn’t exactly fit in, but he wishes he did. With no written rules for success and gameplay that doesn’t work in his favor, the real world seems impossible for someone like him. But, like any noob, all he really needs are some strategies and a seasoned player like Aoi Hinami to help him. Hopefully with her guidance, Tomozaki will gain the experience he needs.

(Source: Funimation)",2021,https://anilist.co/anime/112443,anilist,anilist:112443
GANGSTA.,,anime,,,7.1,123355.0,,,GANGSTA.,"action, drama","In the city of Ergastulum, a shady ville filled with made men and petty thieves, whores on the make and cops on the take, there are some deeds too dirty for even its jaded inhabitants to touch. Enter the ""Handymen,"" Nic and Worick, who take care of the jobs no one else will handle. Until the day when a cop they know on the force requests their help in taking down a new gang muscling in on the territory of a top Mafia family. It seems like business (and mayhem) as usual, but the Handymen are about to find that this job is a lot more than they bargained for.

(Source: Anime News Network)",2015,https://anilist.co/anime/20773,anilist,anilist:20773
The Dangers in My Heart,,anime,,,8.1,123343.0,,,Boku no Kokoro no Yabai Yatsu,"comedy, romance, slice of life","Fascinated by murder and all things macabre, Kyoutarou daydreams of acting out his twisted fantasies on his unsuspecting classmates — but an encounter with Anna Yamada, the gorgeous class idol, lights a spark in the darkness of his heart. It’s a classic tale of an antisocial boy falling for a popular girl, but neither are who they appear to be at first glance. Will Kyoutarou and Anna defy their expectations of each other — and of themselves?

(Source: HIDIVE)",2023,https://anilist.co/anime/153152,anilist,anilist:153152
The Seven Deadly Sins: Dragon's Judgement,,anime,,,6.5,123216.0,,,Nanatsu no Taizai: Funnu no Shinpan,"action, adventure, comedy, ecchi, fantasy, supernatural","Time is running out. The curse imposed on Elizabeth will kill her in few days. To lift the curse Meliodas and Ban have travelled to the Demon Realm to challenge Meliodas' father, the Demon King.

Meanwhile, Merlin, Escanor, and Archangel Ludociel are set to slay Meliodas' brother Zeldris. Elsewhere, Meliodas' other brother Estarossa has kidnapped Elizabeth, and it falls to King, Diane, Gowther, and Hawk to rescue her.",2021,https://anilist.co/anime/116752,anilist,anilist:116752
Bloom Into You,,anime,,,7.8,123210.0,,,Yagate Kimi ni Naru,"drama, romance, slice of life","Yuu Koito thought love would be something amazing and magical, but when a male friend asks her to date, she feels nothing. She doesn't even know how to respond until she overhears the student council president of her new high school, Touko Nanami, turning down a similar request. With Touko's help, Yuu manages to let her friend down gracefully, but then Touko confesses that she, herself, is starting to have feelings for Yuu, leaving Yuu in a quandary. Yuu doesn't think that she's in love with Touko, but she does feel something. As Yuu joins the Student Council, and she and Touko become closer, her confusion about her feelings only continues to grow. Because you can't control who you love, or who falls in love with you.

(Source: Sentai Filmworks)",2018,https://anilist.co/anime/101573,anilist,anilist:101573
Tokyo Revengers Season 2,,anime,,,7.5,122763.0,,,Tokyo Revengers: Seiya Kessen-hen,"action, drama, romance, supernatural","Despite his best time-leaping efforts, Takemichi Hanagaki continuously fails to prevent the present-day death of Hinata Tachibana, his adolescent love. The adult Takemichi grapples with grief and the ramifications of the Tokyo Manji gang's criminal empire—an unintended product of his timeline meddling. Though the gang once operated under the idealistic Manjirou ""Mikey"" Sano, it has now been taken over by the malicious Tetta Kisaki and, as a result, has abandoned its original optimistic intent.

Despite feeling hopeless, Takemichi travels to the past once again to investigate Black Dragon, a rival motorcycle gang whose actions ultimately lead to Hinata's demise. There, he meets the young Hakkai Shiba, a fellow gang member whose older brother, Taiju, tyrannically rules Black Dragon.

Takemichi, with Chifuyu on his side, works to unravel the fates of Black Dragon's members, fighting to create a happy future for his loved ones.

(Source: MAL Rewrite, edited)",2023,https://anilist.co/anime/142853,anilist,anilist:142853
The Angel Next Door Spoils Me Rotten,,anime,,,7.7,122730.0,,,Otonari no Tenshi-sama ni Itsunomanika Dame Ningen ni Sareteita Ken,"romance, slice of life","Amane lives alone in an apartment, and the most beautiful girl in school, Mahiru, lives just next door. They've almost never spoken&mdash;until the day he sees her in distress on a rainy day and lends her his umbrella. To return the favor, she offers him help around the house, and a relationship slowly begins to blossom as the distance between them closes...

(Source: Yen Press)",2023,https://anilist.co/anime/143338,anilist,anilist:143338
Recovery of an MMO Junkie,,anime,,,7.3,122654.0,,,Net-juu no Susume,"comedy, fantasy, romance, slice of life","Moriko Morioka is a 30-year-old single NEET woman. After dropping out from reality, she has taken off in search for a fulfilling life and ended up in a net game or ""netoge."" In the netoge world, she began her new life as a refreshing and handsome character named Hayashi. While starting out as a beginner, a pretty character named Lily reached out to help her. Meanwhile, in the real world, awaits a shocking encounter with a good-looking elite company employee, a mysterious blue-eyed blonde.

(Source: MAL News)",2017,https://anilist.co/anime/99726,anilist,anilist:99726
The World God Only Knows,,anime,,,7.4,122604.0,,,Kami nomi zo Shiru Sekai,"comedy, romance, supernatural","Keima is a dating sim champion. Cute girls are rendered powerless by his irresistible game playing techniques. Too bad things aren't that way in the real world. That is, until his tempting game playing causes a real live&mdash;and very bubbly-cute&mdash;demon hunter named Elsie to materialize! Now Elsie wants Keima to help her free hot girls from sneaky demons who secretly possess them. 
(Source: Sentai Filmworks) ",2010,https://anilist.co/anime/8525,anilist,anilist:8525
Accel World,,anime,,,6.7,122034.0,,,Accel World,"action, romance, sci-fi","The year is 2046. Haruyuki Arita is a young boy who finds himself on the lowest social rungs of his school. Ashamed of his miserable life, Haruyuki can only cope by indulging in virtual games. But that all changes when Kuroyukihime, the most popular girl in school, introduces him to a mysterious program called Brain Burst and a virtual reality called the Accel World. 
(Source: VIZ Media) ",2012,https://anilist.co/anime/11759,anilist,anilist:11759
High School DxD HERO,,anime,,,6.9,121829.0,,,High School DxD HERO,"action, comedy, ecchi, fantasy, romance","The fourth season of High School DxD.Issei and the 2nd years attend a class trip to Kyoto for well-deserved relaxation, leaving the senior and junior class students of the Gremory family behind. However, once there, they fall under attack and must win without Rias or their other powerhouses.(Source: Anime News Network)
Includes episode 0, Taiikukan-ura no Holy.",2018,https://anilist.co/anime/97767,anilist,anilist:97767
Rokka -Braves of the Six Flowers-,,anime,,,7.0,121574.0,,,Rokka no Yuusha,"action, adventure, fantasy, mystery","When the Majin awoke from the depths of darkness, the deity of fate chose six heroes and bequeathed them with the power to save the world. Adlet, a boy who proclaims himself the strongest on Earth, was selected among the Rokka no Yuusha (Heroes of the Six Flowers), and he goes to the rendezvous point — but seven have gathered there. The heroes suspect that someone among the seven is the enemy, and the initial suspicion falls on Adlet.

(Source: Anime News Network)",2015,https://anilist.co/anime/20955,anilist,anilist:20955
March comes in like a lion Season 2,,anime,,,8.9,121481.0,,,3-gatsu no Lion 2nd Season,"drama, slice of life","The second season of 3-gatsu no Lion.

Now in his second year of high school, Rei Kiriyama continues pushing through his struggles in the professional shogi world as well as his personal life. Surrounded by vibrant personalities at the shogi hall, the school club, and in the local community, his solitary shell slowly begins to crack. Among them are the three Kawamoto sisters—Akari, Hinata, and Momo—who forge an affectionate and familial bond with Rei. Through these ties, he realizes that everyone is burdened by their own emotional hardships and begins learning how to rely on others while supporting them in return.

Nonetheless, the life of a professional is not easy. Between tournaments, championships, and title matches, the pressure mounts as Rei advances through the ranks and encounters incredibly skilled opponents. As he manages his relationships with those who have grown close to him, the shogi player continues to search for the reason he plays the game that defines his career.
",2017,https://anilist.co/anime/98478,anilist,anilist:98478
Hajime no Ippo: The Fighting!,,anime,,,8.7,121311.0,,,Hajime no Ippo: THE FIGHTING!,"comedy, drama, sports","Makunouchi Ippo has been bullied his entire life. Constantly running errands and being beaten up by his classmates, Ippo has always dreamed of changing himself, but never has the passion to act upon it. One day, in the midst of yet another bullying, Ippo is saved by Takamura Mamoru, who happens to be a boxer. Ippo faints from his injuries and is brought to the Kamogawa boxing gym to recover. As he regains consciousness, he is awed and amazed at his new surroundings in the gym, though lacks confidence to attempt anything. Takamura places a photo of Ippo's classmate on a punching bag and forces him to punch it. It is only then that Ippo feels something stir inside him and eventually asks Takamura to train him in boxing. Thinking that Ippo does not have what it takes, Takamura gives him a task deemed impossible and gives him a one week time limit. With a sudden desire to get stronger, for himself and his hard working mother, Ippo trains relentlessly to accomplish the task within the time limit. Thus Ippo's journey to the top of the boxing world begins.",2000,https://anilist.co/anime/263,anilist,anilist:263
Gabriel DropOut,,anime,,,7.3,121083.0,,,Gabriel Dropout,"comedy, slice of life, supernatural","An angel at the top of an angel school has descended to the human world! However, she has already acclimated to the life of the human world so much that she ends up leading a self-indulgent life, skipping school all the time and being absorbed in online games. Gabriel soon forgets about her original goal to make human beings happy and has turned into a lazy and hopeless angel, or a “sloppy angel” in short. Amazingly, she swears to continue to fully enjoy the pleasure of various entertainments of the human world.

(Source: Crunchyroll)",2017,https://anilist.co/anime/21878,anilist,anilist:21878
I've Been Killing Slimes for 300 Years and Maxed Out My Level,,anime,,,6.8,121057.0,,,"Slime Taoshite 300-nen, Shiranai Uchi ni Level MAX ni Nattemashita","adventure, comedy, fantasy, slice of life","An at-home comedy about a powerful girl who doesn’t work too hard!(⋈◍ ˃ᴗ˂ ◍)。✧♡

After dying of overwork in the real world, I’m reincarnated as an immortal witch, and I spend 300 years enjoying a relaxing life. At some point, though, I end up at level 99!
All those years spent killing slimes to make the money to pay the bills gave me a ton of experience points… Rumors of the level 99 witch spread, and soon I’m up to my ears in curious adventurers, duelist dragons, and even a monster girl calling me her mom! “This isn’t a dojo, so don’t come here to fight me…!”

I’ve never been on an adventure, but I’m the strongest in the world… What’s going to happen to my relaxing life?!

(Source: Crunchyroll)",2021,https://anilist.co/anime/112608,anilist,anilist:112608
Rent-a-Girlfriend Season 2,,anime,,,6.5,120392.0,,,"Kanojo, Okarishimasu 2nd Season","comedy, drama, romance","The second season of Kanojo, Okarishimasu. 
A hopeless college student, Kazuya Kinoshita, meets a graceful rental girlfriend, Chizuru Ichinose, and ends up introducing her as 
his girlfriend to his family and friends. Time goes on with Kazuya unable to tell the truth, as he's surrounded by devilish ex-girlfriend Mami Nanami, who keeps coming back to tempt him for some reason, hyper-aggressive provisional girlfriend Ruka Sarashina, who doesn't know how to take no for an answer, and super shy but diligent and hardworking younger rental girlfriend, Sumi Sakurasawa… beautiful girlfriends of all types! The pub, the beach, hot springs, Christmas, and New Year’s… Having gone through these challenging events, Kazuya's feelings for Chizuru keep growing stronger. But she reveals a shocking truth that threatens to shake their ""relationship"" to the very core!

(Source: Crunchyroll, edited)",2022,https://anilist.co/anime/124410,anilist,anilist:124410
Kaguya-sama: Love is War -The First Kiss That Never Ends-,,anime,,,8.7,120339.0,,,Kaguya-sama wa Kokurasetai: First Kiss wa Owaranai,"comedy, psychological, romance, slice of life","Shuchiin Academy’s student council room: the place where Student Council Vice President Kaguya Shinomiya and President Miyuki Shirogane met. After a long battle in love, these two geniuses communicated their feelings and, at the Hoshin Festival, had their very first kiss. However, there was no clear confession of love. The relationship between these two, who assumed they would be a couple, remains ambiguous. Now, overly conscious of their feelings, they must face the biggest challenge yet: Christmas. It’s Shirogane who wants it to be perfect versus Kaguya who pursues the imperfect situation. This is the very “normal” love story of two geniuses and the first kiss that never ends.

(Source: Aniplex of America)

Note: The anime first premiered in theaters across Japan on December 17, 2022. It was later split into 2 parts on TV, and 4 episodes on streaming, and Blu-Ray/DVD.",2023,https://anilist.co/anime/151384,anilist,anilist:151384
BAKI,,anime,,,7.2,120016.0,,,Baki,"action, sports","The protagonist, Baki Hanma, trains with an intense focus to become strong enough to surpass his father, Yujiro Hanma, the strongest fighter in the world. Five of the world's most violent and brutal death row inmates are gathering to face Baki. Their objective is to taste defeat -- their unmatched strength and skill have led them to grow bored of life itself, and they now seek out Baki in the hopes that he can overwhelm and utterly crush them. In this crisis, other underground martial art warriors gather to fight by Baki's side: Kaoru Hanayama, Gouki Shibukawa, Retsu Kaioh, and Doppo Orochi. An epic showdown between violent death row inmates and Baki and his friends begins!

(Source: Netflix)",2018,https://anilist.co/anime/97888,anilist,anilist:97888
Plunderer,,anime,,,6.2,119973.0,,,Plunderer,"action, adventure, comedy, drama, ecchi, fantasy, romance","Every human inhabiting the world of Alcia is branded by a “Count” or a number written on their body. Depending on how each person lives their life, this Count either goes up or down. For Hina’s mother, her total drops to 0 and she’s pulled into the Abyss, never to be seen again. But her mother’s last words send Hina on a quest to find a legendary hero from the Waste War—the fabled Ace!

(Source: Funimation)",2020,https://anilist.co/anime/101168,anilist,anilist:101168
Fate/Apocrypha,,anime,,,6.9,119872.0,,,Fate/Apocrypha,"action, drama, fantasy, supernatural","There was once a Holy Grail War waged by Mages and Heroic Spirits in a town of Fuyuki. However, one Mage took advantage of the chaos of World War II to steal a Holy Grail. Several decades have passed, and the Yggdmillennia family, who took upon the Holy Grail as its symbol, defected from the Mages' Association. Furious, the Association sent forces to deal with the Yggdmillennia, but were defeated. With the Holy Grail system changed, war at an unprecedented scale breaks out.

(Source: Anime News Network)",2017,https://anilist.co/anime/98035,anilist,anilist:98035
Owarimonogatari,,anime,,,8.4,119838.0,,,Owarimonogatari,"drama, mystery, psychological, supernatural","Third and “Final Season” of the Monogatari Series, part 3/5. Contains the arcs Ougi Formula, Sodachi Riddle, Sodachi Lost and Shinobu Mail from the Owarimonogatari light novels.

During the month of October of his third year in high school, Koyomi Araragi is introduced to a transfer student named Ougi Oshino by his underclassman Suruga Kanbaru. Ougi tells Koyomi that she has something she wishes to consult with him. When she draws the map of Naoetsu High School, she finds something peculiar on there. This discovery reveals a tale that wasn’t meant to be told, and this makes Koyomi’s high school life totally different. This is the story that brings to light “what” makes Koyomi Araragi. This is the story that reveals the “beginning” of everything.

(Source: Aniplex)

Note: The first episode aired with a runtime of ~48 minutes as opposed to the standard 24 minute long episode.",2015,https://anilist.co/anime/21262,anilist,anilist:21262
Evangelion: 2.0 You Can (Not) Advance,,anime,,,8.1,119692.0,,,Evangelion Shin Movie: Ha,"action, drama, mecha, psychological, sci-fi","In the earliest battles against the monstrous Angels, young Eva pilots Shinji and Rei were forced to carry humanity's hopes on their shoulders. Now, with the deadly onslaught of the Angels escalating and the apocalyptic Third Impact looming, Shinji and Rei find their burden shared by two new Eva pilots, the fiery Asuka and the mysterious Mari. Maneuvering their enormous Eva machines into combat, the four young souls fight desperately to save mankind from the heavens—but will they be able to save themselves?
(Source: FUNimation)
Note: Exists in several versions, as denoted by the version number:
• 2.0: Jun 27, 2009 - Original theatrical release
• 2.22: May 26, 2010 - Blu-ray/DVD release with new scenes and 'readjustments'.",2009,https://anilist.co/anime/3784,anilist,anilist:3784
Oreshura,,anime,,,6.5,119421.0,,,Ore no Kanojo to Osananajimi ga Shuraba Sugiru,"comedy, romance","Eita enters high school aiming for the National University School of Medicine. Because of his parents' divorce—and his goal—he shuns anything to do with romance or love. One day, Masuzu, the school beauty with the silver hair who has just returned to the country, enters his life in a most unexpected way. Chiwa, his childhood friend since elementary school, will not let this go without a fight.",2013,https://anilist.co/anime/14749,anilist,anilist:14749
"More than a Married Couple, but Not Lovers.",,anime,,,7.5,119369.0,,,"Fuufu Ijou, Koibito Miman.","comedy, drama, ecchi, romance","Third-year high school student Jirou Yakuin hoped to partner with Shiori Sakurazaka of the same class in the mandatory ""Couple Practical"" course. In this practical, students must demonstrate that they have the necessary skillset to live with a partner of the opposite sex while presenting a certain level of harmony to the video surveillance that grades them.

Unfortunately, random chance put his slightly subdued self into the practical with the person polar opposite to him, the gyaru Akari Watanabe. Akari on the other hand hoped to be paired with her crush Minami Tenjin.

Their hopes are doubly dashed when they find out that Shiori and Minami are assigned together. Thus, they reluctantly decide to cooperate to reach the top ten, which would give them the right to exchange partners if both couples agree. To that end, Jirou steals Akari's first kiss without realizing what he'd done, while giving a hurried good-bye kiss...",2022,https://anilist.co/anime/141949,anilist,anilist:141949
Log Horizon 2,,anime,,,7.3,119262.0,,,Log Horizon 2,"action, adventure, fantasy","The second season of Log Horizon.

After struggling to survive in a surreal existence they were suddenly thrown into, Shiroe and his friends have managed to restore order to Akihabara by defending the people against the Goblins in the Zantleaf Region. After six long months with the team gaining the trust of the many guilds that use the city as their home base, they must now prepare for their unforeseen future – and a tough winter ahead. Once shy and a little standoffish, Shiroe has stepped up and shown that he can be a great leader. But can he keep Akatsuki, Naotsugu, and the rest of the gang together as they start to have differing opinions on their future course of action?  And will the clique agree to leave the safety of the holy land of Akihabara to head off to one of the other four cities and explore foreign lands of Elder Tale? Whatever they may decide, this world that was once a game for the players is now reality and they must decide what is best for each and every one of the members of the team.

(Source: Sentai Filmworks)",2014,https://anilist.co/anime/20671,anilist,anilist:20671
The Fragrant Flower Blooms With Dignity,,anime,,,8.6,119246.0,,,Kaoru Hana wa Rin to Saku,"comedy, drama, romance","Chidori High is a boys’ school that takes in the dregs of society with the lowest grades. Next door stands Kikyo Girls’ High, where the wealthy, high-class families send their precious daughters. Chidori second-year Rintarou, who has a fierce face but a gentle heart, is helping at his family’s patisserie when he meets a girl named Kaoruko. The two hit it off right away…but this blissful peace is quickly disturbed when Rintarou discovers that Kaoruko is actually a student at Kikyo. Worse, she doesn’t seem to realize what a huge problem this really is! Will these two be able to forge a path for themselves, and sidestep the traps (metaphorical and literal) laid by their classmates?

(Source: Kodansha USA)",2025,https://anilist.co/anime/181444,anilist,anilist:181444
BNA,,anime,,,7.2,119178.0,,,BNA,"action, comedy, fantasy","In the 21st century, the existence of animal-humans came to light after being hidden in the darkness of history. Michiru lived life as a normal human, until one day she suddenly turns into a tanuki-human. She runs away and takes refuge in a special city area called ""Anima City"" that was set up 10 years ago for animal-humans to be able to live as themselves. There Michiru meets Shirou, a wolf-human who hates humans. Through Shirou, Michiru starts to learn about the worries, lifestyle, and joys of the animal-humans. As Michiru and Shirou try to learn why Michiru suddenly turned into an animal-human, they unexpectedly get wrapped up in a large incident.

(Source: Anime News Network)

Note: The TV broadcast ended on June 25, 2020.",2020,https://anilist.co/anime/110354,anilist,anilist:110354
Castle in the Sky,,anime,,,8.0,119074.0,,,Tenkuu no Shiro Laputa,"adventure, fantasy, sci-fi","This high-flying adventure begins when Pazu, an engineer's apprentice, finds a young girl, Sheeta, floating down from the sky wearing a glowing pendant. Together they discover both are searching for a legendary floating castle, Laputa, and vow to unravel the mystery of the luminous crystal around Sheeta's neck. Their quest won't be easy, however. There are greedy air pirates, secret government agents and astounding obstacles to keep them from the truth, and from each other.
(Source: Disney)",1986,https://anilist.co/anime/513,anilist,anilist:513
Death March to the Parallel World Rhapsody,,anime,,,6.1,119013.0,,,Death March Kara Hajimaru Isekai Kyousoukyoku,"action, adventure, comedy, fantasy","The story of the light novel series and manga follows a 29-year-old programmer who is on a ""death march,"" but one day he wakes up in another world after a nap. From a meteor shower he happens to gain vast riches, and he decides to go sightseeing. So begins his ""heartwarming, occasionally serious, and harem"" adventure in another world.

(Source: Anime News Network)",2018,https://anilist.co/anime/97907,anilist,anilist:97907
Girls' Last Tour,,anime,,,8.1,118973.0,,,Shoujo Shuumatsu Ryokou,"adventure, sci-fi, slice of life","Civilization is dead, but Chito and Yuuri are still alive. So they hop aboard their beloved Kettenkrad motorbike and aimlessly wander the ruins of the world they once knew. Day after hopeless day, they look for their next meal and fuel for their ride. But as long as the two are together, even an existence as bleak as theirs has a ray or two of sunshine in it, whether they're sucking down their fill of soup or hunting for machine parts to tinker with. For two girls in a world full of nothing, the experiences and feelings the two share give them something to live for…

(Source: Yen Press)",2017,https://anilist.co/anime/99420,anilist,anilist:99420
Attack on Titan OVA,,anime,,,7.6,118860.0,,,Shingeki no Kyojin OVA,"action, drama, fantasy, mystery","OVA 1: An old journal is found by Levi and Erwin when they conduct the surveillance operation outside the wall. The contents of ""Ilse's Journal"" result in some unexpected actions from Hange.

OVA 2: Another story of the 104th Trainee Squad.

OVA 3: Will depict a ""memorable episode before the 104th Training Corps became unified.""

(Source: Anime News Network)",2013,https://anilist.co/anime/18397,anilist,anilist:18397
High-Rise Invasion,,anime,,,6.5,118573.0,,,Tenkuu Shinpan,"action, horror, mystery","High school student Yuri Honjou finds herself lost in an “abnormal space” where countless skyscrapers are connected by suspension bridges and “masked figures” mercilessly slaughter their confused and fleeing victims. To survive in this hellish world, she has two choices: kill the masked figures or be killed. Yuri is determined to survive in order to destroy this irrational world, but what will be her ultimate fate?

(Source: Netflix)",2021,https://anilist.co/anime/125428,anilist,anilist:125428
Infinite Stratos,,anime,,,6.1,118499.0,,,IS: Infinite Stratos,"action, comedy, ecchi, mecha, romance, sci-fi","Japan engineered an armed powered exoskeleton ""Infinite Stratos"" (IS) and it became the mainstream of weapons. Since only women can operate IS, women dominate the society over men. Orimura Ichika is a 15 year old boy and accidentally touches an IS placed in the IS pilot training school. He is found to be the only man who can operate IS and forced to enter the training school. Ichika's busy school life surrounded by girls has begun.",2011,https://anilist.co/anime/9041,anilist,anilist:9041
Golden Kamuy,,anime,,,7.7,118481.0,,,Golden Kamuy,"action, adventure, comedy","In the early twentieth century, Russo-Japanese War veteran Saichi “Immortal” Sugimoto scratches out a meager existence during the postwar gold rush in the wilderness of Hokkaido. When he stumbles across a map to a fortune in hidden Ainu gold, he sets off on a treacherous quest to find it. But Sugimoto is not the only interested party, and everyone who knows about the gold will kill to possess it! Faced with the harsh conditions of the northern wilderness, ruthless criminals and rogue Japanese soldiers, Sugimoto will need all his skills and luck—and the help of an Ainu girl named Asirpa—to survive.

(Source: Viz Media)",2018,https://anilist.co/anime/99699,anilist,anilist:99699
DRIFTERS,,anime,,,7.5,118255.0,,,DRIFTERS,"action, adventure, comedy, fantasy","The story centers around Shimazu Toyohisa, the real-life samurai who fought in the pivotal Battle of Sekigahara. In his dying moments, Shimazu is transported to a world of magic with other famous warriors throughout history. These warriors are forced to fight each other in an endless battle.

(Source: Anime News Network)",2016,https://anilist.co/anime/21123,anilist,anilist:21123
The Daily Life of the Immortal King,,anime,,,7.3,118162.0,,,Xian Wang De Richang Shenghuo,"action, adventure, comedy, fantasy, slice of life","Wang Ling is a high school student with a cool and carefree demeanor. Coming off as someone with a very low spiritual force, he actually possesses a power capable of destroying the world at a moment's notice. To mitigate the volatile force within him, his parents have resorted to using an amulet as a temporary solution. However, the amulet weakens over time and Wang Ling's emotions also accelerate its deterioration. Now with the amulet on the verge of breaking, Wang Ling and his father race against time in order to fix it.",0,https://anilist.co/anime/114121,anilist,anilist:114121
We Never Learn: BOKUBEN,,anime,,,7.0,118043.0,,,Bokutachi wa Benkyou ga Dekinai,"comedy, ecchi, romance, slice of life","His late father always said that a useless man should strive to be useful, so to that end, third-year high school student Nariyuki Yuiga dedicated himself to becoming a high-achieving student in his school, despite his history of poor grades. In order to give his destitute family a better life, his ultimate goal is to obtain the special VIP nomination, a prestigious scholarship covering all future university tuition fees. Although Nariyuki could feasibly be a shoe-in for the nomination, he is constantly overshadowed by classmates Rizu Ogata and Fumino Furuhashi in mathematics and literature, respectively.

To his delight, Nariyuki receives the nomination, but there’s a catch: he has to tutor his two star classmates, who are each hopelessly mediocre at the other’s subject of expertise! To make matters worse, the subjects they are horrible at are the same subjects they want to pursue for their future. As the time to submit university applications draws nearer, Nariyuki must find an effective tutoring method for the girls before it’s too late.

(Source: Official Website)",2019,https://anilist.co/anime/103900,anilist,anilist:103900
